2026-04-23 10:28:13,277 - INFO - 使用设备: cpu
2026-04-23 10:28:13,278 - INFO - 🔍 加载模型中...
2026-04-23 10:28:13,620 - ERROR - ❌ 模型加载失败: 'gbk' codec can't encode character '\u274c' in position 0: illegal multibyte sequence
2026-04-23 10:28:13,624 - ERROR - ❌ 模型加载失败，退出程序
2026-04-23 10:28:43,763 - INFO - 使用设备: cpu
2026-04-23 10:28:43,765 - INFO - 🔍 加载模型中...
2026-04-23 10:28:43,893 - INFO - ✅ 模型加载完成
2026-04-23 10:28:43,893 - INFO - 📄 读取文件: D:\check_teset\test_files\test_error.docx
2026-04-23 10:28:43,925 - INFO - ✅ 读取成功，共 22 段
2026-04-23 10:28:43,925 - INFO - 📝 开始文本纠错...
2026-04-23 10:28:46,099 - INFO - ✅ 文本纠错完成，发现 11 个错别字
2026-04-23 10:28:46,100 - INFO - 📊 处理表格...
2026-04-23 10:28:46,475 - INFO - ✅ 表格处理完成
2026-04-23 10:28:46,475 - INFO - 🖼 处理文档内图片...
2026-04-23 10:28:46,493 - INFO - 📸 提取到 1 张图片
2026-04-23 10:28:46,493 - WARNING - Using CPU. Note: This module is much faster with a GPU.
2026-04-23 10:28:51,003 - INFO - ✅ 图片OCR处理完成
2026-04-23 10:28:51,003 - INFO - 🔢 检测图片编号...
2026-04-23 10:28:51,003 - INFO - ✅ 图片编号检测完成，发现 0 个问题
2026-04-23 10:28:51,003 - INFO - 📋 检测表格编号...
2026-04-23 10:28:51,003 - INFO - ✅ 表格编号检测完成，发现 0 个问题
2026-04-23 10:28:51,003 - INFO - 📚 检测参考文献...
2026-04-23 10:28:51,003 - INFO - 发现 6 条参考文献
2026-04-23 10:28:51,007 - INFO - ✅ 参考文献检测完成，发现 7 个问题
2026-04-23 10:28:51,007 - INFO - 💾 保存结果到: D:\check_teset\output\result.docx
2026-04-23 10:28:51,021 - INFO - ✅ 文件保存成功
2026-04-23 10:28:51,021 - INFO - 
============================================================
2026-04-23 10:28:51,021 - INFO - 📊 智能检测报告
2026-04-23 10:28:51,021 - INFO - ============================================================
2026-04-23 10:28:51,022 - INFO - 错别字: 11
2026-04-23 10:28:51,022 - INFO - 参考文献错误: 7
2026-04-23 10:28:51,022 - INFO - 总错误: 18
2026-04-23 10:28:51,023 - INFO - 
📄 错误详情：
2026-04-23 10:28:51,023 - INFO -   位置9：彧 → 域（置信度 0.992）
2026-04-23 10:28:51,024 - INFO -   位置18：椐 → 据（置信度 1.0）
2026-04-23 10:28:51,024 - INFO -   位置40：提 → 题（置信度 1.0）
2026-04-23 10:28:51,024 - INFO -   位置78：准 → 难（置信度 0.943）
2026-04-23 10:28:51,024 - INFO -   位置138：造 → 照（置信度 0.964）
2026-04-23 10:28:51,024 - INFO -   位置26：花 → 化（置信度 0.947）
2026-04-23 10:28:51,024 - INFO -   位置5：木 → 术（置信度 1.0）
2026-04-23 10:28:51,024 - INFO -   位置29：曾 → 增（置信度 0.971）
2026-04-23 10:28:51,025 - INFO -   位置75：影 → 景（置信度 0.958）
2026-04-23 10:28:51,025 - INFO -   位置22：楚 → 础（置信度 0.999）
2026-04-23 10:28:51,025 - INFO -   位置12：站 → 战（置信度 1.0）
2026-04-23 10:28:51,025 - INFO -   参考文献：[1] 张三 李四。推荐系统算法研究 J. 计算机应用，2022,42 (8) → 缺少文献类型 [J/M/C]（规范位置：标题后）
2026-04-23 10:28:51,025 - INFO -   参考文献：[2] 王五。协同过滤算法的改进与应用 [M] 北京：电子工业出版社 → 缺少年份（格式：4位数字，如2023）
2026-04-23 10:28:51,025 - INFO -   参考文献：[2] 王五。协同过滤算法的改进与应用 [M] 北京：电子工业出版社 → 结构不完整（规范：作者.标题[类型].期刊/出版社,年份,卷(期):页码.）
2026-04-23 10:28:51,025 - INFO -   参考文献：[4] 周八。推荐系统冷启动问题解决方法。微电子学与计算机，2021 → 缺少文献类型 [J/M/C]（规范位置：标题后）
2026-04-23 10:28:51,025 - INFO -   参考文献：[4] 周八。推荐系统冷启动问题解决方法。微电子学与计算机，2021 → 结构不完整（规范：作者.标题[类型].期刊/出版社,年份,卷(期):页码.）
2026-04-23 10:28:51,026 - INFO -   参考文献：[5] 吴九，郑十。知识图谱与推荐系统融合研究 [C] 全国人工智能学术会议. 2024:67-72 → 结构不完整（规范：作者.标题[类型].期刊/出版社,年份,卷(期):页码.）
2026-04-23 10:28:51,026 - INFO -   参考文献：[6] 冯十一。轻量化推荐模型设计与实现 [R] 深圳：中科院计算所，2023. → 结构不完整（规范：作者.标题[类型].期刊/出版社,年份,卷(期):页码.）
2026-04-23 10:28:51,026 - INFO - ============================================================
2026-04-23 10:28:51,026 - INFO - 
🎉 检测完成！结果已保存到: D:\check_teset\output\result.docx
2026-04-23 10:46:54,256 - INFO - 使用设备: cpu
2026-04-23 10:46:54,256 - INFO - 🔍 加载模型中...
2026-04-23 10:46:54,640 - INFO - ✅ 模型加载完成
2026-04-23 10:46:54,640 - INFO - 📄 读取文件: D:\check_teset\test_files\test_error.docx
2026-04-23 10:46:54,668 - INFO - ✅ 读取成功，共 22 段
2026-04-23 10:46:54,668 - INFO - 📝 开始文本纠错...
2026-04-23 10:46:57,779 - INFO - ✅ 文本纠错完成，发现 11 个错别字
2026-04-23 10:46:57,779 - INFO - 📊 处理表格...
2026-04-23 10:46:58,468 - INFO - ✅ 表格处理完成
2026-04-23 10:46:58,469 - INFO - 🖼 处理文档内图片...
2026-04-23 10:46:58,473 - INFO - 📸 提取到 1 张图片
2026-04-23 10:46:58,473 - WARNING - Using CPU. Note: This module is much faster with a GPU.
2026-04-23 10:47:04,693 - INFO - ✅ 图片OCR处理完成
2026-04-23 10:47:04,693 - INFO - 🔢 检测图片编号...
2026-04-23 10:47:04,693 - INFO - ✅ 图片编号检测完成，发现 0 个问题
2026-04-23 10:47:04,693 - INFO - 📋 检测表格编号...
2026-04-23 10:47:04,693 - INFO - ✅ 表格编号检测完成，发现 0 个问题
2026-04-23 10:47:04,693 - INFO - 📚 检测参考文献...
2026-04-23 10:47:04,695 - INFO - 发现 6 条参考文献
2026-04-23 10:47:04,697 - INFO - ✅ 参考文献检测完成，发现 3 个问题
2026-04-23 10:47:04,698 - INFO - 💾 保存结果到: D:\check_teset\output\result.docx
2026-04-23 10:47:04,734 - INFO - ✅ 文件保存成功
2026-04-23 10:47:04,734 - INFO - 
============================================================
2026-04-23 10:47:04,734 - INFO - 📊 智能检测报告
2026-04-23 10:47:04,734 - INFO - ============================================================
2026-04-23 10:47:04,734 - INFO - 错别字: 11
2026-04-23 10:47:04,736 - INFO - 参考文献错误: 3
2026-04-23 10:47:04,736 - INFO - 总错误: 14
2026-04-23 10:47:04,737 - INFO - 
📄 错误详情：
2026-04-23 10:47:04,737 - INFO -   位置9：彧 → 域（置信度 0.992）
2026-04-23 10:47:04,737 - INFO -   位置18：椐 → 据（置信度 1.0）
2026-04-23 10:47:04,737 - INFO -   位置40：提 → 题（置信度 1.0）
2026-04-23 10:47:04,737 - INFO -   位置78：准 → 难（置信度 0.943）
2026-04-23 10:47:04,737 - INFO -   位置138：造 → 照（置信度 0.964）
2026-04-23 10:47:04,737 - INFO -   位置26：花 → 化（置信度 0.947）
2026-04-23 10:47:04,737 - INFO -   位置5：木 → 术（置信度 1.0）
2026-04-23 10:47:04,737 - INFO -   位置29：曾 → 增（置信度 0.971）
2026-04-23 10:47:04,737 - INFO -   位置75：影 → 景（置信度 0.958）
2026-04-23 10:47:04,737 - INFO -   位置22：楚 → 础（置信度 0.999）
2026-04-23 10:47:04,739 - INFO -   位置12：站 → 战（置信度 1.0）
2026-04-23 10:47:04,739 - INFO -   参考文献：[1] 张三 李四。推荐系统算法研究 J. 计算机应用，2022,42 (8) → 缺少文献类型标识（如[J]期刊、[M]专著、[D]学位论文）
2026-04-23 10:47:04,739 - INFO -   参考文献：[2] 王五。协同过滤算法的改进与应用 [M] 北京：电子工业出版社 → 缺少年份（应为4位数字，如2023）
2026-04-23 10:47:04,739 - INFO -   参考文献：[4] 周八。推荐系统冷启动问题解决方法。微电子学与计算机，2021 → 缺少文献类型标识（如[J]期刊、[M]专著、[D]学位论文）
2026-04-23 10:47:04,739 - INFO - ============================================================
2026-04-23 10:47:04,739 - INFO - 
🎉 检测完成！结果已保存到: D:\check_teset\output\result.docx
2026-04-23 11:01:02,058 - INFO - 使用设备: cpu
2026-04-23 11:01:02,058 - INFO - 🔍 加载模型中...
2026-04-23 11:01:02,718 - INFO - ✅ 模型加载完成
2026-04-23 11:01:02,718 - INFO - 📄 读取文件: D:\check_teset\test_files\test_error.docx
2026-04-23 11:01:02,759 - INFO - ✅ 读取成功，共 22 段
2026-04-23 11:01:02,759 - INFO - 📝 开始文本纠错...
2026-04-23 11:01:06,664 - INFO - ✅ 文本纠错完成，发现 10 个错别字
2026-04-23 11:01:06,664 - INFO - 🔍 开始语法检测...
2026-04-23 11:01:06,696 - INFO - ✅ 语法检测完成，发现 35 个语法问题
2026-04-23 11:01:06,696 - INFO - 📊 处理表格...
2026-04-23 11:01:07,506 - INFO - ✅ 表格处理完成
2026-04-23 11:01:07,506 - INFO - 🖼 处理文档内图片...
2026-04-23 11:01:07,518 - INFO - 📸 提取到 1 张图片
2026-04-23 11:01:07,518 - WARNING - Using CPU. Note: This module is much faster with a GPU.
2026-04-23 11:01:21,835 - INFO - ✅ 图片OCR处理完成
2026-04-23 11:01:21,835 - INFO - 🔢 检测图片编号...
2026-04-23 11:01:21,835 - INFO - ✅ 图片编号检测完成，发现 0 个问题
2026-04-23 11:01:21,837 - INFO - 📋 检测表格编号...
2026-04-23 11:01:21,837 - INFO - ✅ 表格编号检测完成，发现 0 个问题
2026-04-23 11:01:21,838 - INFO - 📚 检测参考文献...
2026-04-23 11:01:21,839 - INFO - 发现 6 条参考文献
2026-04-23 11:01:21,847 - INFO - ✅ 参考文献检测完成，发现 3 个问题
2026-04-23 11:01:21,847 - INFO - 💾 保存结果到: D:\check_teset\output\result.docx
2026-04-23 11:01:21,952 - INFO - ✅ 文件保存成功
2026-04-23 11:01:21,953 - INFO - 
============================================================
2026-04-23 11:01:21,953 - INFO - 📊 智能检测报告
2026-04-23 11:01:21,954 - INFO - ============================================================
2026-04-23 11:01:21,954 - INFO - 错别字: 10
2026-04-23 11:01:21,954 - INFO - 参考文献错误: 3
2026-04-23 11:01:21,954 - INFO - 总错误: 13
2026-04-23 11:01:21,954 - INFO - 
📄 错误详情：
2026-04-23 11:01:21,954 - INFO -   位置9：彧 → 域（置信度 0.992）
2026-04-23 11:01:21,954 - INFO -   位置18：椐 → 据（置信度 1.0）
2026-04-23 11:01:21,954 - INFO -   位置40：提 → 题（置信度 1.0）
2026-04-23 11:01:21,954 - INFO -   位置138：造 → 照（置信度 0.964）
2026-04-23 11:01:21,954 - INFO -   位置26：花 → 化（置信度 0.947）
2026-04-23 11:01:21,958 - INFO -   位置5：木 → 术（置信度 1.0）
2026-04-23 11:01:21,958 - INFO -   位置29：曾 → 增（置信度 0.971）
2026-04-23 11:01:21,958 - INFO -   位置75：影 → 景（置信度 0.958）
2026-04-23 11:01:21,958 - INFO -   位置22：楚 → 础（置信度 0.999）
2026-04-23 11:01:21,958 - INFO -   位置12：站 → 战（置信度 1.0）
2026-04-23 11:01:21,958 - INFO -   参考文献：[1] 张三 李四。推荐系统算法研究 J. 计算机应用，2022,42 (8) → 缺少文献类型标识（如[J]期刊、[M]专著、[D]学位论文）
2026-04-23 11:01:21,958 - INFO -   参考文献：[2] 王五。协同过滤算法的改进与应用 [M] 北京：电子工业出版社 → 缺少年份（应为4位数字，如2023）
2026-04-23 11:01:21,962 - INFO -   参考文献：[4] 周八。推荐系统冷启动问题解决方法。微电子学与计算机，2021 → 缺少文献类型标识（如[J]期刊、[M]专著、[D]学位论文）
2026-04-23 11:01:21,962 - INFO - ============================================================
2026-04-23 11:01:21,963 - INFO - 
🎉 检测完成！结果已保存到: D:\check_teset\output\result.docx
2026-04-23 14:02:06,439 - INFO - 使用设备: cpu
2026-04-23 14:02:06,440 - INFO - 🔍 加载模型中...
2026-04-23 14:02:06,673 - INFO - ✅ 模型加载完成
2026-04-23 14:02:06,673 - INFO - 📄 读取文件: D:\check_teset\test_files\test_error.docx
2026-04-23 14:02:06,689 - INFO - ✅ 读取成功，共 22 段
2026-04-23 14:02:06,689 - INFO - 📝 开始文本纠错...
2026-04-23 14:02:08,508 - INFO - ✅ 文本纠错完成，发现 10 个错别字
2026-04-23 14:02:08,509 - INFO - 🔍 开始语法检测...
2026-04-23 14:02:08,518 - INFO - ✅ 语法检测完成，发现 35 个语法问题，3 个语义问题
2026-04-23 14:02:08,518 - INFO - 📊 处理表格...
2026-04-23 14:02:08,954 - INFO - ✅ 表格处理完成
2026-04-23 14:02:08,954 - INFO - 🖼 处理文档内图片...
2026-04-23 14:02:08,970 - INFO - 📸 提取到 1 张图片
2026-04-23 14:02:08,972 - WARNING - Using CPU. Note: This module is much faster with a GPU.
2026-04-23 14:02:12,424 - INFO - ✅ 图片OCR处理完成
2026-04-23 14:02:12,425 - INFO - 🔢 检测图片编号...
2026-04-23 14:02:12,426 - INFO - ✅ 图片编号检测完成，发现 0 个问题
2026-04-23 14:02:12,426 - INFO - 📋 检测表格编号...
2026-04-23 14:02:12,426 - INFO - ✅ 表格编号检测完成，发现 0 个问题
2026-04-23 14:02:12,426 - INFO - 📚 检测参考文献...
2026-04-23 14:02:12,427 - INFO - 发现 6 条参考文献
2026-04-23 14:02:12,811 - INFO - ✅ 参考文献检测完成，发现 3 个问题
2026-04-23 14:02:12,812 - INFO - 💾 保存结果到: D:\check_teset\output\result.docx
2026-04-23 14:02:12,851 - INFO - ✅ 文件保存成功
2026-04-23 14:02:12,851 - INFO - 
============================================================
2026-04-23 14:02:12,851 - INFO - 📊 智能检测报告
2026-04-23 14:02:12,853 - INFO - ============================================================
2026-04-23 14:02:12,853 - INFO - 错别字: 10
2026-04-23 14:02:12,853 - INFO - 参考文献错误: 3
2026-04-23 14:02:12,853 - INFO - 总错误: 13
2026-04-23 14:02:12,853 - INFO - 
📄 错误详情：
2026-04-23 14:02:12,853 - INFO -   位置9：彧 → 域（置信度 0.992）
2026-04-23 14:02:12,853 - INFO -   位置18：椐 → 据（置信度 1.0）
2026-04-23 14:02:12,853 - INFO -   位置40：提 → 题（置信度 1.0）
2026-04-23 14:02:12,853 - INFO -   位置138：造 → 照（置信度 0.964）
2026-04-23 14:02:12,853 - INFO -   位置26：花 → 化（置信度 0.947）
2026-04-23 14:02:12,853 - INFO -   位置5：木 → 术（置信度 1.0）
2026-04-23 14:02:12,853 - INFO -   位置29：曾 → 增（置信度 0.971）
2026-04-23 14:02:12,853 - INFO -   位置75：影 → 景（置信度 0.958）
2026-04-23 14:02:12,853 - INFO -   位置22：楚 → 础（置信度 0.999）
2026-04-23 14:02:12,853 - INFO -   位置12：站 → 战（置信度 1.0）
2026-04-23 14:02:12,853 - INFO -   参考文献：[1] 张三 李四。推荐系统算法研究 J. 计算机应用，2022,42 (8) → 缺少文献类型标识（如[J]期刊、[M]专著、[D]学位论文）
2026-04-23 14:02:12,857 - INFO -   参考文献：[2] 王五。协同过滤算法的改进与应用 [M] 北京：电子工业出版社 → 缺少年份（应为4位数字，如2023）
2026-04-23 14:02:12,857 - INFO -   参考文献：[4] 周八。推荐系统冷启动问题解决方法。微电子学与计算机，2021 → 缺少文献类型标识（如[J]期刊、[M]专著、[D]学位论文）
2026-04-23 14:02:12,857 - INFO - ============================================================
2026-04-23 14:02:12,857 - INFO - 
🎉 检测完成！结果已保存到: D:\check_teset\output\result.docx
2026-04-23 14:38:31,085 - INFO - 使用设备: cpu
2026-04-23 14:38:31,086 - INFO - 🔍 加载模型中...
2026-04-23 14:38:31,650 - INFO - ✅ 模型加载完成
2026-04-23 14:38:31,650 - INFO - 📄 读取文件: D:\check_teset\test_files\test_error.docx
2026-04-23 14:38:31,689 - INFO - ✅ 读取成功，共 22 段
2026-04-23 14:38:31,690 - INFO - 📝 开始文本纠错...
2026-04-23 14:38:35,156 - INFO - ✅ 文本纠错完成，发现 10 个错别字，11 个词组错误
2026-04-23 14:38:35,156 - INFO - 🔍 开始语法检测...
2026-04-23 14:38:35,186 - INFO - ✅ 语法检测完成，发现 46 个语法问题，3 个语义问题
2026-04-23 14:38:35,195 - INFO - 📊 处理表格...
2026-04-23 14:38:35,865 - INFO - ✅ 表格处理完成
2026-04-23 14:38:35,865 - INFO - 🖼 处理文档内图片...
2026-04-23 14:38:35,871 - INFO - 📸 提取到 1 张图片
2026-04-23 14:38:35,872 - WARNING - Using CPU. Note: This module is much faster with a GPU.
2026-04-23 14:38:43,577 - INFO - ✅ 图片OCR处理完成
2026-04-23 14:38:43,580 - INFO - 🔢 检测图片编号...
2026-04-23 14:38:43,581 - INFO - ✅ 图片编号检测完成，发现 0 个问题
2026-04-23 14:38:43,581 - INFO - 📋 检测表格编号...
2026-04-23 14:38:43,581 - INFO - ✅ 表格编号检测完成，发现 0 个问题
2026-04-23 14:38:43,581 - INFO - 📚 检测参考文献...
2026-04-23 14:38:43,581 - INFO - 发现 6 条参考文献
2026-04-23 14:38:44,391 - INFO - ✅ 参考文献检测完成，发现 3 个问题
2026-04-23 14:38:44,391 - INFO - 💾 保存结果到: D:\check_teset\output\result.docx
2026-04-23 14:38:44,489 - INFO - ✅ 文件保存成功
2026-04-23 14:38:44,489 - INFO - 
============================================================
2026-04-23 14:38:44,491 - INFO - 📊 智能检测报告
2026-04-23 14:38:44,491 - INFO - ============================================================
2026-04-23 14:38:44,492 - INFO - 错别字: 10
2026-04-23 14:38:44,492 - INFO - 参考文献错误: 3
2026-04-23 14:38:44,494 - INFO - 总错误: 13
2026-04-23 14:38:44,495 - INFO - 
📄 错误详情：
2026-04-23 14:38:44,495 - INFO -   位置9：彧 → 域（置信度 0.992）
2026-04-23 14:38:44,495 - INFO -   位置18：椐 → 据（置信度 1.0）
2026-04-23 14:38:44,495 - INFO -   位置40：提 → 题（置信度 1.0）
2026-04-23 14:38:44,496 - INFO -   位置138：造 → 照（置信度 0.964）
2026-04-23 14:38:44,496 - INFO -   位置26：花 → 化（置信度 0.947）
2026-04-23 14:38:44,497 - INFO -   位置5：木 → 术（置信度 1.0）
2026-04-23 14:38:44,497 - INFO -   位置29：曾 → 增（置信度 0.971）
2026-04-23 14:38:44,497 - INFO -   位置75：影 → 景（置信度 0.958）
2026-04-23 14:38:44,497 - INFO -   位置22：楚 → 础（置信度 0.999）
2026-04-23 14:38:44,497 - INFO -   位置12：站 → 战（置信度 1.0）
2026-04-23 14:38:44,497 - INFO -   参考文献：[1] 张三 李四。推荐系统算法研究 J. 计算机应用，2022,42 (8) → 缺少文献类型标识（如[J]期刊、[M]专著、[D]学位论文）
2026-04-23 14:38:44,497 - INFO -   参考文献：[2] 王五。协同过滤算法的改进与应用 [M] 北京：电子工业出版社 → 缺少年份（应为4位数字，如2023）
2026-04-23 14:38:44,497 - INFO -   参考文献：[4] 周八。推荐系统冷启动问题解决方法。微电子学与计算机，2021 → 缺少文献类型标识（如[J]期刊、[M]专著、[D]学位论文）
2026-04-23 14:38:44,497 - INFO - ============================================================
2026-04-23 14:38:44,497 - INFO - 
🎉 检测完成！结果已保存到: D:\check_teset\output\result.docx
2026-04-25 22:50:03,935 - INFO - 使用设备: cpu
2026-04-25 22:50:03,936 - INFO - 🔍 加载模型中... (模式: finetuned)
2026-04-25 22:50:03,936 - INFO - 📦 加载微调模型: macbert_finetuned + pycorrector
2026-04-25 22:50:04,066 - INFO - ✅ 模型加载完成
2026-04-25 22:50:04,066 - INFO - 📄 读取文件: d:\check_teset\test_files\test_error.docx
2026-04-25 22:50:04,180 - INFO - ✅ 读取成功，共 22 段
2026-04-25 22:50:04,180 - INFO - 📝 开始文本纠错...
2026-04-25 22:50:23,504 - INFO - ✅ 文本纠错完成，发现 20 个错别字
2026-04-25 22:50:23,504 - INFO - 🔍 开始语法检测...
2026-04-25 22:50:23,523 - INFO - ✅ 语法检测完成，发现 42 个语法问题，3 个语义问题
2026-04-25 22:50:23,524 - INFO - 📊 处理表格...
2026-04-25 22:50:23,904 - INFO - ✅ 表格处理完成
2026-04-25 22:50:23,905 - INFO - 🖼 处理文档内图片...
2026-04-25 22:50:23,910 - INFO - 📸 提取到 1 张图片
2026-04-25 22:50:23,913 - WARNING - Using CPU. Note: This module is much faster with a GPU.
2026-04-25 22:50:28,902 - INFO - ✅ 图片OCR处理完成
2026-04-25 22:50:28,902 - INFO - 🔢 检测图片编号...
2026-04-25 22:50:28,903 - INFO - ✅ 图片编号检测完成，发现 0 个问题
2026-04-25 22:50:28,903 - INFO - 📋 检测表格编号...
2026-04-25 22:50:28,904 - INFO - ✅ 表格编号检测完成，发现 0 个问题
2026-04-25 22:50:28,904 - INFO - 📚 检测参考文献...
2026-04-25 22:50:28,905 - INFO - 发现 6 条参考文献
2026-04-25 22:50:31,862 - INFO - ✅ 参考文献检测完成，发现 3 个问题
2026-04-25 22:50:31,862 - INFO - 💾 保存结果到: d:\check_teset\output\result.docx
2026-04-25 22:50:31,874 - INFO - ✅ 文件保存成功
2026-04-25 22:50:31,875 - INFO - 
============================================================
2026-04-25 22:50:31,876 - INFO - 📊 智能检测报告
2026-04-25 22:50:31,876 - INFO - ============================================================
2026-04-25 22:50:31,876 - INFO - 错别字: 28
2026-04-25 22:50:31,876 - INFO - 参考文献错误: 3
2026-04-25 22:50:31,876 - INFO - 总错误: 31
2026-04-25 22:50:31,877 - INFO - 
📄 错误详情：
2026-04-25 22:50:31,877 - INFO -   位置124：希疏 → 稀疏（常见错误词替换）
2026-04-25 22:50:31,878 - INFO -   位置8：领彧 → 领域（常见错误词替换）
2026-04-25 22:50:31,878 - INFO -   位置17：根椐 → 根据（常见错误词替换）
2026-04-25 22:50:31,879 - INFO -   位置39：问提 → 问题（常见错误词替换）
2026-04-25 22:50:31,879 - INFO -   位置25：符和 → 符合（常见错误词替换）
2026-04-25 22:50:31,879 - INFO -   位置26：花 → 化（置信度 1.0）
2026-04-25 22:50:31,879 - INFO -   位置5：木 → 术（置信度 1.0）
2026-04-25 22:50:31,879 - INFO -   位置29：曾 → 增（置信度 0.97）
2026-04-25 22:50:31,879 - INFO -   位置22：楚 → 础（置信度 0.998）
2026-04-25 22:50:31,880 - INFO -   位置64：拟和 → 拟合（常见错误词替换）
2026-04-25 22:50:31,880 - INFO -   位置63：过拟和 → 过拟合（常见错误词替换）
2026-04-25 22:50:31,880 - INFO -   位置12：站 → 战（置信度 0.999）
2026-04-25 22:50:31,880 - INFO -   位置36：( → （（置信度 1.0）
2026-04-25 22:50:31,880 - INFO -   位置38：) → ）（置信度 0.98）
2026-04-25 22:50:31,880 - INFO -   位置14：问 → 动（置信度 1.0）
2026-04-25 22:50:31,880 - INFO -   位置15：题 → 问（置信度 1.0）
2026-04-25 22:50:31,880 - INFO -   位置26：计 → 与（置信度 1.0）
2026-04-25 22:50:31,881 - INFO -   位置27：算 → 计（置信度 1.0）
2026-04-25 22:50:31,881 - INFO -   位置28：机 → 算（置信度 1.0）
2026-04-25 22:50:31,881 - INFO -   位置39：. → 。（置信度 0.998）
2026-04-25 22:50:31,881 - INFO -   位置36：( → （（置信度 1.0）
2026-04-25 22:50:31,881 - INFO -   位置38：) → ）（置信度 0.98）
2026-04-25 22:50:31,881 - INFO -   参考文献：[1] 张三 李四。推荐系统算法研究 J. 计算机应用，2022,42 (8) → 缺少文献类型标识（如[J]期刊、[M]专著、[D]学位论文）
2026-04-25 22:50:31,881 - INFO -   参考文献：[2] 王五。协同过滤算法的改进与应用 [M] 北京：电子工业出版社 → 缺少年份（应为4位数字，如2023）
2026-04-25 22:50:31,881 - INFO -   位置14：问 → 动（置信度 1.0）
2026-04-25 22:50:31,881 - INFO -   位置15：题 → 问（置信度 1.0）
2026-04-25 22:50:31,882 - INFO -   位置26：计 → 与（置信度 1.0）
2026-04-25 22:50:31,882 - INFO -   位置27：算 → 计（置信度 1.0）
2026-04-25 22:50:31,882 - INFO -   位置28：机 → 算（置信度 1.0）
2026-04-25 22:50:31,882 - INFO -   参考文献：[4] 周八。推荐系统冷启动问题解决方法。微电子学与计算机，2021 → 缺少文献类型标识（如[J]期刊、[M]专著、[D]学位论文）
2026-04-25 22:50:31,882 - INFO -   位置39：. → 。（置信度 0.998）
2026-04-25 22:50:31,882 - INFO - ============================================================
2026-04-25 22:50:31,882 - INFO - 
🎉 检测完成！结果已保存到: d:\check_teset\output\result.docx
2026-04-25 22:52:44,083 - INFO - 使用设备: cpu
2026-04-25 22:52:44,083 - INFO - 🔍 加载模型中... (模式: finetuned)
2026-04-25 22:52:44,083 - INFO - 📦 加载微调模型: macbert_finetuned + pycorrector
2026-04-25 22:52:44,217 - INFO - ✅ 模型加载完成
2026-04-25 22:52:44,217 - INFO - 📄 读取文件: d:\check_teset\test_files\test_error.docx
2026-04-25 22:52:44,229 - INFO - ✅ 读取成功，共 39 段
2026-04-25 22:52:44,230 - INFO - 📝 开始文本纠错...
2026-04-25 22:53:10,243 - INFO - ✅ 文本纠错完成，发现 96 个错别字
2026-04-25 22:53:10,244 - INFO - 🔍 开始语法检测...
2026-04-25 22:53:10,264 - INFO - ✅ 语法检测完成，发现 71 个语法问题，3 个语义问题
2026-04-25 22:53:10,264 - INFO - 📊 处理表格...
2026-04-25 22:53:10,598 - INFO - ✅ 表格处理完成
2026-04-25 22:53:10,598 - INFO - 🖼 处理文档内图片...
2026-04-25 22:53:10,603 - INFO - 📸 提取到 1 张图片
2026-04-25 22:53:10,605 - WARNING - Using CPU. Note: This module is much faster with a GPU.
2026-04-25 22:53:14,965 - INFO - ✅ 图片OCR处理完成
2026-04-25 22:53:14,966 - INFO - 🔢 检测图片编号...
2026-04-25 22:53:14,966 - INFO - ✅ 图片编号检测完成，发现 0 个问题
2026-04-25 22:53:14,967 - INFO - 📋 检测表格编号...
2026-04-25 22:53:14,967 - INFO - ✅ 表格编号检测完成，发现 0 个问题
2026-04-25 22:53:14,968 - INFO - 📚 检测参考文献...
2026-04-25 22:53:14,968 - INFO - 发现 0 条参考文献
2026-04-25 22:53:14,968 - INFO - ✅ 参考文献检测完成，发现 0 个问题
2026-04-25 22:53:14,969 - INFO - 💾 保存结果到: d:\check_teset\output\result.docx
2026-04-25 22:53:14,986 - INFO - ✅ 文件保存成功
2026-04-25 22:53:14,986 - INFO - 
============================================================
2026-04-25 22:53:14,986 - INFO - 📊 智能检测报告
2026-04-25 22:53:14,987 - INFO - ============================================================
2026-04-25 22:53:14,987 - INFO - 错别字: 96
2026-04-25 22:53:14,987 - INFO - 参考文献错误: 0
2026-04-25 22:53:14,987 - INFO - 总错误: 96
2026-04-25 22:53:14,988 - INFO - 
📄 错误详情：
2026-04-25 22:53:14,988 - INFO -   位置124：希疏 → 稀疏（常见错误词替换）
2026-04-25 22:53:14,988 - INFO -   位置8：领彧 → 领域（常见错误词替换）
2026-04-25 22:53:14,988 - INFO -   位置17：根椐 → 根据（常见错误词替换）
2026-04-25 22:53:14,988 - INFO -   位置39：问提 → 问题（常见错误词替换）
2026-04-25 22:53:14,990 - INFO -   位置25：符和 → 符合（常见错误词替换）
2026-04-25 22:53:14,990 - INFO -   位置5：木 → 术（置信度 1.0）
2026-04-25 22:53:14,990 - INFO -   位置29：曾 → 增（置信度 0.967）
2026-04-25 22:53:14,990 - INFO -   位置22：楚 → 础（置信度 0.997）
2026-04-25 22:53:14,991 - INFO -   位置46：演 → 验（置信度 0.917）
2026-04-25 22:53:14,991 - INFO -   位置70：发 → 法（置信度 1.0）
2026-04-25 22:53:14,991 - INFO -   位置100：时 → 示（置信度 0.958）
2026-04-25 22:53:14,991 - INFO -   位置104：发 → 法（置信度 0.997）
2026-04-25 22:53:14,991 - INFO -   位置111：会 → 回（置信度 1.0）
2026-04-25 22:53:14,992 - INFO -   位置19：模形 → 模型（常见错误词替换）
2026-04-25 22:53:14,992 - INFO -   位置6：习学 → 学习（常见错误词替换）
2026-04-25 22:53:14,992 - INFO -   位置11：纠 → 本（置信度 1.0）
2026-04-25 22:53:14,992 - INFO -   位置12：错 → 纠（置信度 0.998）
2026-04-25 22:53:14,992 - INFO -   位置22：自 → ，（置信度 0.965）
2026-04-25 22:53:14,994 - INFO -   位置23：然 → 自（置信度 1.0）
2026-04-25 22:53:14,994 - INFO -   位置24：语 → 然（置信度 0.998）
2026-04-25 22:53:14,994 - INFO -   位置26：处 → 言（置信度 0.975）
2026-04-25 22:53:14,994 - INFO -   位置27：里 → 处（置信度 0.946）
2026-04-25 22:53:14,995 - INFO -   位置20：试 → 式（置信度 1.0）
2026-04-25 22:53:14,995 - INFO -   位置54：球 → 求（置信度 1.0）
2026-04-25 22:53:14,995 - INFO -   位置79：线 → 现（置信度 0.999）
2026-04-25 22:53:14,996 - INFO -   位置31：里 → 理（置信度 1.0）
2026-04-25 22:53:14,996 - INFO -   位置59：议 → 义（置信度 1.0）
2026-04-25 22:53:14,996 - INFO -   位置50：错识 → 错误（常见错误词替换）
2026-04-25 22:53:14,996 - INFO -   位置7：耍 → 要（置信度 1.0）
2026-04-25 22:53:14,997 - INFO -   位置35：发 → 法（置信度 1.0）
2026-04-25 22:53:14,997 - INFO -   位置13：网洛 → 网络（常见错误词替换）
2026-04-25 22:53:14,997 - INFO -   位置93：模形 → 模型（常见错误词替换）
2026-04-25 22:53:14,997 - INFO -   位置88：进一不 → 进一步（常见错误词替换）
2026-04-25 22:53:14,998 - INFO -   位置4：习学 → 学习（常见错误词替换）
2026-04-25 22:53:14,998 - INFO -   位置6：兴 → 学（置信度 0.996）
2026-04-25 22:53:14,998 - INFO -   位置7：起 → 习（置信度 0.985）
2026-04-25 22:53:14,999 - INFO -   位置17：发 → 方（置信度 0.948）
2026-04-25 22:53:14,999 - INFO -   位置18：逐 → 方（置信度 0.974）
2026-04-25 22:53:14,999 - INFO -   位置50：纠 → 本（置信度 1.0）
2026-04-25 22:53:14,999 - INFO -   位置51：错 → 纠（置信度 0.97）
2026-04-25 22:53:15,000 - INFO -   位置53：取 → ，（置信度 0.973）
2026-04-25 22:53:15,000 - INFO -   位置55：一 → 得（置信度 0.999）
2026-04-25 22:53:15,000 - INFO -   位置58：国 → 效（置信度 0.999）
2026-04-25 22:53:15,000 - INFO -   位置86：够 → 架（置信度 0.912）
2026-04-25 22:53:15,000 - INFO -   位置88：进 → ，（置信度 0.999）
2026-04-25 22:53:15,001 - INFO -   位置90：步 → 一（置信度 0.98）
2026-04-25 22:53:15,001 - INFO -   位置95：性 → 型（置信度 0.997）
2026-04-25 22:53:15,001 - INFO -   位置96：恩 → 性（置信度 0.964）
2026-04-25 22:53:15,001 - INFO -   位置33：结国 → 结果（常见错误词替换）
2026-04-25 22:53:15,001 - INFO -   位置26：模形 → 模型（常见错误词替换）
2026-04-25 22:53:15,001 - INFO -   位置12：耍 → 要（置信度 1.0）
2026-04-25 22:53:15,001 - INFO -   位置22：如 → 入（置信度 1.0）
2026-04-25 22:53:15,003 - INFO -   位置36：岀 → 出（置信度 1.0）
2026-04-25 22:53:15,003 - INFO -   位置43：如 → 入（置信度 0.999）
2026-04-25 22:53:15,003 - INFO -   位置64：试 → 式（置信度 1.0）
2026-04-25 22:53:15,003 - INFO -   位置99：岀 → 出（置信度 1.0）
2026-04-25 22:53:15,004 - INFO -   位置8：娶 → 取（置信度 0.992）
2026-04-25 22:53:15,004 - INFO -   位置4：模形 → 模型（常见错误词替换）
2026-04-25 22:53:15,004 - INFO -   位置6：识边 → 识别（常见错误词替换）
2026-04-25 22:53:15,004 - INFO -   位置1：勇 → 用（置信度 0.989）
2026-04-25 22:53:15,004 - INFO -   位置1：侧 → 测（置信度 0.999）
2026-04-25 22:53:15,004 - INFO -   位置7：试 → 式（置信度 1.0）
2026-04-25 22:53:15,005 - INFO -   位置11：犯 → 范（置信度 0.999）
2026-04-25 22:53:15,005 - INFO -   位置78：错识 → 错误（常见错误词替换）
2026-04-25 22:53:15,005 - INFO -   位置26：价 → 架（置信度 0.902）
2026-04-25 22:53:15,005 - INFO -   位置46：形 → 行（置信度 1.0）
2026-04-25 22:53:15,006 - INFO -   位置79：误 → 识（置信度 1.0）
2026-04-25 22:53:15,006 - INFO -   位置81：形 → 型（置信度 0.994）
2026-04-25 22:53:15,006 - INFO -   位置2：结国 → 结果（常见错误词替换）
2026-04-25 22:53:15,006 - INFO -   位置31：识边 → 识别（常见错误词替换）
2026-04-25 22:53:15,007 - INFO -   位置5：时 → 示（置信度 0.995）
2026-04-25 22:53:15,007 - INFO -   位置16：缺 → 确（置信度 0.994）
2026-04-25 22:53:15,008 - INFO -   位置19：侧 → 测（置信度 1.0）
2026-04-25 22:53:15,008 - INFO -   位置27：试 → 式（置信度 1.0）
2026-04-25 22:53:15,008 - INFO -   位置31：吸 → 析（置信度 0.993）
2026-04-25 22:53:15,008 - INFO -   位置49：侧 → 测（置信度 1.0）
2026-04-25 22:53:15,009 - INFO -   位置52：尼 → 力（置信度 0.972）
2026-04-25 22:53:15,009 - INFO -   位置8：模形 → 模型（常见错误词替换）
2026-04-25 22:53:15,009 - INFO -   位置0：未莱 → 未来（常见错误词替换）
2026-04-25 22:53:15,009 - INFO -   位置6：优话 → 优化（常见错误词替换）
2026-04-25 22:53:15,010 - INFO -   位置16：错识 → 错误（常见错误词替换）
2026-04-25 22:53:15,011 - INFO -   位置24：识边 → 识别（常见错误词替换）
2026-04-25 22:53:15,011 - INFO -   位置26：能尼 → 能力（常见错误词替换）
2026-04-25 22:53:15,011 - INFO -   位置34：智恩 → 智能（常见错误词替换）
2026-04-25 22:53:15,011 - INFO -   位置37：完山 → 完善（常见错误词替换）
2026-04-25 22:53:15,012 - INFO -   位置3：进一不 → 进一步（常见错误词替换）
2026-04-25 22:53:15,012 - INFO -   位置19：语发 → 语法（常见错误词替换）
2026-04-25 22:53:15,012 - INFO -   位置25：边能 → 能力（常见错误词替换）
2026-04-25 22:53:15,012 - INFO -   位置7：习学 → 学习（常见错误词替换）
2026-04-25 22:53:15,012 - INFO -   位置9：文 → 学（置信度 0.998）
2026-04-25 22:53:15,013 - INFO -   位置11：纠 → 本（置信度 1.0）
2026-04-25 22:53:15,013 - INFO -   位置12：错 → 纠（置信度 0.991）
2026-04-25 22:53:15,014 - INFO -   位置20：板 → 学（置信度 0.998）
2026-04-25 22:53:15,014 - INFO -   位置19：发 → 法（置信度 1.0）
2026-04-25 22:53:15,014 - INFO -   位置7：里 → 理（置信度 1.0）
2026-04-25 22:53:15,015 - INFO -   位置7：木 → 术（置信度 1.0）
2026-04-25 22:53:15,015 - INFO - ============================================================
2026-04-25 22:53:15,015 - INFO - 
🎉 检测完成！结果已保存到: d:\check_teset\output\result.docx
2026-04-26 14:02:36,395 - INFO - 使用设备: cpu
2026-04-26 14:02:36,396 - INFO - [INFO] 加载模型中... (模式: dual)
2026-04-26 14:02:36,396 - INFO - [INFO] 加载双模型: macbert4mdcspell_v3 + pycorrector
2026-04-26 14:02:36,603 - INFO - [OK] 模型加载完成
2026-04-26 14:02:36,603 - INFO - 📄 读取文件: d:\check_teset\test_files\right.docx
2026-04-26 14:02:36,609 - ERROR - ❌ 文件读取失败: "There is no item named 'NULL' in the archive"
2026-04-26 14:02:36,609 - ERROR - ❌ 处理失败
2026-04-26 18:39:42,293 - INFO - 使用设备: cpu
2026-04-26 18:39:42,295 - INFO - [INFO] 加载模型中... (模式: dual)
2026-04-26 18:39:42,295 - INFO - [INFO] 加载双模型: macbert4mdcspell_v3 + pycorrector
2026-04-26 18:39:42,878 - INFO - [OK] 模型加载完成
2026-04-26 18:39:42,878 - INFO - 📄 读取文件: D:\check_teset\test_files\test_error.pdf
2026-04-26 18:39:43,155 - INFO - ✅ PDF解析成功，共 2 页文本, 1 张图片, 2 个表格
2026-04-26 18:39:43,156 - INFO - 📝 开始文本纠错...
2026-04-26 18:40:27,377 - INFO - ✅ 文本纠错完成，发现 8 个错别字
2026-04-26 18:40:27,378 - INFO - 🔍 开始语法检测...
2026-04-26 18:40:27,402 - INFO - ✅ 语法检测完成，发现 62 个语法问题，1 个语义问题
2026-04-26 18:40:27,402 - INFO - 📊 处理PDF表格...
2026-04-26 18:40:27,775 - INFO - ✅ PDF表格处理完成
2026-04-26 18:40:27,776 - INFO - 🖼 处理PDF图片...
2026-04-26 18:40:29,672 - INFO - ✅ PDF图片OCR处理完成
2026-04-26 18:40:29,672 - INFO - 🔢 检测图片编号...
2026-04-26 18:40:29,672 - ERROR - ❌ 图片编号检测失败: cannot access local variable 'paragraphs' where it is not associated with a value
2026-04-26 18:40:29,673 - INFO - 📚 检测参考文献...
2026-04-26 18:40:29,673 - ERROR - ❌ 参考文献处理失败: cannot access local variable 'paragraphs' where it is not associated with a value
2026-04-26 18:40:29,673 - INFO - 💾 保存结果到: D:\check_teset\output_files\test_error_pdf_output.docx
2026-04-26 18:40:29,703 - INFO - ✅ 文件保存成功
2026-04-26 18:40:29,704 - INFO - 
============================================================
2026-04-26 18:40:29,704 - INFO - 📊 智能检测报告
2026-04-26 18:40:29,705 - INFO - ============================================================
2026-04-26 18:40:29,705 - INFO - 错别字: 10
2026-04-26 18:40:29,705 - INFO - 参考文献错误: 0
2026-04-26 18:40:29,705 - INFO - 总错误: 10
2026-04-26 18:40:29,706 - INFO - 
📄 错误详情：
2026-04-26 18:40:29,706 - INFO -   位置29：领彧 → 领域（常见错误词替换）
2026-04-26 18:40:29,707 - INFO -   位置38：根椐 → 根据（常见错误词替换）
2026-04-26 18:40:29,707 - INFO -   位置46：符和 → 符合（常见错误词替换）
2026-04-26 18:40:29,707 - INFO -   位置60：问提 → 问题（常见错误词替换）
2026-04-26 18:40:29,707 - INFO -   位置147：希疏 → 稀疏（常见错误词替换）
2026-04-26 18:40:29,707 - INFO -   位置814：过拟和 → 过拟合（常见错误词替换）
2026-04-26 18:40:29,707 - INFO -   位置815：拟和 → 拟合（常见错误词替换）
2026-04-26 18:40:29,709 - INFO -   位置146：( → [（置信度 0.958）
2026-04-26 18:40:29,709 - INFO -   位置0：程 → 成（置信度 1.0）
2026-04-26 18:40:29,709 - INFO -   位置1：度 → 都（置信度 1.0）
2026-04-26 18:40:29,709 - INFO - ============================================================
2026-04-26 18:40:29,709 - INFO - 
🎉 检测完成！结果已保存到: D:\check_teset\output_files\test_error_pdf_output.docx
2026-04-26 18:41:43,718 - INFO - 使用设备: cpu
2026-04-26 18:41:43,718 - INFO - [INFO] 加载模型中... (模式: dual)
2026-04-26 18:41:43,719 - INFO - [INFO] 加载双模型: macbert4mdcspell_v3 + pycorrector
2026-04-26 18:41:44,046 - INFO - [OK] 模型加载完成
2026-04-26 18:41:44,046 - INFO - 📄 读取文件: D:\check_teset\test_files\test_error.pdf
2026-04-26 18:41:44,207 - INFO - ✅ PDF解析成功，共 2 页文本, 1 张图片, 2 个表格
2026-04-26 18:41:44,207 - INFO - 📝 开始文本纠错...
2026-04-26 18:42:25,094 - INFO - ✅ 文本纠错完成，发现 8 个错别字
2026-04-26 18:42:25,094 - INFO - 🔍 开始语法检测...
2026-04-26 18:42:25,113 - INFO - ✅ 语法检测完成，发现 62 个语法问题，1 个语义问题
2026-04-26 18:42:25,113 - INFO - 📊 处理PDF表格...
2026-04-26 18:42:25,471 - INFO - ✅ PDF表格处理完成
2026-04-26 18:42:25,472 - INFO - 🖼 处理PDF图片...
2026-04-26 18:42:26,187 - INFO - ✅ PDF图片OCR处理完成
2026-04-26 18:42:26,187 - INFO - 🔢 检测图片编号...
2026-04-26 18:42:26,193 - INFO - ✅ 图片编号检测完成，发现 0 个问题
2026-04-26 18:42:26,194 - INFO - 📚 检测参考文献...
2026-04-26 18:42:26,200 - INFO - 发现 0 条参考文献
2026-04-26 18:42:26,201 - INFO - ✅ 参考文献检测完成，发现 0 个问题
2026-04-26 18:42:26,202 - INFO - 💾 保存结果到: D:\check_teset\output_files\test_error_pdf_output.docx
2026-04-26 18:42:26,229 - INFO - ✅ 文件保存成功
2026-04-26 18:42:26,230 - INFO - 
============================================================
2026-04-26 18:42:26,230 - INFO - 📊 智能检测报告
2026-04-26 18:42:26,230 - INFO - ============================================================
2026-04-26 18:42:26,232 - INFO - 错别字: 10
2026-04-26 18:42:26,232 - INFO - 参考文献错误: 0
2026-04-26 18:42:26,232 - INFO - 总错误: 10
2026-04-26 18:42:26,232 - INFO - 
📄 错误详情：
2026-04-26 18:42:26,232 - INFO -   位置29：领彧 → 领域（常见错误词替换）
2026-04-26 18:42:26,233 - INFO -   位置38：根椐 → 根据（常见错误词替换）
2026-04-26 18:42:26,233 - INFO -   位置46：符和 → 符合（常见错误词替换）
2026-04-26 18:42:26,233 - INFO -   位置60：问提 → 问题（常见错误词替换）
2026-04-26 18:42:26,233 - INFO -   位置147：希疏 → 稀疏（常见错误词替换）
2026-04-26 18:42:26,233 - INFO -   位置814：过拟和 → 过拟合（常见错误词替换）
2026-04-26 18:42:26,234 - INFO -   位置815：拟和 → 拟合（常见错误词替换）
2026-04-26 18:42:26,234 - INFO -   位置146：( → [（置信度 0.958）
2026-04-26 18:42:26,234 - INFO -   位置0：程 → 成（置信度 1.0）
2026-04-26 18:42:26,234 - INFO -   位置1：度 → 都（置信度 1.0）
2026-04-26 18:42:26,234 - INFO - ============================================================
2026-04-26 18:42:26,235 - INFO - 
🎉 检测完成！结果已保存到: D:\check_teset\output_files\test_error_pdf_output.docx
2026-04-26 19:59:00,638 - INFO - 使用设备: cpu
2026-04-26 19:59:00,639 - INFO - [INFO] 加载模型中... (模式: dual)
2026-04-26 19:59:00,639 - INFO - [INFO] 加载双模型: macbert4mdcspell_v3 + pycorrector
2026-04-26 19:59:00,881 - INFO - [OK] 模型加载完成
2026-04-26 19:59:00,881 - INFO - 📄 读取文件: D:\check_teset\test_files\test_error.pdf
2026-04-26 19:59:00,976 - INFO - ✅ PDF解析成功，共 2 页文本, 1 张图片, 2 个表格
2026-04-26 19:59:00,976 - INFO - 📝 开始文本纠错...
2026-04-26 19:59:32,586 - INFO - ✅ 文本纠错完成，发现 10 个错别字
2026-04-26 19:59:32,587 - INFO - 🔍 开始语法检测...
2026-04-26 19:59:32,605 - INFO - ✅ 语法检测完成，发现 62 个语法问题，1 个语义问题
2026-04-26 19:59:32,606 - INFO - 📊 处理PDF表格...
2026-04-26 19:59:32,992 - INFO - ✅ PDF表格处理完成
2026-04-26 19:59:32,992 - INFO - 🖼 处理PDF图片...
2026-04-26 19:59:34,908 - INFO - ✅ PDF图片OCR处理完成
2026-04-26 19:59:34,909 - INFO - 🔢 检测图片编号...
2026-04-26 19:59:34,921 - INFO - ✅ 图片编号检测完成，发现 0 个问题
2026-04-26 19:59:34,922 - INFO - 📚 检测参考文献...
2026-04-26 19:59:34,934 - INFO - 发现 0 条参考文献
2026-04-26 19:59:34,935 - INFO - ✅ 参考文献检测完成，发现 0 个问题
2026-04-26 19:59:34,936 - INFO - 💾 保存结果到: D:\check_teset\output_files\test_error_pdf_output.docx
2026-04-26 19:59:34,972 - INFO - ✅ 文件保存成功
2026-04-26 19:59:34,972 - INFO - 
============================================================
2026-04-26 19:59:34,973 - INFO - 📊 智能检测报告
2026-04-26 19:59:34,974 - INFO - ============================================================
2026-04-26 19:59:34,974 - INFO - 错别字: 10
2026-04-26 19:59:34,974 - INFO - 参考文献错误: 0
2026-04-26 19:59:34,976 - INFO - 总错误: 10
2026-04-26 19:59:34,977 - INFO - 
📄 错误详情：
2026-04-26 19:59:34,977 - INFO -   位置29：领彧 → 领域（常见错误词替换）
2026-04-26 19:59:34,979 - INFO -   位置38：根椐 → 根据（常见错误词替换）
2026-04-26 19:59:34,981 - INFO -   位置46：符和 → 符合（常见错误词替换）
2026-04-26 19:59:34,983 - INFO -   位置60：问提 → 问题（常见错误词替换）
2026-04-26 19:59:34,983 - INFO -   位置147：希疏 → 稀疏（常见错误词替换）
2026-04-26 19:59:34,983 - INFO -   位置160：参造 → 参考（常见错误词替换）
2026-04-26 19:59:34,983 - INFO -   位置188：个性花 → 个性化（常见错误词替换）
2026-04-26 19:59:34,983 - INFO -   位置814：过拟和 → 过拟合（常见错误词替换）
2026-04-26 19:59:34,983 - INFO -   位置815：拟和 → 拟合（常见错误词替换）
2026-04-26 19:59:34,984 - INFO -   位置146：( → [（置信度 0.958）
2026-04-26 19:59:34,984 - INFO - ============================================================
2026-04-26 19:59:34,984 - INFO - 
🎉 检测完成！结果已保存到: D:\check_teset\output_files\test_error_pdf_output.docx
2026-04-26 20:46:33,412 - INFO - 使用设备: cpu
2026-04-26 20:46:33,412 - INFO - [INFO] 加载模型中... (模式: dual)
2026-04-26 20:46:33,413 - INFO - [INFO] 加载双模型: macbert4mdcspell_v3 + pycorrector
2026-04-26 20:46:33,604 - INFO - [OK] 模型加载完成
2026-04-26 20:46:33,604 - INFO - 📄 读取文件: D:\check_teset\test_files\words_error.docx
2026-04-26 20:46:33,615 - INFO - ✅ 读取成功，共 25 段
2026-04-26 20:46:33,615 - INFO - 📝 开始文本纠错...
2026-04-26 20:47:15,946 - INFO - ✅ 文本纠错完成，发现 22 个错别字
2026-04-26 20:47:15,953 - INFO - 🔍 开始语法检测...
2026-04-26 20:47:15,980 - INFO - ✅ 语法检测完成，发现 100 个语法问题，2 个语义问题
2026-04-26 20:47:15,980 - INFO - 📊 处理表格...
2026-04-26 20:47:15,982 - INFO - ✅ 表格处理完成
2026-04-26 20:47:15,982 - INFO - 🖼 处理文档内图片...
2026-04-26 20:47:15,986 - INFO - 📸 提取到 1 张图片
2026-04-26 20:47:15,991 - WARNING - Using CPU. Note: This module is much faster with a GPU.
2026-04-26 20:47:20,808 - INFO - ✅ 图片OCR处理完成
2026-04-26 20:47:20,810 - INFO - 🔢 检测图片编号...
2026-04-26 20:47:20,829 - INFO - ✅ 图片编号检测完成，发现 0 个问题
2026-04-26 20:47:20,829 - INFO - 📋 检测表格编号...
2026-04-26 20:47:20,829 - INFO - ✅ 表格编号检测完成，发现 0 个问题
2026-04-26 20:47:20,830 - INFO - 📚 检测参考文献...
2026-04-26 20:47:20,844 - INFO - 发现 0 条参考文献
2026-04-26 20:47:20,844 - INFO - ✅ 参考文献检测完成，发现 0 个问题
2026-04-26 20:47:20,845 - INFO - 💾 保存结果到: D:\check_teset\output_files\words_error_output.docx
2026-04-26 20:47:20,877 - INFO - ✅ 文件保存成功
2026-04-26 20:47:20,879 - INFO - 
============================================================
2026-04-26 20:47:20,879 - INFO - 📊 智能检测报告
2026-04-26 20:47:20,879 - INFO - ============================================================
2026-04-26 20:47:20,879 - INFO - 错别字: 22
2026-04-26 20:47:20,880 - INFO - 参考文献错误: 0
2026-04-26 20:47:20,880 - INFO - 总错误: 22
2026-04-26 20:47:20,880 - INFO - 
📄 错误详情：
2026-04-26 20:47:20,880 - INFO -   位置23：领彧 → 领域（常见错误词替换）
2026-04-26 20:47:20,882 - INFO -   位置26：研揪 → 研究（常见错误词替换）
2026-04-26 20:47:20,882 - INFO -   位置100：机戒 → 机器（常见错误词替换）
2026-04-26 20:47:20,883 - INFO -   位置11：机戒 → 机器（常见错误词替换）
2026-04-26 20:47:20,883 - INFO -   位置24：拟和 → 拟合（常见错误词替换）
2026-04-26 20:47:20,883 - INFO -   位置35：模形 → 模型（常见错误词替换）
2026-04-26 20:47:20,883 - INFO -   位置58：安照 → 按照（常见错误词替换）
2026-04-26 20:47:20,883 - INFO -   位置97：结裹 → 结果（常见错误词替换）
2026-04-26 20:47:20,883 - INFO -   位置120：领彧 → 领域（常见错误词替换）
2026-04-26 20:47:20,883 - INFO -   位置0：✅ → "（置信度 1.0）
2026-04-26 20:47:20,884 - INFO -   位置30：研揪 → 研究（常见错误词替换）
2026-04-26 20:47:20,884 - INFO -   位置65：问提 → 问题（常见错误词替换）
2026-04-26 20:47:20,884 - INFO -   位置92：结裹 → 结果（常见错误词替换）
2026-04-26 20:47:20,884 - INFO -   位置33：问提 → 问题（常见错误词替换）
2026-04-26 20:47:20,884 - INFO -   位置0：✅ → "（置信度 0.966）
2026-04-26 20:47:20,885 - INFO -   位置7：研揪 → 研究（常见错误词替换）
2026-04-26 20:47:20,885 - INFO -   位置28：领彧 → 领域（常见错误词替换）
2026-04-26 20:47:20,885 - INFO -   位置11：研揪 → 研究（常见错误词替换）
2026-04-26 20:47:20,886 - INFO -   位置73：模形 → 模型（常见错误词替换）
2026-04-26 20:47:20,886 - INFO -   位置102：领彧 → 领域（常见错误词替换）
2026-04-26 20:47:20,886 - INFO -   位置152：优话 → 优化（常见错误词替换）
2026-04-26 20:47:20,886 - INFO -   位置109：研揪 → 研究（常见错误词替换）
2026-04-26 20:47:20,886 - INFO - ============================================================
2026-04-26 20:47:20,887 - INFO - 
🎉 检测完成！结果已保存到: D:\check_teset\output_files\words_error_output.docx
2026-04-26 20:48:49,156 - INFO - 使用设备: cpu
2026-04-26 20:48:49,157 - INFO - [INFO] 加载模型中... (模式: dual)
2026-04-26 20:48:49,157 - INFO - [INFO] 加载双模型: macbert4mdcspell_v3 + pycorrector
2026-04-26 20:48:49,288 - INFO - [OK] 模型加载完成
2026-04-26 20:48:49,288 - INFO - 📄 读取文件: D:\check_teset\test_files\words_error.docx
2026-04-26 20:48:49,298 - INFO - ✅ 读取成功，共 25 段
2026-04-26 20:48:49,298 - INFO - 📝 开始文本纠错...
2026-04-26 20:49:43,485 - INFO - ✅ 文本纠错完成，发现 31 个错别字
2026-04-26 20:49:43,506 - INFO - 🔍 开始语法检测...
2026-04-26 20:49:43,545 - INFO - ✅ 语法检测完成，发现 101 个语法问题，2 个语义问题
2026-04-26 20:49:43,546 - INFO - 📊 处理表格...
2026-04-26 20:49:43,548 - INFO - ✅ 表格处理完成
2026-04-26 20:49:43,548 - INFO - 🖼 处理文档内图片...
2026-04-26 20:49:43,564 - INFO - 📸 提取到 1 张图片
2026-04-26 20:49:43,577 - WARNING - Using CPU. Note: This module is much faster with a GPU.
2026-04-26 20:49:49,175 - INFO - ✅ 图片OCR处理完成
2026-04-26 20:49:49,176 - INFO - 🔢 检测图片编号...
2026-04-26 20:49:49,196 - INFO - ✅ 图片编号检测完成，发现 0 个问题
2026-04-26 20:49:49,198 - INFO - 📋 检测表格编号...
2026-04-26 20:49:49,198 - INFO - ✅ 表格编号检测完成，发现 0 个问题
2026-04-26 20:49:49,199 - INFO - 📚 检测参考文献...
2026-04-26 20:49:49,218 - INFO - 发现 0 条参考文献
2026-04-26 20:49:49,219 - INFO - ✅ 参考文献检测完成，发现 0 个问题
2026-04-26 20:49:49,219 - INFO - 💾 保存结果到: D:\check_teset\output_files\words_error_output.docx
2026-04-26 20:49:49,258 - INFO - ✅ 文件保存成功
2026-04-26 20:49:49,261 - INFO - 
============================================================
2026-04-26 20:49:49,261 - INFO - 📊 智能检测报告
2026-04-26 20:49:49,261 - INFO - ============================================================
2026-04-26 20:49:49,261 - INFO - 错别字: 31
2026-04-26 20:49:49,262 - INFO - 参考文献错误: 0
2026-04-26 20:49:49,262 - INFO - 总错误: 31
2026-04-26 20:49:49,262 - INFO - 
📄 错误详情：
2026-04-26 20:49:49,262 - INFO -   位置7：深度学西 → 深度学习（常见错误词替换）
2026-04-26 20:49:49,263 - INFO -   位置23：领彧 → 领域（常见错误词替换）
2026-04-26 20:49:49,263 - INFO -   位置26：研揪 → 研究（常见错误词替换）
2026-04-26 20:49:49,263 - INFO -   位置42：学术论问 → 学术论文（常见错误词替换）
2026-04-26 20:49:49,264 - INFO -   位置47：课程报高 → 课程报告（常见错误词替换）
2026-04-26 20:49:49,264 - INFO -   位置79：辩别 → 辨别（常见错误词替换）
2026-04-26 20:49:49,264 - INFO -   位置91：在次 → 再次（常见错误词替换）
2026-04-26 20:49:49,264 - INFO -   位置94：必需 → 必须（常见错误词替换）
2026-04-26 20:49:49,265 - INFO -   位置100：机戒 → 机器（常见错误词替换）
2026-04-26 20:49:49,265 - INFO -   位置11：机戒 → 机器（常见错误词替换）
2026-04-26 20:49:49,266 - INFO -   位置24：拟和 → 拟合（常见错误词替换）
2026-04-26 20:49:49,266 - INFO -   位置35：模形 → 模型（常见错误词替换）
2026-04-26 20:49:49,266 - INFO -   位置58：安照 → 按照（常见错误词替换）
2026-04-26 20:49:49,267 - INFO -   位置97：结裹 → 结果（常见错误词替换）
2026-04-26 20:49:49,267 - INFO -   位置120：领彧 → 领域（常见错误词替换）
2026-04-26 20:49:49,267 - INFO -   位置0：✅ → "（置信度 1.0）
2026-04-26 20:49:49,268 - INFO -   位置30：研揪 → 研究（常见错误词替换）
2026-04-26 20:49:49,268 - INFO -   位置59：必需 → 必须（常见错误词替换）
2026-04-26 20:49:49,268 - INFO -   位置70：在次 → 再次（常见错误词替换）
2026-04-26 20:49:49,268 - INFO -   位置65：问提 → 问题（常见错误词替换）
2026-04-26 20:49:49,268 - INFO -   位置92：结裹 → 结果（常见错误词替换）
2026-04-26 20:49:49,269 - INFO -   位置33：问提 → 问题（常见错误词替换）
2026-04-26 20:49:49,269 - INFO -   位置94：深度学西 → 深度学习（常见错误词替换）
2026-04-26 20:49:49,270 - INFO -   位置0：✅ → "（置信度 0.966）
2026-04-26 20:49:49,270 - INFO -   位置7：研揪 → 研究（常见错误词替换）
2026-04-26 20:49:49,270 - INFO -   位置28：领彧 → 领域（常见错误词替换）
2026-04-26 20:49:49,270 - INFO -   位置11：研揪 → 研究（常见错误词替换）
2026-04-26 20:49:49,271 - INFO -   位置73：模形 → 模型（常见错误词替换）
2026-04-26 20:49:49,271 - INFO -   位置102：领彧 → 领域（常见错误词替换）
2026-04-26 20:49:49,271 - INFO -   位置152：优话 → 优化（常见错误词替换）
2026-04-26 20:49:49,272 - INFO -   位置109：研揪 → 研究（常见错误词替换）
2026-04-26 20:49:49,272 - INFO - ============================================================
2026-04-26 20:49:49,272 - INFO - 
🎉 检测完成！结果已保存到: D:\check_teset\output_files\words_error_output.docx
2026-04-26 20:55:48,420 - INFO - 使用设备: cpu
2026-04-26 20:55:48,421 - INFO - [INFO] 加载模型中... (模式: dual)
2026-04-26 20:55:48,421 - INFO - [INFO] 加载双模型: macbert4mdcspell_v3 + pycorrector
2026-04-26 20:55:48,717 - INFO - [OK] 模型加载完成
2026-04-26 20:55:48,717 - INFO - 📄 读取文件: D:\check_teset\test_files\words_error.docx
2026-04-26 20:55:48,737 - INFO - ✅ 读取成功，共 25 段
2026-04-26 20:55:48,737 - INFO - 📝 开始文本纠错...
2026-04-26 20:56:36,126 - INFO - ✅ 文本纠错完成，发现 32 个错别字
2026-04-26 20:56:36,126 - INFO - 🔍 开始语法检测...
2026-04-26 20:56:36,140 - INFO - ✅ 语法检测完成，发现 101 个语法问题，2 个语义问题
2026-04-26 20:56:36,140 - INFO - 📊 处理表格...
2026-04-26 20:56:36,141 - INFO - ✅ 表格处理完成
2026-04-26 20:56:36,141 - INFO - 🖼 处理文档内图片...
2026-04-26 20:56:36,143 - INFO - 📸 提取到 1 张图片
2026-04-26 20:56:36,145 - WARNING - Using CPU. Note: This module is much faster with a GPU.
2026-04-26 20:56:40,880 - INFO - ✅ 图片OCR处理完成
2026-04-26 20:56:40,881 - INFO - 🔢 检测图片编号...
2026-04-26 20:56:40,894 - INFO - ✅ 图片编号检测完成，发现 0 个问题
2026-04-26 20:56:40,895 - INFO - 📋 检测表格编号...
2026-04-26 20:56:40,895 - INFO - ✅ 表格编号检测完成，发现 0 个问题
2026-04-26 20:56:40,895 - INFO - 📚 检测参考文献...
2026-04-26 20:56:40,911 - INFO - 发现 0 条参考文献
2026-04-26 20:56:40,912 - INFO - ✅ 参考文献检测完成，发现 0 个问题
2026-04-26 20:56:40,912 - INFO - 💾 保存结果到: D:\check_teset\output_files\words_error_output.docx
2026-04-26 20:56:40,923 - INFO - ✅ 文件保存成功
2026-04-26 20:56:40,924 - INFO - 
============================================================
2026-04-26 20:56:40,925 - INFO - 📊 智能检测报告
2026-04-26 20:56:40,925 - INFO - ============================================================
2026-04-26 20:56:40,925 - INFO - 错别字: 32
2026-04-26 20:56:40,926 - INFO - 参考文献错误: 0
2026-04-26 20:56:40,926 - INFO - 总错误: 32
2026-04-26 20:56:40,926 - INFO - 
📄 错误详情：
2026-04-26 20:56:40,926 - INFO -   位置7：深度学西 → 深度学习（常见错误词替换）
2026-04-26 20:56:40,928 - INFO -   位置23：领彧 → 领域（常见错误词替换）
2026-04-26 20:56:40,928 - INFO -   位置26：研揪 → 研究（常见错误词替换）
2026-04-26 20:56:40,928 - INFO -   位置42：学术论问 → 学术论文（常见错误词替换）
2026-04-26 20:56:40,928 - INFO -   位置47：课程报高 → 课程报告（常见错误词替换）
2026-04-26 20:56:40,929 - INFO -   位置79：辩别 → 辨别（常见错误词替换）
2026-04-26 20:56:40,929 - INFO -   位置91：在次 → 再次（常见错误词替换）
2026-04-26 20:56:40,929 - INFO -   位置94：必需 → 必须（常见错误词替换）
2026-04-26 20:56:40,929 - INFO -   位置100：机戒 → 机器（常见错误词替换）
2026-04-26 20:56:40,930 - INFO -   位置154：质良 → 质量（常见错误词替换）
2026-04-26 20:56:40,930 - INFO -   位置11：机戒 → 机器（常见错误词替换）
2026-04-26 20:56:40,930 - INFO -   位置24：拟和 → 拟合（常见错误词替换）
2026-04-26 20:56:40,931 - INFO -   位置35：模形 → 模型（常见错误词替换）
2026-04-26 20:56:40,931 - INFO -   位置58：安照 → 按照（常见错误词替换）
2026-04-26 20:56:40,931 - INFO -   位置97：结裹 → 结果（常见错误词替换）
2026-04-26 20:56:40,931 - INFO -   位置120：领彧 → 领域（常见错误词替换）
2026-04-26 20:56:40,932 - INFO -   位置0：✅ → "（置信度 1.0）
2026-04-26 20:56:40,932 - INFO -   位置30：研揪 → 研究（常见错误词替换）
2026-04-26 20:56:40,932 - INFO -   位置59：必需 → 必须（常见错误词替换）
2026-04-26 20:56:40,932 - INFO -   位置70：在次 → 再次（常见错误词替换）
2026-04-26 20:56:40,933 - INFO -   位置65：问提 → 问题（常见错误词替换）
2026-04-26 20:56:40,933 - INFO -   位置92：结裹 → 结果（常见错误词替换）
2026-04-26 20:56:40,933 - INFO -   位置33：问提 → 问题（常见错误词替换）
2026-04-26 20:56:40,933 - INFO -   位置94：深度学西 → 深度学习（常见错误词替换）
2026-04-26 20:56:40,933 - INFO -   位置0：✅ → "（置信度 0.966）
2026-04-26 20:56:40,934 - INFO -   位置7：研揪 → 研究（常见错误词替换）
2026-04-26 20:56:40,934 - INFO -   位置28：领彧 → 领域（常见错误词替换）
2026-04-26 20:56:40,934 - INFO -   位置11：研揪 → 研究（常见错误词替换）
2026-04-26 20:56:40,934 - INFO -   位置73：模形 → 模型（常见错误词替换）
2026-04-26 20:56:40,934 - INFO -   位置102：领彧 → 领域（常见错误词替换）
2026-04-26 20:56:40,934 - INFO -   位置152：优话 → 优化（常见错误词替换）
2026-04-26 20:56:40,934 - INFO -   位置109：研揪 → 研究（常见错误词替换）
2026-04-26 20:56:40,934 - INFO - ============================================================
2026-04-26 20:56:40,935 - INFO - 
🎉 检测完成！结果已保存到: D:\check_teset\output_files\words_error_output.docx
2026-04-26 21:03:42,246 - INFO - 使用设备: cpu
2026-04-26 21:03:42,246 - INFO - [INFO] 加载模型中... (模式: dual)
2026-04-26 21:03:42,246 - INFO - [INFO] 加载双模型: macbert4mdcspell_v3 + pycorrector
2026-04-26 21:03:42,377 - INFO - [OK] 模型加载完成
2026-04-26 21:03:42,377 - INFO - 📄 读取文件: D:\check_teset\test_files\words_error.docx
2026-04-26 21:03:42,392 - INFO - ✅ 读取成功，共 25 段
2026-04-26 21:03:42,393 - INFO - 📝 开始文本纠错...
2026-04-26 21:04:23,438 - INFO - ✅ 文本纠错完成，发现 29 个错别字
2026-04-26 21:04:23,444 - INFO - 🔍 开始语法检测...
2026-04-26 21:04:23,467 - INFO - ✅ 语法检测完成，发现 92 个语法问题，2 个语义问题
2026-04-26 21:04:23,467 - INFO - 📊 处理表格...
2026-04-26 21:04:23,467 - INFO - ✅ 表格处理完成
2026-04-26 21:04:23,468 - INFO - 🖼 处理文档内图片...
2026-04-26 21:04:23,475 - INFO - 📸 提取到 1 张图片
2026-04-26 21:04:23,483 - WARNING - Using CPU. Note: This module is much faster with a GPU.
2026-04-26 21:04:28,445 - INFO - ✅ 图片OCR处理完成
2026-04-26 21:04:28,445 - INFO - 🔢 检测图片编号...
2026-04-26 21:04:28,471 - INFO - ✅ 图片编号检测完成，发现 0 个问题
2026-04-26 21:04:28,471 - INFO - 📋 检测表格编号...
2026-04-26 21:04:28,471 - INFO - ✅ 表格编号检测完成，发现 0 个问题
2026-04-26 21:04:28,472 - INFO - 📚 检测参考文献...
2026-04-26 21:04:28,495 - INFO - 发现 0 条参考文献
2026-04-26 21:04:28,495 - INFO - ✅ 参考文献检测完成，发现 0 个问题
2026-04-26 21:04:28,495 - INFO - 💾 保存结果到: D:\check_teset\output_files\words_error_output.docx
2026-04-26 21:04:28,514 - INFO - ✅ 文件保存成功
2026-04-26 21:04:28,515 - INFO - 
============================================================
2026-04-26 21:04:28,515 - INFO - 📊 智能检测报告
2026-04-26 21:04:28,516 - INFO - ============================================================
2026-04-26 21:04:28,516 - INFO - 错别字: 29
2026-04-26 21:04:28,516 - INFO - 参考文献错误: 0
2026-04-26 21:04:28,516 - INFO - 总错误: 29
2026-04-26 21:04:28,516 - INFO - 
📄 错误详情：
2026-04-26 21:04:28,516 - INFO -   位置7：深度学西 → 深度学习（常见错误词替换）
2026-04-26 21:04:28,518 - INFO -   位置23：领彧 → 领域（常见错误词替换）
2026-04-26 21:04:28,518 - INFO -   位置26：研揪 → 研究（常见错误词替换）
2026-04-26 21:04:28,518 - INFO -   位置42：学术论问 → 学术论文（常见错误词替换）
2026-04-26 21:04:28,518 - INFO -   位置47：课程报高 → 课程报告（常见错误词替换）
2026-04-26 21:04:28,518 - INFO -   位置79：辩别 → 辨别（常见错误词替换）
2026-04-26 21:04:28,518 - INFO -   位置91：在次 → 再次（常见错误词替换）
2026-04-26 21:04:28,519 - INFO -   位置94：必需 → 必须（常见错误词替换）
2026-04-26 21:04:28,519 - INFO -   位置100：机戒 → 机器（常见错误词替换）
2026-04-26 21:04:28,519 - INFO -   位置11：机戒 → 机器（常见错误词替换）
2026-04-26 21:04:28,520 - INFO -   位置24：拟和 → 拟合（常见错误词替换）
2026-04-26 21:04:28,520 - INFO -   位置35：模形 → 模型（常见错误词替换）
2026-04-26 21:04:28,521 - INFO -   位置58：安照 → 按照（常见错误词替换）
2026-04-26 21:04:28,521 - INFO -   位置97：结裹 → 结果（常见错误词替换）
2026-04-26 21:04:28,521 - INFO -   位置120：领彧 → 领域（常见错误词替换）
2026-04-26 21:04:28,521 - INFO -   位置30：研揪 → 研究（常见错误词替换）
2026-04-26 21:04:28,521 - INFO -   位置59：必需 → 必须（常见错误词替换）
2026-04-26 21:04:28,521 - INFO -   位置70：在次 → 再次（常见错误词替换）
2026-04-26 21:04:28,521 - INFO -   位置65：问提 → 问题（常见错误词替换）
2026-04-26 21:04:28,522 - INFO -   位置92：结裹 → 结果（常见错误词替换）
2026-04-26 21:04:28,522 - INFO -   位置33：问提 → 问题（常见错误词替换）
2026-04-26 21:04:28,523 - INFO -   位置94：深度学西 → 深度学习（常见错误词替换）
2026-04-26 21:04:28,523 - INFO -   位置7：研揪 → 研究（常见错误词替换）
2026-04-26 21:04:28,523 - INFO -   位置28：领彧 → 领域（常见错误词替换）
2026-04-26 21:04:28,523 - INFO -   位置11：研揪 → 研究（常见错误词替换）
2026-04-26 21:04:28,523 - INFO -   位置73：模形 → 模型（常见错误词替换）
2026-04-26 21:04:28,523 - INFO -   位置102：领彧 → 领域（常见错误词替换）
2026-04-26 21:04:28,524 - INFO -   位置152：优话 → 优化（常见错误词替换）
2026-04-26 21:04:28,524 - INFO -   位置109：研揪 → 研究（常见错误词替换）
2026-04-26 21:04:28,524 - INFO - ============================================================
2026-04-26 21:04:28,524 - INFO - 
🎉 检测完成！结果已保存到: D:\check_teset\output_files\words_error_output.docx
2026-04-26 21:06:42,308 - INFO - 使用设备: cpu
2026-04-26 21:06:42,308 - INFO - [INFO] 加载模型中... (模式: dual)
2026-04-26 21:06:42,308 - INFO - [INFO] 加载双模型: macbert4mdcspell_v3 + pycorrector
2026-04-26 21:06:42,471 - INFO - [OK] 模型加载完成
2026-04-26 21:06:42,471 - INFO - 📄 读取文件: D:\check_teset\test_files\words_error.docx
2026-04-26 21:06:42,484 - INFO - ✅ 读取成功，共 25 段
2026-04-26 21:06:42,484 - INFO - 📝 开始文本纠错...
2026-04-26 21:07:27,929 - INFO - ✅ 文本纠错完成，发现 46 个错别字
2026-04-26 21:07:27,930 - INFO - 🔍 开始语法检测...
2026-04-26 21:07:27,946 - INFO - ✅ 语法检测完成，发现 105 个语法问题，2 个语义问题
2026-04-26 21:07:27,946 - INFO - 📊 处理表格...
2026-04-26 21:07:27,946 - INFO - ✅ 表格处理完成
2026-04-26 21:07:27,946 - INFO - 🖼 处理文档内图片...
2026-04-26 21:07:27,950 - INFO - 📸 提取到 1 张图片
2026-04-26 21:07:27,951 - WARNING - Using CPU. Note: This module is much faster with a GPU.
2026-04-26 21:07:33,506 - INFO - ✅ 图片OCR处理完成
2026-04-26 21:07:33,508 - INFO - 🔢 检测图片编号...
2026-04-26 21:07:33,539 - INFO - ✅ 图片编号检测完成，发现 0 个问题
2026-04-26 21:07:33,540 - INFO - 📋 检测表格编号...
2026-04-26 21:07:33,540 - INFO - ✅ 表格编号检测完成，发现 0 个问题
2026-04-26 21:07:33,540 - INFO - 📚 检测参考文献...
2026-04-26 21:07:33,572 - INFO - 发现 0 条参考文献
2026-04-26 21:07:33,572 - INFO - ✅ 参考文献检测完成，发现 0 个问题
2026-04-26 21:07:33,572 - INFO - 💾 保存结果到: D:\check_teset\output_files\words_error_output.docx
2026-04-26 21:07:33,606 - INFO - ✅ 文件保存成功
2026-04-26 21:07:33,609 - INFO - 
============================================================
2026-04-26 21:07:33,609 - INFO - 📊 智能检测报告
2026-04-26 21:07:33,609 - INFO - ============================================================
2026-04-26 21:07:33,610 - INFO - 错别字: 46
2026-04-26 21:07:33,610 - INFO - 参考文献错误: 0
2026-04-26 21:07:33,610 - INFO - 总错误: 46
2026-04-26 21:07:33,610 - INFO - 
📄 错误详情：
2026-04-26 21:07:33,610 - INFO -   位置7：深度学西 → 深度学习（常见错误词替换）
2026-04-26 21:07:33,612 - INFO -   位置23：领彧 → 领域（常见错误词替换）
2026-04-26 21:07:33,612 - INFO -   位置26：研揪 → 研究（常见错误词替换）
2026-04-26 21:07:33,612 - INFO -   位置42：学术论问 → 学术论文（常见错误词替换）
2026-04-26 21:07:33,612 - INFO -   位置47：课程报高 → 课程报告（常见错误词替换）
2026-04-26 21:07:33,613 - INFO -   位置49：报高 → 报告（常见错误词替换）
2026-04-26 21:07:33,613 - INFO -   位置79：辩别 → 辨别（常见错误词替换）
2026-04-26 21:07:33,613 - INFO -   位置91：在次 → 再次（常见错误词替换）
2026-04-26 21:07:33,614 - INFO -   位置94：必需 → 必须（常见错误词替换）
2026-04-26 21:07:33,615 - INFO -   位置100：机戒 → 机器（常见错误词替换）
2026-04-26 21:07:33,615 - INFO -   位置154：质良 → 质量（常见错误词替换）
2026-04-26 21:07:33,615 - INFO -   位置11：机戒 → 机器（常见错误词替换）
2026-04-26 21:07:33,616 - INFO -   位置24：拟和 → 拟合（常见错误词替换）
2026-04-26 21:07:33,616 - INFO -   位置35：模形 → 模型（常见错误词替换）
2026-04-26 21:07:33,616 - INFO -   位置58：安照 → 按照（常见错误词替换）
2026-04-26 21:07:33,617 - INFO -   位置97：结裹 → 结果（常见错误词替换）
2026-04-26 21:07:33,617 - INFO -   位置120：领彧 → 领域（常见错误词替换）
2026-04-26 21:07:33,617 - INFO -   位置0：✅ → "（置信度 1.0）
2026-04-26 21:07:33,618 - INFO -   位置30：研揪 → 研究（常见错误词替换）
2026-04-26 21:07:33,618 - INFO -   位置54：走像 → 走向（常见错误词替换）
2026-04-26 21:07:33,618 - INFO -   位置59：必需 → 必须（常见错误词替换）
2026-04-26 21:07:33,618 - INFO -   位置70：在次 → 再次（常见错误词替换）
2026-04-26 21:07:33,618 - INFO -   位置99：混烂 → 混乱（常见错误词替换）
2026-04-26 21:07:33,618 - INFO -   位置32：技述 → 技术（常见错误词替换）
2026-04-26 21:07:33,618 - INFO -   位置65：问提 → 问题（常见错误词替换）
2026-04-26 21:07:33,620 - INFO -   位置92：结裹 → 结果（常见错误词替换）
2026-04-26 21:07:33,620 - INFO -   位置9：互联往 → 互联网（常见错误词替换）
2026-04-26 21:07:33,620 - INFO -   位置22：资原 → 资源（常见错误词替换）
2026-04-26 21:07:33,620 - INFO -   位置26：积磊 → 积累（常见错误词替换）
2026-04-26 21:07:33,620 - INFO -   位置33：问提 → 问题（常见错误词替换）
2026-04-26 21:07:33,622 - INFO -   位置84：混烂 → 混乱（常见错误词替换）
2026-04-26 21:07:33,622 - INFO -   位置94：深度学西 → 深度学习（常见错误词替换）
2026-04-26 21:07:33,622 - INFO -   位置106：融和 → 融合（常见错误词替换）
2026-04-26 21:07:33,623 - INFO -   位置126：技述 → 技术（常见错误词替换）
2026-04-26 21:07:33,623 - INFO -   位置0：✅ → "（置信度 0.966）
2026-04-26 21:07:33,623 - INFO -   位置7：研揪 → 研究（常见错误词替换）
2026-04-26 21:07:33,624 - INFO -   位置28：领彧 → 领域（常见错误词替换）
2026-04-26 21:07:33,624 - INFO -   位置51：报高 → 报告（常见错误词替换）
2026-04-26 21:07:33,624 - INFO -   位置82：混烂 → 混乱（常见错误词替换）
2026-04-26 21:07:33,625 - INFO -   位置131：分西 → 分析（常见错误词替换）
2026-04-26 21:07:33,625 - INFO -   位置11：研揪 → 研究（常见错误词替换）
2026-04-26 21:07:33,626 - INFO -   位置73：模形 → 模型（常见错误词替换）
2026-04-26 21:07:33,626 - INFO -   位置102：领彧 → 领域（常见错误词替换）
2026-04-26 21:07:33,626 - INFO -   位置144：策列 → 策略（常见错误词替换）
2026-04-26 21:07:33,626 - INFO -   位置152：优话 → 优化（常见错误词替换）
2026-04-26 21:07:33,626 - INFO -   位置109：研揪 → 研究（常见错误词替换）
2026-04-26 21:07:33,626 - INFO - ============================================================
2026-04-26 21:07:33,628 - INFO - 
🎉 检测完成！结果已保存到: D:\check_teset\output_files\words_error_output.docx
2026-04-26 21:13:35,260 - INFO - 使用设备: cpu
2026-04-26 21:13:35,260 - INFO - [INFO] 加载模型中... (模式: dual)
2026-04-26 21:13:35,260 - INFO - [INFO] 加载双模型: macbert4mdcspell_v3 + pycorrector
2026-04-26 21:13:35,401 - INFO - [OK] 模型加载完成
2026-04-26 21:13:35,401 - INFO - 📄 读取文件: D:\check_teset\test_files\words_error.docx
2026-04-26 21:13:35,415 - INFO - ✅ 读取成功，共 25 段
2026-04-26 21:13:35,415 - INFO - 📝 开始文本纠错...
2026-04-26 21:14:10,563 - INFO - ✅ 文本纠错完成，发现 48 个错别字
2026-04-26 21:14:10,566 - INFO - 🔍 开始语法检测...
2026-04-26 21:14:10,582 - INFO - ✅ 语法检测完成，发现 110 个语法问题，2 个语义问题
2026-04-26 21:14:10,583 - INFO - 📊 处理表格...
2026-04-26 21:14:10,583 - INFO - ✅ 表格处理完成
2026-04-26 21:14:10,583 - INFO - 🖼 处理文档内图片...
2026-04-26 21:14:10,587 - INFO - 📸 提取到 1 张图片
2026-04-26 21:14:10,590 - WARNING - Using CPU. Note: This module is much faster with a GPU.
2026-04-26 21:14:15,080 - INFO - ✅ 图片OCR处理完成
2026-04-26 21:14:15,080 - INFO - 🔢 检测图片编号...
2026-04-26 21:14:15,104 - INFO - ✅ 图片编号检测完成，发现 0 个问题
2026-04-26 21:14:15,105 - INFO - 📋 检测表格编号...
2026-04-26 21:14:15,105 - INFO - ✅ 表格编号检测完成，发现 0 个问题
2026-04-26 21:14:15,105 - INFO - 📚 检测参考文献...
2026-04-26 21:14:15,129 - INFO - 发现 0 条参考文献
2026-04-26 21:14:15,129 - INFO - ✅ 参考文献检测完成，发现 0 个问题
2026-04-26 21:14:15,129 - INFO - 💾 保存结果到: D:\check_teset\output_files\words_error_output.docx
2026-04-26 21:14:15,146 - INFO - ✅ 文件保存成功
2026-04-26 21:14:15,147 - INFO - 
============================================================
2026-04-26 21:14:15,147 - INFO - 📊 智能检测报告
2026-04-26 21:14:15,147 - INFO - ============================================================
2026-04-26 21:14:15,147 - INFO - 错别字: 48
2026-04-26 21:14:15,149 - INFO - 参考文献错误: 0
2026-04-26 21:14:15,149 - INFO - 总错误: 48
2026-04-26 21:14:15,149 - INFO - 
📄 错误详情：
2026-04-26 21:14:15,149 - INFO -   位置13：例 → 本（置信度 1.0）
2026-04-26 21:14:15,150 - INFO -   位置7：深度学西 → 深度学习（常见错误词替换）
2026-04-26 21:14:15,150 - INFO -   位置23：领彧 → 领域（常见错误词替换）
2026-04-26 21:14:15,151 - INFO -   位置26：研揪 → 研究（常见错误词替换）
2026-04-26 21:14:15,151 - INFO -   位置42：学术论问 → 学术论文（常见错误词替换）
2026-04-26 21:14:15,151 - INFO -   位置47：课程报高 → 课程报告（常见错误词替换）
2026-04-26 21:14:15,152 - INFO -   位置49：报高 → 报告（常见错误词替换）
2026-04-26 21:14:15,152 - INFO -   位置79：辩别 → 辨别（常见错误词替换）
2026-04-26 21:14:15,152 - INFO -   位置91：在次 → 再次（常见错误词替换）
2026-04-26 21:14:15,152 - INFO -   位置94：必需 → 必须（常见错误词替换）
2026-04-26 21:14:15,152 - INFO -   位置100：机戒 → 机器（常见错误词替换）
2026-04-26 21:14:15,153 - INFO -   位置154：质良 → 质量（常见错误词替换）
2026-04-26 21:14:15,153 - INFO -   位置100：渡 → 度（置信度 0.997）
2026-04-26 21:14:15,153 - INFO -   位置11：机戒 → 机器（常见错误词替换）
2026-04-26 21:14:15,153 - INFO -   位置24：拟和 → 拟合（常见错误词替换）
2026-04-26 21:14:15,154 - INFO -   位置35：模形 → 模型（常见错误词替换）
2026-04-26 21:14:15,154 - INFO -   位置58：安照 → 按照（常见错误词替换）
2026-04-26 21:14:15,154 - INFO -   位置97：结裹 → 结果（常见错误词替换）
2026-04-26 21:14:15,155 - INFO -   位置120：领彧 → 领域（常见错误词替换）
2026-04-26 21:14:15,155 - INFO -   位置30：研揪 → 研究（常见错误词替换）
2026-04-26 21:14:15,155 - INFO -   位置54：走像 → 走向（常见错误词替换）
2026-04-26 21:14:15,155 - INFO -   位置59：必需 → 必须（常见错误词替换）
2026-04-26 21:14:15,156 - INFO -   位置70：在次 → 再次（常见错误词替换）
2026-04-26 21:14:15,156 - INFO -   位置99：混烂 → 混乱（常见错误词替换）
2026-04-26 21:14:15,156 - INFO -   位置0：✅ → "（置信度 0.986）
2026-04-26 21:14:15,156 - INFO -   位置32：技述 → 技术（常见错误词替换）
2026-04-26 21:14:15,156 - INFO -   位置65：问提 → 问题（常见错误词替换）
2026-04-26 21:14:15,157 - INFO -   位置92：结裹 → 结果（常见错误词替换）
2026-04-26 21:14:15,157 - INFO -   位置9：互联往 → 互联网（常见错误词替换）
2026-04-26 21:14:15,158 - INFO -   位置22：资原 → 资源（常见错误词替换）
2026-04-26 21:14:15,158 - INFO -   位置26：积磊 → 积累（常见错误词替换）
2026-04-26 21:14:15,158 - INFO -   位置33：问提 → 问题（常见错误词替换）
2026-04-26 21:14:15,159 - INFO -   位置84：混烂 → 混乱（常见错误词替换）
2026-04-26 21:14:15,159 - INFO -   位置94：深度学西 → 深度学习（常见错误词替换）
2026-04-26 21:14:15,159 - INFO -   位置106：融和 → 融合（常见错误词替换）
2026-04-26 21:14:15,160 - INFO -   位置126：技述 → 技术（常见错误词替换）
2026-04-26 21:14:15,160 - INFO -   位置7：研揪 → 研究（常见错误词替换）
2026-04-26 21:14:15,161 - INFO -   位置28：领彧 → 领域（常见错误词替换）
2026-04-26 21:14:15,161 - INFO -   位置51：报高 → 报告（常见错误词替换）
2026-04-26 21:14:15,161 - INFO -   位置82：混烂 → 混乱（常见错误词替换）
2026-04-26 21:14:15,162 - INFO -   位置131：分西 → 分析（常见错误词替换）
2026-04-26 21:14:15,162 - INFO -   位置11：研揪 → 研究（常见错误词替换）
2026-04-26 21:14:15,162 - INFO -   位置73：模形 → 模型（常见错误词替换）
2026-04-26 21:14:15,162 - INFO -   位置102：领彧 → 领域（常见错误词替换）
2026-04-26 21:14:15,162 - INFO -   位置144：策列 → 策略（常见错误词替换）
2026-04-26 21:14:15,162 - INFO -   位置152：优话 → 优化（常见错误词替换）
2026-04-26 21:14:15,163 - INFO -   位置109：研揪 → 研究（常见错误词替换）
2026-04-26 21:14:15,163 - INFO -   位置0：✅ → "（置信度 0.994）
2026-04-26 21:14:15,163 - INFO - ============================================================
2026-04-26 21:14:15,163 - INFO - 
🎉 检测完成！结果已保存到: D:\check_teset\output_files\words_error_output.docx
2026-04-26 21:19:21,014 - INFO - 使用设备: cpu
2026-04-26 21:19:21,015 - INFO - [INFO] 加载模型中... (模式: dual)
2026-04-26 21:19:21,015 - INFO - [INFO] 加载双模型: macbert4mdcspell_v3 + pycorrector
2026-04-26 21:19:21,135 - INFO - [OK] 模型加载完成
2026-04-26 21:19:21,136 - INFO - 📄 读取文件: D:\check_teset\test_files\words_error.docx
2026-04-26 21:19:21,149 - INFO - ✅ 读取成功，共 25 段
2026-04-26 21:19:21,149 - INFO - 📝 开始文本纠错...
2026-04-26 21:19:54,272 - INFO - ✅ 文本纠错完成，发现 55 个错别字
2026-04-26 21:19:54,272 - INFO - 🔍 开始语法检测...
2026-04-26 21:19:54,289 - INFO - ✅ 语法检测完成，发现 110 个语法问题，2 个语义问题
2026-04-26 21:19:54,289 - INFO - 📊 处理表格...
2026-04-26 21:19:54,290 - INFO - ✅ 表格处理完成
2026-04-26 21:19:54,290 - INFO - 🖼 处理文档内图片...
2026-04-26 21:19:54,292 - INFO - 📸 提取到 1 张图片
2026-04-26 21:19:54,294 - WARNING - Using CPU. Note: This module is much faster with a GPU.
2026-04-26 21:19:58,791 - INFO - ✅ 图片OCR处理完成
2026-04-26 21:19:58,793 - INFO - 🔢 检测图片编号...
2026-04-26 21:19:58,814 - INFO - ✅ 图片编号检测完成，发现 0 个问题
2026-04-26 21:19:58,814 - INFO - 📋 检测表格编号...
2026-04-26 21:19:58,815 - INFO - ✅ 表格编号检测完成，发现 0 个问题
2026-04-26 21:19:58,816 - INFO - 📚 检测参考文献...
2026-04-26 21:19:58,835 - INFO - 发现 0 条参考文献
2026-04-26 21:19:58,835 - INFO - ✅ 参考文献检测完成，发现 0 个问题
2026-04-26 21:19:58,835 - INFO - 💾 保存结果到: D:\check_teset\output_files\words_error_output.docx
2026-04-26 21:19:58,847 - INFO - ✅ 文件保存成功
2026-04-26 21:19:58,848 - INFO - 
============================================================
2026-04-26 21:19:58,848 - INFO - 📊 智能检测报告
2026-04-26 21:19:58,848 - INFO - ============================================================
2026-04-26 21:19:58,849 - INFO - 错别字: 55
2026-04-26 21:19:58,849 - INFO - 参考文献错误: 0
2026-04-26 21:19:58,849 - INFO - 总错误: 55
2026-04-26 21:19:58,849 - INFO - 
📄 错误详情：
2026-04-26 21:19:58,850 - INFO -   位置13：例 → 本（置信度 1.0）
2026-04-26 21:19:58,850 - INFO -   位置7：深度学西 → 深度学习（常见错误词替换）
2026-04-26 21:19:58,851 - INFO -   位置23：领彧 → 领域（常见错误词替换）
2026-04-26 21:19:58,851 - INFO -   位置26：研揪 → 研究（常见错误词替换）
2026-04-26 21:19:58,851 - INFO -   位置42：学术论问 → 学术论文（常见错误词替换）
2026-04-26 21:19:58,852 - INFO -   位置47：课程报高 → 课程报告（常见错误词替换）
2026-04-26 21:19:58,852 - INFO -   位置49：报高 → 报告（常见错误词替换）
2026-04-26 21:19:58,852 - INFO -   位置79：辩别 → 辨别（常见错误词替换）
2026-04-26 21:19:58,852 - INFO -   位置91：在次 → 再次（常见错误词替换）
2026-04-26 21:19:58,853 - INFO -   位置94：必需 → 必须（常见错误词替换）
2026-04-26 21:19:58,853 - INFO -   位置100：机戒 → 机器（常见错误词替换）
2026-04-26 21:19:58,854 - INFO -   位置154：质良 → 质量（常见错误词替换）
2026-04-26 21:19:58,854 - INFO -   位置100：渡 → 度（置信度 0.997）
2026-04-26 21:19:58,854 - INFO -   位置11：机戒 → 机器（常见错误词替换）
2026-04-26 21:19:58,854 - INFO -   位置24：拟和 → 拟合（常见错误词替换）
2026-04-26 21:19:58,854 - INFO -   位置35：模形 → 模型（常见错误词替换）
2026-04-26 21:19:58,855 - INFO -   位置58：安照 → 按照（常见错误词替换）
2026-04-26 21:19:58,855 - INFO -   位置97：结裹 → 结果（常见错误词替换）
2026-04-26 21:19:58,855 - INFO -   位置120：领彧 → 领域（常见错误词替换）
2026-04-26 21:19:58,855 - INFO -   位置30：研揪 → 研究（常见错误词替换）
2026-04-26 21:19:58,856 - INFO -   位置54：走像 → 走向（常见错误词替换）
2026-04-26 21:19:58,856 - INFO -   位置59：必需 → 必须（常见错误词替换）
2026-04-26 21:19:58,857 - INFO -   位置70：在次 → 再次（常见错误词替换）
2026-04-26 21:19:58,857 - INFO -   位置99：混烂 → 混乱（常见错误词替换）
2026-04-26 21:19:58,857 - INFO -   位置0：✅ → "（置信度 0.986）
2026-04-26 21:19:58,857 - INFO -   位置32：技述 → 技术（常见错误词替换）
2026-04-26 21:19:58,857 - INFO -   位置65：问提 → 问题（常见错误词替换）
2026-04-26 21:19:58,857 - INFO -   位置92：结裹 → 结果（常见错误词替换）
2026-04-26 21:19:58,858 - INFO -   位置9：互联往 → 互联网（常见错误词替换）
2026-04-26 21:19:58,858 - INFO -   位置22：资原 → 资源（常见错误词替换）
2026-04-26 21:19:58,858 - INFO -   位置26：积磊 → 积累（常见错误词替换）
2026-04-26 21:19:58,858 - INFO -   位置33：问提 → 问题（常见错误词替换）
2026-04-26 21:19:58,859 - INFO -   位置84：混烂 → 混乱（常见错误词替换）
2026-04-26 21:19:58,859 - INFO -   位置94：深度学西 → 深度学习（常见错误词替换）
2026-04-26 21:19:58,859 - INFO -   位置106：融和 → 融合（常见错误词替换）
2026-04-26 21:19:58,860 - INFO -   位置126：技述 → 技术（常见错误词替换）
2026-04-26 21:19:58,860 - INFO -   位置7：研揪 → 研究（常见错误词替换）
2026-04-26 21:19:58,860 - INFO -   位置28：领彧 → 领域（常见错误词替换）
2026-04-26 21:19:58,860 - INFO -   位置31：研揪 → 研究（常见错误词替换）
2026-04-26 21:19:58,860 - INFO -   位置51：报高 → 报告（常见错误词替换）
2026-04-26 21:19:58,860 - INFO -   位置59：研揪 → 研究（常见错误词替换）
2026-04-26 21:19:58,862 - INFO -   位置67：研揪 → 研究（常见错误词替换）
2026-04-26 21:19:58,862 - INFO -   位置82：混烂 → 混乱（常见错误词替换）
2026-04-26 21:19:58,862 - INFO -   位置104：研揪 → 研究（常见错误词替换）
2026-04-26 21:19:58,863 - INFO -   位置131：分西 → 分析（常见错误词替换）
2026-04-26 21:19:58,863 - INFO -   位置11：研揪 → 研究（常见错误词替换）
2026-04-26 21:19:58,863 - INFO -   位置73：模形 → 模型（常见错误词替换）
2026-04-26 21:19:58,863 - INFO -   位置102：领彧 → 领域（常见错误词替换）
2026-04-26 21:19:58,864 - INFO -   位置116：研揪 → 研究（常见错误词替换）
2026-04-26 21:19:58,864 - INFO -   位置137：模形 → 模型（常见错误词替换）
2026-04-26 21:19:58,864 - INFO -   位置144：策列 → 策略（常见错误词替换）
2026-04-26 21:19:58,864 - INFO -   位置152：优话 → 优化（常见错误词替换）
2026-04-26 21:19:58,864 - INFO -   位置163：研揪 → 研究（常见错误词替换）
2026-04-26 21:19:58,865 - INFO -   位置109：研揪 → 研究（常见错误词替换）
2026-04-26 21:19:58,865 - INFO -   位置0：✅ → "（置信度 0.994）
2026-04-26 21:19:58,865 - INFO - ============================================================
2026-04-26 21:19:58,865 - INFO - 
🎉 检测完成！结果已保存到: D:\check_teset\output_files\words_error_output.docx
2026-04-26 21:21:24,257 - INFO - 使用设备: cpu
2026-04-26 21:21:24,258 - INFO - [INFO] 加载模型中... (模式: dual)
2026-04-26 21:21:24,258 - INFO - [INFO] 加载双模型: macbert4mdcspell_v3 + pycorrector
2026-04-26 21:21:24,361 - INFO - [OK] 模型加载完成
2026-04-26 21:21:24,361 - INFO - 📄 读取文件: D:\check_teset\test_files\words_error.docx
2026-04-26 21:21:24,374 - INFO - ✅ 读取成功，共 25 段
2026-04-26 21:21:24,374 - INFO - 📝 开始文本纠错...
2026-04-26 21:22:01,210 - INFO - ✅ 文本纠错完成，发现 77 个错别字
2026-04-26 21:22:01,211 - INFO - 🔍 开始语法检测...
2026-04-26 21:22:01,228 - INFO - ✅ 语法检测完成，发现 112 个语法问题，2 个语义问题
2026-04-26 21:22:01,228 - INFO - 📊 处理表格...
2026-04-26 21:22:01,228 - INFO - ✅ 表格处理完成
2026-04-26 21:22:01,228 - INFO - 🖼 处理文档内图片...
2026-04-26 21:22:01,232 - INFO - 📸 提取到 1 张图片
2026-04-26 21:22:01,234 - WARNING - Using CPU. Note: This module is much faster with a GPU.
2026-04-26 21:22:08,597 - INFO - ✅ 图片OCR处理完成
2026-04-26 21:22:08,598 - INFO - 🔢 检测图片编号...
2026-04-26 21:22:08,693 - INFO - ✅ 图片编号检测完成，发现 0 个问题
2026-04-26 21:22:08,693 - INFO - 📋 检测表格编号...
2026-04-26 21:22:08,693 - INFO - ✅ 表格编号检测完成，发现 0 个问题
2026-04-26 21:22:08,693 - INFO - 📚 检测参考文献...
2026-04-26 21:22:08,712 - INFO - 发现 0 条参考文献
2026-04-26 21:22:08,713 - INFO - ✅ 参考文献检测完成，发现 0 个问题
2026-04-26 21:22:08,713 - INFO - 💾 保存结果到: D:\check_teset\output_files\words_error_output.docx
2026-04-26 21:22:09,189 - INFO - ✅ 文件保存成功
2026-04-26 21:22:09,193 - INFO - 
============================================================
2026-04-26 21:22:09,194 - INFO - 📊 智能检测报告
2026-04-26 21:22:09,194 - INFO - ============================================================
2026-04-26 21:22:09,194 - INFO - 错别字: 77
2026-04-26 21:22:09,195 - INFO - 参考文献错误: 0
2026-04-26 21:22:09,195 - INFO - 总错误: 77
2026-04-26 21:22:09,195 - INFO - 
📄 错误详情：
2026-04-26 21:22:09,195 - INFO -   位置13：例 → 本（置信度 1.0）
2026-04-26 21:22:09,195 - INFO -   位置7：深度学西 → 深度学习（常见错误词替换）
2026-04-26 21:22:09,196 - INFO -   位置23：领彧 → 领域（常见错误词替换）
2026-04-26 21:22:09,196 - INFO -   位置26：研揪 → 研究（常见错误词替换）
2026-04-26 21:22:09,196 - INFO -   位置42：学术论问 → 学术论文（常见错误词替换）
2026-04-26 21:22:09,196 - INFO -   位置47：课程报高 → 课程报告（常见错误词替换）
2026-04-26 21:22:09,196 - INFO -   位置49：报高 → 报告（常见错误词替换）
2026-04-26 21:22:09,197 - INFO -   位置79：辩别 → 辨别（常见错误词替换）
2026-04-26 21:22:09,198 - INFO -   位置91：在次 → 再次（常见错误词替换）
2026-04-26 21:22:09,198 - INFO -   位置94：必需 → 必须（常见错误词替换）
2026-04-26 21:22:09,198 - INFO -   位置100：机戒 → 机器（常见错误词替换）
2026-04-26 21:22:09,198 - INFO -   位置103：数剧 → 数据（常见错误词替换）
2026-04-26 21:22:09,198 - INFO -   位置132：耗废 → 耗费（常见错误词替换）
2026-04-26 21:22:09,198 - INFO -   位置154：质良 → 质量（常见错误词替换）
2026-04-26 21:22:09,198 - INFO -   位置161：规法 → 规范（常见错误词替换）
2026-04-26 21:22:09,198 - INFO -   位置100：渡 → 度（置信度 0.997）
2026-04-26 21:22:09,198 - INFO -   位置11：机戒 → 机器（常见错误词替换）
2026-04-26 21:22:09,198 - INFO -   位置20：数剧 → 数据（常见错误词替换）
2026-04-26 21:22:09,200 - INFO -   位置24：拟和 → 拟合（常见错误词替换）
2026-04-26 21:22:09,200 - INFO -   位置35：模形 → 模型（常见错误词替换）
2026-04-26 21:22:09,200 - INFO -   位置58：安照 → 按照（常见错误词替换）
2026-04-26 21:22:09,200 - INFO -   位置97：结裹 → 结果（常见错误词替换）
2026-04-26 21:22:09,200 - INFO -   位置103：方发 → 方法（常见错误词替换）
2026-04-26 21:22:09,200 - INFO -   位置120：领彧 → 领域（常见错误词替换）
2026-04-26 21:22:09,200 - INFO -   位置30：研揪 → 研究（常见错误词替换）
2026-04-26 21:22:09,200 - INFO -   位置54：走像 → 走向（常见错误词替换）
2026-04-26 21:22:09,200 - INFO -   位置59：必需 → 必须（常见错误词替换）
2026-04-26 21:22:09,200 - INFO -   位置70：在次 → 再次（常见错误词替换）
2026-04-26 21:22:09,200 - INFO -   位置99：混烂 → 混乱（常见错误词替换）
2026-04-26 21:22:09,200 - INFO -   位置0：✅ → "（置信度 0.986）
2026-04-26 21:22:09,203 - INFO -   位置32：技述 → 技术（常见错误词替换）
2026-04-26 21:22:09,203 - INFO -   位置65：问提 → 问题（常见错误词替换）
2026-04-26 21:22:09,203 - INFO -   位置85：规法 → 规范（常见错误词替换）
2026-04-26 21:22:09,203 - INFO -   位置92：结裹 → 结果（常见错误词替换）
2026-04-26 21:22:09,203 - INFO -   位置101：方发 → 方法（常见错误词替换）
2026-04-26 21:22:09,203 - INFO -   位置9：互联往 → 互联网（常见错误词替换）
2026-04-26 21:22:09,203 - INFO -   位置22：资原 → 资源（常见错误词替换）
2026-04-26 21:22:09,203 - INFO -   位置26：积磊 → 积累（常见错误词替换）
2026-04-26 21:22:09,203 - INFO -   位置33：问提 → 问题（常见错误词替换）
2026-04-26 21:22:09,205 - INFO -   位置84：混烂 → 混乱（常见错误词替换）
2026-04-26 21:22:09,205 - INFO -   位置94：深度学西 → 深度学习（常见错误词替换）
2026-04-26 21:22:09,205 - INFO -   位置106：融和 → 融合（常见错误词替换）
2026-04-26 21:22:09,205 - INFO -   位置126：技述 → 技术（常见错误词替换）
2026-04-26 21:22:09,205 - INFO -   位置7：研揪 → 研究（常见错误词替换）
2026-04-26 21:22:09,205 - INFO -   位置28：领彧 → 领域（常见错误词替换）
2026-04-26 21:22:09,205 - INFO -   位置31：研揪 → 研究（常见错误词替换）
2026-04-26 21:22:09,206 - INFO -   位置40：趋式 → 趋势（常见错误词替换）
2026-04-26 21:22:09,206 - INFO -   位置51：报高 → 报告（常见错误词替换）
2026-04-26 21:22:09,206 - INFO -   位置59：研揪 → 研究（常见错误词替换）
2026-04-26 21:22:09,206 - INFO -   位置67：研揪 → 研究（常见错误词替换）
2026-04-26 21:22:09,206 - INFO -   位置80：逻缉 → 逻辑（常见错误词替换）
2026-04-26 21:22:09,208 - INFO -   位置82：混烂 → 混乱（常见错误词替换）
2026-04-26 21:22:09,208 - INFO -   位置101：步奏 → 步骤（常见错误词替换）
2026-04-26 21:22:09,208 - INFO -   位置104：研揪 → 研究（常见错误词替换）
2026-04-26 21:22:09,209 - INFO -   位置106：方发 → 方法（常见错误词替换）
2026-04-26 21:22:09,209 - INFO -   位置109：数剧 → 数据（常见错误词替换）
2026-04-26 21:22:09,209 - INFO -   位置116：对笔 → 对比（常见错误词替换）
2026-04-26 21:22:09,209 - INFO -   位置121：基楚 → 基础（常见错误词替换）
2026-04-26 21:22:09,209 - INFO -   位置124：实险 → 实验（常见错误词替换）
2026-04-26 21:22:09,209 - INFO -   位置131：分西 → 分析（常见错误词替换）
2026-04-26 21:22:09,209 - INFO -   位置136：工做 → 工作（常见错误词替换）
2026-04-26 21:22:09,210 - INFO -   位置154：规法 → 规范（常见错误词替换）
2026-04-26 21:22:09,210 - INFO -   位置174：耗废 → 耗费（常见错误词替换）
2026-04-26 21:22:09,211 - INFO -   位置11：研揪 → 研究（常见错误词替换）
2026-04-26 21:22:09,211 - INFO -   位置25：方发 → 方法（常见错误词替换）
2026-04-26 21:22:09,211 - INFO -   位置73：模形 → 模型（常见错误词替换）
2026-04-26 21:22:09,211 - INFO -   位置102：领彧 → 领域（常见错误词替换）
2026-04-26 21:22:09,212 - INFO -   位置116：研揪 → 研究（常见错误词替换）
2026-04-26 21:22:09,212 - INFO -   位置132：数剧 → 数据（常见错误词替换）
2026-04-26 21:22:09,212 - INFO -   位置137：模形 → 模型（常见错误词替换）
2026-04-26 21:22:09,212 - INFO -   位置144：策列 → 策略（常见错误词替换）
2026-04-26 21:22:09,212 - INFO -   位置152：优话 → 优化（常见错误词替换）
2026-04-26 21:22:09,212 - INFO -   位置163：研揪 → 研究（常见错误词替换）
2026-04-26 21:22:09,212 - INFO -   位置56：工做 → 工作（常见错误词替换）
2026-04-26 21:22:09,213 - INFO -   位置109：研揪 → 研究（常见错误词替换）
2026-04-26 21:22:09,213 - INFO -   位置111：工做 → 工作（常见错误词替换）
2026-04-26 21:22:09,213 - INFO -   位置0：✅ → "（置信度 0.994）
2026-04-26 21:22:09,213 - INFO - ============================================================
2026-04-26 21:22:09,213 - INFO - 
🎉 检测完成！结果已保存到: D:\check_teset\output_files\words_error_output.docx
2026-04-26 21:34:02,118 - INFO - 使用设备: cpu
2026-04-26 21:34:02,119 - INFO - [INFO] 加载模型中... (模式: dual)
2026-04-26 21:34:02,119 - INFO - [INFO] 加载双模型: macbert4mdcspell_v3 + pycorrector
2026-04-26 21:34:02,242 - INFO - [OK] 模型加载完成
2026-04-26 21:34:02,242 - INFO - 📄 读取文件: D:\check_teset\test_files\sentences_error.docx
2026-04-26 21:34:02,275 - INFO - ✅ 读取成功，共 76 段
2026-04-26 21:34:02,276 - INFO - 📝 开始文本纠错...
2026-04-26 21:34:34,165 - INFO - ✅ 文本纠错完成，发现 3 个错别字
2026-04-26 21:34:34,165 - INFO - 🔍 开始语法检测...
2026-04-26 21:34:34,178 - INFO - ✅ 语法检测完成，发现 2 个语法问题，1 个语义问题
2026-04-26 21:34:34,178 - INFO - 📊 处理表格...
2026-04-26 21:34:34,178 - INFO - ✅ 表格处理完成
2026-04-26 21:34:34,178 - INFO - 🖼 处理文档内图片...
2026-04-26 21:34:34,178 - INFO - 📸 提取到 1 张图片
2026-04-26 21:34:34,182 - WARNING - Using CPU. Note: This module is much faster with a GPU.
2026-04-26 21:34:38,643 - INFO - ✅ 图片OCR处理完成
2026-04-26 21:34:38,644 - INFO - 🔢 检测图片编号...
2026-04-26 21:34:38,658 - INFO - ✅ 图片编号检测完成，发现 0 个问题
2026-04-26 21:34:38,659 - INFO - 📋 检测表格编号...
2026-04-26 21:34:38,659 - INFO - ✅ 表格编号检测完成，发现 0 个问题
2026-04-26 21:34:38,659 - INFO - 📚 检测参考文献...
2026-04-26 21:34:38,673 - INFO - 发现 0 条参考文献
2026-04-26 21:34:38,673 - INFO - ✅ 参考文献检测完成，发现 0 个问题
2026-04-26 21:34:38,674 - INFO - 💾 保存结果到: D:\check_teset\output_files\sentences_error_output.docx
2026-04-26 21:34:38,687 - INFO - ✅ 文件保存成功
2026-04-26 21:34:38,687 - INFO - 
============================================================
2026-04-26 21:34:38,687 - INFO - 📊 智能检测报告
2026-04-26 21:34:38,687 - INFO - ============================================================
2026-04-26 21:34:38,687 - INFO - 错别字: 3
2026-04-26 21:34:38,688 - INFO - 参考文献错误: 0
2026-04-26 21:34:38,688 - INFO - 总错误: 3
2026-04-26 21:34:38,688 - INFO - 
📄 错误详情：
2026-04-26 21:34:38,688 - INFO -   位置10：病 → 言（置信度 0.902）
2026-04-26 21:34:38,689 - INFO -   位置5：病 → 法（置信度 0.904）
2026-04-26 21:34:38,689 - INFO -   位置5：通 → 同（置信度 0.961）
2026-04-26 21:34:38,690 - INFO - ============================================================
2026-04-26 21:34:38,690 - INFO - 
🎉 检测完成！结果已保存到: D:\check_teset\output_files\sentences_error_output.docx
2026-04-26 21:35:38,391 - INFO - 使用设备: cpu
2026-04-26 21:35:38,391 - INFO - [INFO] 加载模型中... (模式: dual)
2026-04-26 21:35:38,391 - INFO - [INFO] 加载双模型: macbert4mdcspell_v3 + pycorrector
2026-04-26 21:35:38,486 - INFO - [OK] 模型加载完成
2026-04-26 21:35:38,487 - INFO - 📄 读取文件: D:\check_teset\test_files\sentences_error.docx
2026-04-26 21:35:38,509 - INFO - ✅ 读取成功，共 76 段
2026-04-26 21:35:38,509 - INFO - 📝 开始文本纠错...
2026-04-26 21:36:12,944 - INFO - ✅ 文本纠错完成，发现 0 个错别字
2026-04-26 21:36:12,944 - INFO - 🔍 开始语法检测...
2026-04-26 21:36:12,957 - INFO - ✅ 语法检测完成，发现 1 个语法问题，1 个语义问题
2026-04-26 21:36:12,958 - INFO - 📊 处理表格...
2026-04-26 21:36:12,958 - INFO - ✅ 表格处理完成
2026-04-26 21:36:12,958 - INFO - 🖼 处理文档内图片...
2026-04-26 21:36:12,960 - INFO - 📸 提取到 1 张图片
2026-04-26 21:36:12,960 - WARNING - Using CPU. Note: This module is much faster with a GPU.
2026-04-26 21:36:17,618 - INFO - ✅ 图片OCR处理完成
2026-04-26 21:36:17,619 - INFO - 🔢 检测图片编号...
2026-04-26 21:36:17,627 - INFO - ✅ 图片编号检测完成，发现 0 个问题
2026-04-26 21:36:17,627 - INFO - 📋 检测表格编号...
2026-04-26 21:36:17,627 - INFO - ✅ 表格编号检测完成，发现 0 个问题
2026-04-26 21:36:17,627 - INFO - 📚 检测参考文献...
2026-04-26 21:36:17,640 - INFO - 发现 0 条参考文献
2026-04-26 21:36:17,640 - INFO - ✅ 参考文献检测完成，发现 0 个问题
2026-04-26 21:36:17,640 - INFO - 💾 保存结果到: D:\check_teset\output_files\sentences_error_output.docx
2026-04-26 21:36:17,655 - INFO - ✅ 文件保存成功
2026-04-26 21:36:17,655 - INFO - 
============================================================
2026-04-26 21:36:17,655 - INFO - 📊 智能检测报告
2026-04-26 21:36:17,655 - INFO - ============================================================
2026-04-26 21:36:17,657 - INFO - 错别字: 0
2026-04-26 21:36:17,657 - INFO - 参考文献错误: 0
2026-04-26 21:36:17,657 - INFO - 总错误: 0
2026-04-26 21:36:17,657 - INFO - ============================================================
2026-04-26 21:36:17,658 - INFO - 
🎉 检测完成！结果已保存到: D:\check_teset\output_files\sentences_error_output.docx
2026-04-26 21:39:11,352 - INFO - 使用设备: cpu
2026-04-26 21:39:11,352 - INFO - [INFO] 加载模型中... (模式: dual)
2026-04-26 21:39:11,352 - INFO - [INFO] 加载双模型: macbert4mdcspell_v3 + pycorrector
2026-04-26 21:39:11,455 - INFO - [OK] 模型加载完成
2026-04-26 21:39:11,455 - INFO - 📄 读取文件: D:\check_teset\test_files\sentences_error.docx
2026-04-26 21:39:11,470 - INFO - ✅ 读取成功，共 76 段
2026-04-26 21:39:11,472 - INFO - 📝 开始文本纠错...
2026-04-26 21:39:42,329 - INFO - ✅ 文本纠错完成，发现 0 个错别字
2026-04-26 21:39:42,330 - INFO - 🔍 开始语法检测...
2026-04-26 21:39:42,349 - INFO - ✅ 语法检测完成，发现 17 个语法问题，1 个语义问题
2026-04-26 21:39:42,350 - INFO - 📊 处理表格...
2026-04-26 21:39:42,350 - INFO - ✅ 表格处理完成
2026-04-26 21:39:42,351 - INFO - 🖼 处理文档内图片...
2026-04-26 21:39:42,353 - INFO - 📸 提取到 1 张图片
2026-04-26 21:39:42,354 - WARNING - Using CPU. Note: This module is much faster with a GPU.
2026-04-26 21:39:46,722 - INFO - ✅ 图片OCR处理完成
2026-04-26 21:39:46,723 - INFO - 🔢 检测图片编号...
2026-04-26 21:39:46,737 - INFO - ✅ 图片编号检测完成，发现 0 个问题
2026-04-26 21:39:46,738 - INFO - 📋 检测表格编号...
2026-04-26 21:39:46,738 - INFO - ✅ 表格编号检测完成，发现 0 个问题
2026-04-26 21:39:46,739 - INFO - 📚 检测参考文献...
2026-04-26 21:39:46,747 - INFO - 发现 0 条参考文献
2026-04-26 21:39:46,747 - INFO - ✅ 参考文献检测完成，发现 0 个问题
2026-04-26 21:39:46,747 - INFO - 💾 保存结果到: D:\check_teset\output_files\sentences_error_output.docx
2026-04-26 21:39:46,762 - INFO - ✅ 文件保存成功
2026-04-26 21:39:46,762 - INFO - 
============================================================
2026-04-26 21:39:46,762 - INFO - 📊 智能检测报告
2026-04-26 21:39:46,762 - INFO - ============================================================
2026-04-26 21:39:46,762 - INFO - 错别字: 0
2026-04-26 21:39:46,764 - INFO - 参考文献错误: 0
2026-04-26 21:39:46,764 - INFO - 总错误: 0
2026-04-26 21:39:46,764 - INFO - ============================================================
2026-04-26 21:39:46,764 - INFO - 
🎉 检测完成！结果已保存到: D:\check_teset\output_files\sentences_error_output.docx
2026-04-26 21:48:40,176 - INFO - 使用设备: cpu
2026-04-26 21:48:40,176 - INFO - [INFO] 加载模型中... (模式: dual)
2026-04-26 21:48:40,176 - INFO - [INFO] 加载双模型: macbert4mdcspell_v3 + pycorrector
2026-04-26 21:48:40,312 - INFO - [OK] 模型加载完成
2026-04-26 21:48:40,312 - INFO - 📄 读取文件: D:\check_teset\test_files\sentences_error.docx
2026-04-26 21:48:40,326 - INFO - ✅ 读取成功，共 76 段
2026-04-26 21:48:40,326 - INFO - 📝 开始文本纠错...
2026-04-26 21:49:14,918 - INFO - ✅ 文本纠错完成，发现 0 个错别字
2026-04-26 21:49:14,920 - INFO - 🔍 开始语法检测...
2026-04-26 21:49:14,939 - INFO - ✅ 语法检测完成，发现 17 个语法问题，1 个语义问题
2026-04-26 21:49:14,940 - INFO - 📊 处理表格...
2026-04-26 21:49:14,941 - INFO - ✅ 表格处理完成
2026-04-26 21:49:14,941 - INFO - 🖼 处理文档内图片...
2026-04-26 21:49:14,943 - INFO - 📸 提取到 1 张图片
2026-04-26 21:49:14,943 - WARNING - Using CPU. Note: This module is much faster with a GPU.
2026-04-26 21:49:19,302 - INFO - ✅ 图片OCR处理完成
2026-04-26 21:49:19,302 - INFO - 🔢 检测图片编号...
2026-04-26 21:49:19,313 - INFO - ✅ 图片编号检测完成，发现 0 个问题
2026-04-26 21:49:19,314 - INFO - 📋 检测表格编号...
2026-04-26 21:49:19,314 - INFO - ✅ 表格编号检测完成，发现 0 个问题
2026-04-26 21:49:19,314 - INFO - 📚 检测参考文献...
2026-04-26 21:49:19,323 - INFO - 发现 0 条参考文献
2026-04-26 21:49:19,323 - INFO - ✅ 参考文献检测完成，发现 0 个问题
2026-04-26 21:49:19,325 - INFO - 💾 保存结果到: D:\check_teset\output_files\sentences_error_output.docx
2026-04-26 21:49:19,327 - ERROR - ❌ 保存文件失败: [Errno 13] Permission denied: 'D:\\check_teset\\output_files\\sentences_error_output.docx'
2026-04-26 21:49:19,327 - ERROR - ❌ 处理失败
2026-04-26 21:52:22,298 - INFO - 使用设备: cpu
2026-04-26 21:52:22,298 - INFO - [INFO] 加载模型中... (模式: dual)
2026-04-26 21:52:22,298 - INFO - [INFO] 加载双模型: macbert4mdcspell_v3 + pycorrector
2026-04-26 21:52:22,411 - INFO - [OK] 模型加载完成
2026-04-26 21:52:22,411 - INFO - 📄 读取文件: D:\check_teset\test_files\sentences_error.docx
2026-04-26 21:52:22,429 - INFO - ✅ 读取成功，共 76 段
2026-04-26 21:52:22,429 - INFO - 📝 开始文本纠错...
2026-04-26 21:52:54,807 - INFO - ✅ 文本纠错完成，发现 0 个错别字
2026-04-26 21:52:54,808 - INFO - 🔍 开始语法检测...
2026-04-26 21:52:54,826 - INFO - ✅ 语法检测完成，发现 17 个语法问题，1 个语义问题
2026-04-26 21:52:54,826 - INFO - 📊 处理表格...
2026-04-26 21:52:54,828 - INFO - ✅ 表格处理完成
2026-04-26 21:52:54,828 - INFO - 🖼 处理文档内图片...
2026-04-26 21:52:54,830 - INFO - 📸 提取到 1 张图片
2026-04-26 21:52:54,831 - WARNING - Using CPU. Note: This module is much faster with a GPU.
2026-04-26 21:52:59,150 - INFO - ✅ 图片OCR处理完成
2026-04-26 21:52:59,150 - INFO - 🔢 检测图片编号...
2026-04-26 21:52:59,167 - INFO - ✅ 图片编号检测完成，发现 0 个问题
2026-04-26 21:52:59,167 - INFO - 📋 检测表格编号...
2026-04-26 21:52:59,168 - INFO - ✅ 表格编号检测完成，发现 0 个问题
2026-04-26 21:52:59,168 - INFO - 📚 检测参考文献...
2026-04-26 21:52:59,177 - INFO - 发现 0 条参考文献
2026-04-26 21:52:59,177 - INFO - ✅ 参考文献检测完成，发现 0 个问题
2026-04-26 21:52:59,177 - INFO - 💾 保存结果到: D:\check_teset\output_files\sentences_error_output_new.docx
2026-04-26 21:52:59,191 - INFO - ✅ 文件保存成功
2026-04-26 21:52:59,191 - INFO - 
============================================================
2026-04-26 21:52:59,191 - INFO - 📊 智能检测报告
2026-04-26 21:52:59,192 - INFO - ============================================================
2026-04-26 21:52:59,192 - INFO - 错别字: 0
2026-04-26 21:52:59,192 - INFO - 参考文献错误: 0
2026-04-26 21:52:59,192 - INFO - 总错误: 0
2026-04-26 21:52:59,193 - INFO - ============================================================
2026-04-26 21:52:59,193 - INFO - 
🎉 检测完成！结果已保存到: D:\check_teset\output_files\sentences_error_output_new.docx
2026-04-26 21:59:15,117 - INFO - 使用设备: cpu
2026-04-26 21:59:15,118 - INFO - [INFO] 加载模型中... (模式: dual)
2026-04-26 21:59:15,118 - INFO - [INFO] 加载双模型: macbert4mdcspell_v3 + pycorrector
2026-04-26 21:59:15,387 - INFO - [OK] 模型加载完成
2026-04-26 21:59:15,389 - INFO - 📄 读取文件: D:\check_teset\test_files\sentences_error.docx
2026-04-26 21:59:15,423 - INFO - ✅ 读取成功，共 76 段
2026-04-26 21:59:15,424 - INFO - 📝 开始文本纠错...
2026-04-26 22:00:05,856 - INFO - ✅ 文本纠错完成，发现 0 个错别字
2026-04-26 22:00:05,856 - INFO - 🔍 开始语法检测...
2026-04-26 22:00:05,889 - INFO - ✅ 语法检测完成，发现 17 个语法问题，1 个语义问题
2026-04-26 22:00:05,892 - INFO - 📊 处理表格...
2026-04-26 22:00:05,892 - INFO - ✅ 表格处理完成
2026-04-26 22:00:05,892 - INFO - 🖼 处理文档内图片...
2026-04-26 22:00:05,892 - INFO - 📸 提取到 1 张图片
2026-04-26 22:00:05,895 - WARNING - Using CPU. Note: This module is much faster with a GPU.
2026-04-26 22:00:10,204 - INFO - ✅ 图片OCR处理完成
2026-04-26 22:00:10,204 - INFO - 🔢 检测图片编号...
2026-04-26 22:00:10,222 - INFO - ✅ 图片编号检测完成，发现 0 个问题
2026-04-26 22:00:10,223 - INFO - 📋 检测表格编号...
2026-04-26 22:00:10,223 - INFO - ✅ 表格编号检测完成，发现 0 个问题
2026-04-26 22:00:10,224 - INFO - 📚 检测参考文献...
2026-04-26 22:00:10,240 - INFO - 发现 0 条参考文献
2026-04-26 22:00:10,240 - INFO - ✅ 参考文献检测完成，发现 0 个问题
2026-04-26 22:00:10,240 - INFO - 💾 保存结果到: D:\check_teset\output_files\sentences_error_output_new.docx
2026-04-26 22:00:10,250 - INFO - ✅ 文件保存成功
2026-04-26 22:00:10,250 - INFO - 
============================================================
2026-04-26 22:00:10,252 - INFO - 📊 智能检测报告
2026-04-26 22:00:10,252 - INFO - ============================================================
2026-04-26 22:00:10,252 - INFO - 错别字: 0
2026-04-26 22:00:10,252 - INFO - 参考文献错误: 0
2026-04-26 22:00:10,253 - INFO - 总错误: 0
2026-04-26 22:00:10,253 - INFO - ============================================================
2026-04-26 22:00:10,253 - INFO - 
🎉 检测完成！结果已保存到: D:\check_teset\output_files\sentences_error_output_new.docx
2026-04-26 22:07:39,578 - INFO - 使用设备: cpu
2026-04-26 22:07:39,579 - INFO - [INFO] 加载模型中... (模式: dual)
2026-04-26 22:07:39,579 - INFO - [INFO] 加载双模型: macbert4mdcspell_v3 + pycorrector
2026-04-26 22:07:39,708 - INFO - [OK] 模型加载完成
2026-04-26 22:07:39,709 - INFO - 📄 读取文件: D:\check_teset\test_files\sentences_error.docx
2026-04-26 22:07:39,722 - INFO - ✅ 读取成功，共 76 段
2026-04-26 22:07:39,722 - INFO - 📝 开始文本纠错...
2026-04-26 22:08:16,938 - INFO - ✅ 文本纠错完成，发现 0 个错别字
2026-04-26 22:08:16,942 - INFO - 🔍 开始语法检测...
2026-04-26 22:08:16,968 - INFO - ✅ 语法检测完成，发现 17 个语法问题，1 个语义问题
2026-04-26 22:08:16,968 - INFO - 📊 处理表格...
2026-04-26 22:08:16,969 - INFO - ✅ 表格处理完成
2026-04-26 22:08:16,969 - INFO - 🖼 处理文档内图片...
2026-04-26 22:08:16,970 - INFO - 📸 提取到 1 张图片
2026-04-26 22:08:16,972 - WARNING - Using CPU. Note: This module is much faster with a GPU.
2026-04-26 22:08:21,032 - INFO - ✅ 图片OCR处理完成
2026-04-26 22:08:21,034 - INFO - 🔢 检测图片编号...
2026-04-26 22:08:21,044 - INFO - ✅ 图片编号检测完成，发现 0 个问题
2026-04-26 22:08:21,045 - INFO - 📋 检测表格编号...
2026-04-26 22:08:21,045 - INFO - ✅ 表格编号检测完成，发现 0 个问题
2026-04-26 22:08:21,045 - INFO - 📚 检测参考文献...
2026-04-26 22:08:21,054 - INFO - 发现 0 条参考文献
2026-04-26 22:08:21,054 - INFO - ✅ 参考文献检测完成，发现 0 个问题
2026-04-26 22:08:21,055 - INFO - 💾 保存结果到: D:\check_teset\output_files\sentences_error_output_new.docx
2026-04-26 22:08:21,057 - ERROR - ❌ 保存文件失败: [Errno 13] Permission denied: 'D:\\check_teset\\output_files\\sentences_error_output_new.docx'
2026-04-26 22:08:21,057 - ERROR - ❌ 处理失败
2026-04-26 22:08:48,925 - INFO - 使用设备: cpu
2026-04-26 22:08:48,926 - INFO - [INFO] 加载模型中... (模式: dual)
2026-04-26 22:08:48,926 - INFO - [INFO] 加载双模型: macbert4mdcspell_v3 + pycorrector
2026-04-26 22:08:49,062 - INFO - [OK] 模型加载完成
2026-04-26 22:08:49,062 - INFO - 📄 读取文件: D:\check_teset\test_files\sentences_error.docx
2026-04-26 22:08:49,079 - INFO - ✅ 读取成功，共 76 段
2026-04-26 22:08:49,080 - INFO - 📝 开始文本纠错...
2026-04-26 22:09:18,639 - INFO - ✅ 文本纠错完成，发现 0 个错别字
2026-04-26 22:09:18,640 - INFO - 🔍 开始语法检测...
2026-04-26 22:09:18,663 - INFO - ✅ 语法检测完成，发现 17 个语法问题，1 个语义问题
2026-04-26 22:09:18,663 - INFO - 📊 处理表格...
2026-04-26 22:09:18,664 - INFO - ✅ 表格处理完成
2026-04-26 22:09:18,664 - INFO - 🖼 处理文档内图片...
2026-04-26 22:09:18,666 - INFO - 📸 提取到 1 张图片
2026-04-26 22:09:18,666 - WARNING - Using CPU. Note: This module is much faster with a GPU.
2026-04-26 22:09:22,814 - INFO - ✅ 图片OCR处理完成
2026-04-26 22:09:22,814 - INFO - 🔢 检测图片编号...
2026-04-26 22:09:22,826 - INFO - ✅ 图片编号检测完成，发现 0 个问题
2026-04-26 22:09:22,827 - INFO - 📋 检测表格编号...
2026-04-26 22:09:22,827 - INFO - ✅ 表格编号检测完成，发现 0 个问题
2026-04-26 22:09:22,827 - INFO - 📚 检测参考文献...
2026-04-26 22:09:22,836 - INFO - 发现 0 条参考文献
2026-04-26 22:09:22,839 - INFO - ✅ 参考文献检测完成，发现 0 个问题
2026-04-26 22:09:22,839 - INFO - 💾 保存结果到: D:\check_teset\output_files\sentences_error_output_v2.docx
2026-04-26 22:09:22,850 - INFO - ✅ 文件保存成功
2026-04-26 22:09:22,850 - INFO - 
============================================================
2026-04-26 22:09:22,851 - INFO - 📊 智能检测报告
2026-04-26 22:09:22,851 - INFO - ============================================================
2026-04-26 22:09:22,851 - INFO - 错别字: 0
2026-04-26 22:09:22,851 - INFO - 参考文献错误: 0
2026-04-26 22:09:22,852 - INFO - 总错误: 0
2026-04-26 22:09:22,852 - INFO - ============================================================
2026-04-26 22:09:22,852 - INFO - 
🎉 检测完成！结果已保存到: D:\check_teset\output_files\sentences_error_output_v2.docx
2026-04-26 22:12:08,492 - INFO - 使用设备: cpu
2026-04-26 22:12:08,492 - INFO - [INFO] 加载模型中... (模式: dual)
2026-04-26 22:12:08,492 - INFO - [INFO] 加载双模型: macbert4mdcspell_v3 + pycorrector
2026-04-26 22:12:08,612 - INFO - [OK] 模型加载完成
2026-04-26 22:12:08,613 - INFO - 📄 读取文件: D:\check_teset\test_files\sentences_error.docx
2026-04-26 22:12:08,629 - INFO - ✅ 读取成功，共 76 段
2026-04-26 22:12:08,630 - INFO - 📝 开始文本纠错...
2026-04-26 22:17:41,208 - INFO - 使用设备: cpu
2026-04-26 22:17:41,208 - INFO - [INFO] 加载模型中... (模式: dual)
2026-04-26 22:17:41,208 - INFO - [INFO] 加载双模型: macbert4mdcspell_v3 + pycorrector
2026-04-26 22:17:41,340 - INFO - [OK] 模型加载完成
2026-04-26 22:17:41,341 - INFO - 📄 读取文件: D:\check_teset\test_files\sentences_error.docx
2026-04-26 22:17:41,354 - INFO - ✅ 读取成功，共 76 段
2026-04-26 22:17:41,354 - INFO - 📝 开始文本纠错...
2026-04-26 22:18:15,327 - INFO - ✅ 文本纠错完成，发现 0 个错别字
2026-04-26 22:18:15,328 - INFO - 🔍 开始语法检测...
2026-04-26 22:18:15,366 - INFO - ✅ 语法检测完成，发现 17 个语法问题，1 个语义问题
2026-04-26 22:18:15,366 - INFO - 📊 处理表格...
2026-04-26 22:18:15,366 - INFO - ✅ 表格处理完成
2026-04-26 22:18:15,367 - INFO - 🖼 处理文档内图片...
2026-04-26 22:18:15,369 - INFO - 📸 提取到 1 张图片
2026-04-26 22:18:15,370 - WARNING - Using CPU. Note: This module is much faster with a GPU.
2026-04-26 22:18:19,183 - INFO - ✅ 图片OCR处理完成
2026-04-26 22:18:19,183 - INFO - 🔢 检测图片编号...
2026-04-26 22:18:19,209 - INFO - ✅ 图片编号检测完成，发现 0 个问题
2026-04-26 22:18:19,209 - INFO - 📋 检测表格编号...
2026-04-26 22:18:19,210 - INFO - ✅ 表格编号检测完成，发现 0 个问题
2026-04-26 22:18:19,210 - INFO - 📚 检测参考文献...
2026-04-26 22:18:19,241 - INFO - 发现 0 条参考文献
2026-04-26 22:18:19,242 - INFO - ✅ 参考文献检测完成，发现 0 个问题
2026-04-26 22:18:19,242 - INFO - 💾 保存结果到: D:\check_teset\output_files\sentences_error_output_v3.docx
2026-04-26 22:18:19,253 - INFO - ✅ 文件保存成功
2026-04-26 22:18:19,253 - INFO - 
============================================================
2026-04-26 22:18:19,253 - INFO - 📊 智能检测报告
2026-04-26 22:18:19,253 - INFO - ============================================================
2026-04-26 22:18:19,254 - INFO - 错别字: 0
2026-04-26 22:18:19,254 - INFO - 参考文献错误: 0
2026-04-26 22:18:19,254 - INFO - 总错误: 0
2026-04-26 22:18:19,254 - INFO - ============================================================
2026-04-26 22:18:19,254 - INFO - 
🎉 检测完成！结果已保存到: D:\check_teset\output_files\sentences_error_output_v3.docx
2026-04-26 22:28:04,011 - INFO - 使用设备: cpu
2026-04-26 22:28:04,014 - INFO - [INFO] 加载模型中... (模式: dual)
2026-04-26 22:28:04,014 - INFO - [INFO] 加载双模型: macbert4mdcspell_v3 + pycorrector
2026-04-26 22:28:04,232 - INFO - [OK] 模型加载完成
2026-04-26 22:28:04,232 - INFO - 📄 读取文件: D:\check_teset\test_files\sentences_error.docx
2026-04-26 22:28:04,262 - INFO - ✅ 读取成功，共 76 段
2026-04-26 22:28:04,262 - INFO - 📝 开始文本纠错...
2026-04-26 22:28:48,112 - INFO - ✅ 文本纠错完成，发现 0 个错别字
2026-04-26 22:28:48,113 - INFO - 🔍 开始语法检测...
2026-04-26 22:28:48,151 - ERROR - ❌ 正文处理失败: cannot access local variable 're' where it is not associated with a value
2026-04-26 22:28:48,151 - INFO - 📊 处理表格...
2026-04-26 22:28:48,151 - INFO - ✅ 表格处理完成
2026-04-26 22:28:48,151 - INFO - 🖼 处理文档内图片...
2026-04-26 22:28:48,153 - INFO - 📸 提取到 1 张图片
2026-04-26 22:28:48,153 - WARNING - Using CPU. Note: This module is much faster with a GPU.
2026-04-26 22:28:52,740 - INFO - ✅ 图片OCR处理完成
2026-04-26 22:28:52,741 - INFO - 🔢 检测图片编号...
2026-04-26 22:28:52,772 - INFO - ✅ 图片编号检测完成，发现 0 个问题
2026-04-26 22:28:52,773 - INFO - 📋 检测表格编号...
2026-04-26 22:28:52,773 - INFO - ✅ 表格编号检测完成，发现 0 个问题
2026-04-26 22:28:52,774 - INFO - 📚 检测参考文献...
2026-04-26 22:28:52,818 - INFO - 发现 0 条参考文献
2026-04-26 22:28:52,820 - INFO - ✅ 参考文献检测完成，发现 0 个问题
2026-04-26 22:28:52,820 - INFO - 💾 保存结果到: D:\check_teset\output_files\sentences_error_output_v4.docx
2026-04-26 22:28:52,833 - INFO - ✅ 文件保存成功
2026-04-26 22:28:52,834 - INFO - 
============================================================
2026-04-26 22:28:52,834 - INFO - 📊 智能检测报告
2026-04-26 22:28:52,835 - INFO - ============================================================
2026-04-26 22:28:52,835 - INFO - 错别字: 0
2026-04-26 22:28:52,835 - INFO - 参考文献错误: 0
2026-04-26 22:28:52,835 - INFO - 总错误: 0
2026-04-26 22:28:52,835 - INFO - ============================================================
2026-04-26 22:28:52,836 - INFO - 
🎉 检测完成！结果已保存到: D:\check_teset\output_files\sentences_error_output_v4.docx
2026-04-26 22:29:40,358 - INFO - 使用设备: cpu
2026-04-26 22:29:40,358 - INFO - [INFO] 加载模型中... (模式: dual)
2026-04-26 22:29:40,358 - INFO - [INFO] 加载双模型: macbert4mdcspell_v3 + pycorrector
2026-04-26 22:29:40,460 - INFO - [OK] 模型加载完成
2026-04-26 22:29:40,461 - INFO - 📄 读取文件: D:\check_teset\test_files\sentences_error.docx
2026-04-26 22:29:40,477 - INFO - ✅ 读取成功，共 76 段
2026-04-26 22:29:40,477 - INFO - 📝 开始文本纠错...
2026-04-26 22:30:16,366 - INFO - ✅ 文本纠错完成，发现 0 个错别字
2026-04-26 22:30:16,367 - INFO - 🔍 开始语法检测...
2026-04-26 22:30:16,418 - INFO - ✅ 语法检测完成，发现 22 个语法问题，1 个语义问题
2026-04-26 22:30:16,418 - INFO - 📊 处理表格...
2026-04-26 22:30:16,418 - INFO - ✅ 表格处理完成
2026-04-26 22:30:16,418 - INFO - 🖼 处理文档内图片...
2026-04-26 22:30:16,421 - INFO - 📸 提取到 1 张图片
2026-04-26 22:30:16,422 - WARNING - Using CPU. Note: This module is much faster with a GPU.
2026-04-26 22:30:21,009 - INFO - ✅ 图片OCR处理完成
2026-04-26 22:30:21,010 - INFO - 🔢 检测图片编号...
2026-04-26 22:30:21,051 - INFO - ✅ 图片编号检测完成，发现 0 个问题
2026-04-26 22:30:21,053 - INFO - 📋 检测表格编号...
2026-04-26 22:30:21,053 - INFO - ✅ 表格编号检测完成，发现 0 个问题
2026-04-26 22:30:21,053 - INFO - 📚 检测参考文献...
2026-04-26 22:30:21,096 - INFO - 发现 0 条参考文献
2026-04-26 22:30:21,097 - INFO - ✅ 参考文献检测完成，发现 0 个问题
2026-04-26 22:30:21,097 - INFO - 💾 保存结果到: D:\check_teset\output_files\sentences_error_output_v4.docx
2026-04-26 22:30:21,111 - INFO - ✅ 文件保存成功
2026-04-26 22:30:21,112 - INFO - 
============================================================
2026-04-26 22:30:21,112 - INFO - 📊 智能检测报告
2026-04-26 22:30:21,113 - INFO - ============================================================
2026-04-26 22:30:21,113 - INFO - 错别字: 0
2026-04-26 22:30:21,113 - INFO - 参考文献错误: 0
2026-04-26 22:30:21,114 - INFO - 总错误: 0
2026-04-26 22:30:21,114 - INFO - ============================================================
2026-04-26 22:30:21,114 - INFO - 
🎉 检测完成！结果已保存到: D:\check_teset\output_files\sentences_error_output_v4.docx
2026-04-26 22:43:13,380 - INFO - 使用设备: cpu
2026-04-26 22:43:13,381 - INFO - [INFO] 加载模型中... (模式: dual)
2026-04-26 22:43:13,381 - INFO - [INFO] 加载双模型: macbert4mdcspell_v3 + pycorrector
2026-04-26 22:43:13,719 - INFO - [OK] 模型加载完成
2026-04-26 22:43:13,720 - INFO - 📄 读取文件: D:\check_teset\test_files\sentences_error.docx
2026-04-26 22:43:13,754 - INFO - ✅ 读取成功，共 76 段
2026-04-26 22:43:13,754 - INFO - 📝 开始文本纠错...
2026-04-26 22:44:40,814 - INFO - ✅ 文本纠错完成，发现 0 个错别字
2026-04-26 22:44:40,822 - INFO - 🔍 开始语法检测...
2026-04-26 22:44:40,983 - INFO - ✅ 语法检测完成，发现 12 个语法问题，1 个语义问题
2026-04-26 22:44:40,983 - INFO - 📊 处理表格...
2026-04-26 22:44:40,983 - INFO - ✅ 表格处理完成
2026-04-26 22:44:40,985 - INFO - 🖼 处理文档内图片...
2026-04-26 22:44:40,990 - INFO - 📸 提取到 1 张图片
2026-04-26 22:44:40,992 - WARNING - Using CPU. Note: This module is much faster with a GPU.
2026-04-26 22:44:49,063 - INFO - ✅ 图片OCR处理完成
2026-04-26 22:44:49,063 - INFO - 🔢 检测图片编号...
2026-04-26 22:44:49,121 - INFO - ✅ 图片编号检测完成，发现 0 个问题
2026-04-26 22:44:49,121 - INFO - 📋 检测表格编号...
2026-04-26 22:44:49,122 - INFO - ✅ 表格编号检测完成，发现 0 个问题
2026-04-26 22:44:49,122 - INFO - 📚 检测参考文献...
2026-04-26 22:44:49,180 - INFO - 发现 0 条参考文献
2026-04-26 22:44:49,180 - INFO - ✅ 参考文献检测完成，发现 0 个问题
2026-04-26 22:44:49,182 - INFO - 💾 保存结果到: D:\check_teset\output_files\sentences_error_output_v5.docx
2026-04-26 22:44:49,195 - INFO - ✅ 文件保存成功
2026-04-26 22:44:49,199 - INFO - 
============================================================
2026-04-26 22:44:49,199 - INFO - 📊 智能检测报告
2026-04-26 22:44:49,200 - INFO - ============================================================
2026-04-26 22:44:49,200 - INFO - 错别字: 0
2026-04-26 22:44:49,201 - INFO - 参考文献错误: 0
2026-04-26 22:44:49,201 - INFO - 总错误: 0
2026-04-26 22:44:49,201 - INFO - ============================================================
2026-04-26 22:44:49,201 - INFO - 
🎉 检测完成！结果已保存到: D:\check_teset\output_files\sentences_error_output_v5.docx
2026-04-27 12:57:09,434 - INFO - 使用设备: cpu
2026-04-27 12:57:09,434 - INFO - [INFO] 加载模型中... (模式: dual)
2026-04-27 12:57:09,434 - INFO - [INFO] 加载双模型: macbert4mdcspell_v3 + pycorrector
2026-04-27 12:57:09,587 - INFO - [OK] 模型加载完成
2026-04-27 12:57:09,587 - INFO - 📄 读取文件: D:\check_teset\test_files\sentences_error.docx
2026-04-27 12:57:09,603 - INFO - ✅ 读取成功，共 76 段
2026-04-27 12:57:09,603 - INFO - 📝 开始文本纠错...
2026-04-27 12:57:40,011 - INFO - ✅ 文本纠错完成，发现 0 个错别字
2026-04-27 12:57:40,011 - INFO - 🔍 开始语法检测...
2026-04-27 12:57:40,056 - INFO - ✅ 语法检测完成，发现 1 个语法问题，0 个语义问题
2026-04-27 12:57:40,056 - INFO - 📊 处理表格...
2026-04-27 12:57:40,056 - INFO - ✅ 表格处理完成
2026-04-27 12:57:40,056 - INFO - 🖼 处理文档内图片...
2026-04-27 12:57:40,060 - INFO - 📸 提取到 1 张图片
2026-04-27 12:57:40,061 - WARNING - Using CPU. Note: This module is much faster with a GPU.
2026-04-27 12:57:43,883 - INFO - ✅ 图片OCR处理完成
2026-04-27 12:57:43,884 - INFO - 🔢 检测图片编号...
2026-04-27 12:57:43,893 - INFO - ✅ 图片编号检测完成，发现 0 个问题
2026-04-27 12:57:43,894 - INFO - 📋 检测表格编号...
2026-04-27 12:57:43,894 - INFO - ✅ 表格编号检测完成，发现 0 个问题
2026-04-27 12:57:43,894 - INFO - 📚 检测参考文献...
2026-04-27 12:57:43,901 - INFO - 发现 0 条参考文献
2026-04-27 12:57:43,901 - INFO - ✅ 参考文献检测完成，发现 0 个问题
2026-04-27 12:57:43,901 - INFO - 💾 保存结果到: D:\check_teset\output_files\sentences_error_output_v6.docx
2026-04-27 12:57:43,910 - INFO - ✅ 文件保存成功
2026-04-27 12:57:43,910 - INFO - 
============================================================
2026-04-27 12:57:43,910 - INFO - 📊 智能检测报告
2026-04-27 12:57:43,910 - INFO - ============================================================
2026-04-27 12:57:43,910 - INFO - 错别字: 0
2026-04-27 12:57:43,910 - INFO - 参考文献错误: 0
2026-04-27 12:57:43,910 - INFO - 总错误: 0
2026-04-27 12:57:43,912 - INFO - ============================================================
2026-04-27 12:57:43,912 - INFO - 
🎉 检测完成！结果已保存到: D:\check_teset\output_files\sentences_error_output_v6.docx
2026-04-27 13:44:19,290 - INFO - 使用设备: cpu
2026-04-27 13:44:19,290 - INFO - [INFO] 加载模型中... (模式: dual)
2026-04-27 13:44:19,290 - INFO - [INFO] 加载双模型: macbert4mdcspell_v3 + pycorrector
2026-04-27 13:44:19,417 - INFO - [OK] 模型加载完成
2026-04-27 13:44:19,418 - INFO - 📄 读取文件: test_files/sentences_error.docx
2026-04-27 13:44:19,437 - INFO - ✅ 读取成功，共 76 段
2026-04-27 13:44:19,437 - INFO - 📝 开始文本纠错...
2026-04-27 13:44:48,954 - INFO - ✅ 文本纠错完成，发现 0 个错别字
2026-04-27 13:44:48,954 - INFO - 🔍 开始语法检测...
2026-04-27 13:44:48,967 - ERROR - ❌ 正文处理失败: cannot access local variable 're' where it is not associated with a value
2026-04-27 13:44:48,967 - INFO - 📊 处理表格...
2026-04-27 13:44:48,967 - INFO - ✅ 表格处理完成
2026-04-27 13:44:48,967 - INFO - 🖼 处理文档内图片...
2026-04-27 13:44:48,970 - INFO - 📸 提取到 1 张图片
2026-04-27 13:44:48,972 - WARNING - Using CPU. Note: This module is much faster with a GPU.
2026-04-27 13:44:52,768 - INFO - ✅ 图片OCR处理完成
2026-04-27 13:44:52,768 - INFO - 🔢 检测图片编号...
2026-04-27 13:44:52,775 - INFO - ✅ 图片编号检测完成，发现 0 个问题
2026-04-27 13:44:52,777 - INFO - 📋 检测表格编号...
2026-04-27 13:44:52,777 - INFO - ✅ 表格编号检测完成，发现 0 个问题
2026-04-27 13:44:52,777 - INFO - 📚 检测参考文献...
2026-04-27 13:44:52,783 - INFO - 发现 0 条参考文献
2026-04-27 13:44:52,783 - INFO - ✅ 参考文献检测完成，发现 0 个问题
2026-04-27 13:44:52,783 - INFO - 💾 保存结果到: test_files/sentences_error_result.docx
2026-04-27 13:44:52,791 - INFO - ✅ 文件保存成功
2026-04-27 13:44:52,792 - INFO - 
============================================================
2026-04-27 13:44:52,792 - INFO - 📊 智能检测报告
2026-04-27 13:44:52,792 - INFO - ============================================================
2026-04-27 13:44:52,792 - INFO - 错别字: 0
2026-04-27 13:44:52,792 - INFO - 参考文献错误: 0
2026-04-27 13:44:52,792 - INFO - 总错误: 0
2026-04-27 13:44:52,792 - INFO - ============================================================
2026-04-27 13:44:52,792 - INFO - 
🎉 检测完成！结果已保存到: test_files/sentences_error_result.docx
2026-04-27 13:46:00,062 - INFO - 使用设备: cpu
2026-04-27 13:46:00,065 - INFO - [INFO] 加载模型中... (模式: dual)
2026-04-27 13:46:00,065 - INFO - [INFO] 加载双模型: macbert4mdcspell_v3 + pycorrector
2026-04-27 13:46:00,163 - INFO - [OK] 模型加载完成
2026-04-27 13:46:00,163 - INFO - 📄 读取文件: test_files/sentences_error.docx
2026-04-27 13:46:00,180 - INFO - ✅ 读取成功，共 76 段
2026-04-27 13:46:00,180 - INFO - 📝 开始文本纠错...
2026-04-27 13:46:32,230 - INFO - ✅ 文本纠错完成，发现 0 个错别字
2026-04-27 13:46:32,230 - INFO - 🔍 开始语法检测...
2026-04-27 13:46:32,279 - INFO - ✅ 语法检测完成，发现 35 个语法问题，0 个语义问题
2026-04-27 13:46:32,279 - INFO - 📊 处理表格...
2026-04-27 13:46:32,279 - INFO - ✅ 表格处理完成
2026-04-27 13:46:32,279 - INFO - 🖼 处理文档内图片...
2026-04-27 13:46:32,281 - INFO - 📸 提取到 1 张图片
2026-04-27 13:46:32,283 - WARNING - Using CPU. Note: This module is much faster with a GPU.
2026-04-27 13:46:36,088 - INFO - ✅ 图片OCR处理完成
2026-04-27 13:46:36,088 - INFO - 🔢 检测图片编号...
2026-04-27 13:46:36,127 - INFO - ✅ 图片编号检测完成，发现 0 个问题
2026-04-27 13:46:36,127 - INFO - 📋 检测表格编号...
2026-04-27 13:46:36,127 - INFO - ✅ 表格编号检测完成，发现 0 个问题
2026-04-27 13:46:36,128 - INFO - 📚 检测参考文献...
2026-04-27 13:46:36,181 - INFO - 发现 0 条参考文献
2026-04-27 13:46:36,182 - INFO - ✅ 参考文献检测完成，发现 0 个问题
2026-04-27 13:46:36,182 - INFO - 💾 保存结果到: test_files/sentences_error_result.docx
2026-04-27 13:46:36,193 - INFO - ✅ 文件保存成功
2026-04-27 13:46:36,193 - INFO - 
============================================================
2026-04-27 13:46:36,193 - INFO - 📊 智能检测报告
2026-04-27 13:46:36,193 - INFO - ============================================================
2026-04-27 13:46:36,193 - INFO - 错别字: 0
2026-04-27 13:46:36,194 - INFO - 参考文献错误: 0
2026-04-27 13:46:36,194 - INFO - 总错误: 0
2026-04-27 13:46:36,194 - INFO - ============================================================
2026-04-27 13:46:36,194 - INFO - 
🎉 检测完成！结果已保存到: test_files/sentences_error_result.docx
2026-04-27 14:07:58,244 - INFO - 使用设备: cpu
2026-04-27 14:07:58,244 - INFO - [INFO] 加载模型中... (模式: dual)
2026-04-27 14:07:58,244 - INFO - [INFO] 加载双模型: macbert4mdcspell_v3 + pycorrector
2026-04-27 14:07:58,366 - INFO - [OK] 模型加载完成
2026-04-27 14:07:58,366 - INFO - 📄 读取文件: test_files/articles_error.docx
2026-04-27 14:07:58,384 - INFO - ✅ 读取成功，共 70 段
2026-04-27 14:07:58,385 - INFO - 📝 开始文本纠错...
2026-04-27 14:08:16,616 - INFO - ✅ 文本纠错完成，发现 66 个错别字
2026-04-27 14:08:16,616 - INFO - 🔍 开始语法检测...
2026-04-27 14:08:16,647 - INFO - ✅ 语法检测完成，发现 3 个语法问题，0 个语义问题
2026-04-27 14:08:16,647 - INFO - 📊 处理表格...
2026-04-27 14:08:16,647 - INFO - ✅ 表格处理完成
2026-04-27 14:08:16,648 - INFO - 🖼 处理文档内图片...
2026-04-27 14:08:16,649 - INFO - 📸 提取到 1 张图片
2026-04-27 14:08:16,650 - WARNING - Using CPU. Note: This module is much faster with a GPU.
2026-04-27 14:08:20,254 - INFO - ✅ 图片OCR处理完成
2026-04-27 14:08:20,254 - INFO - 🔢 检测图片编号...
2026-04-27 14:08:20,287 - INFO - ✅ 图片编号检测完成，发现 0 个问题
2026-04-27 14:08:20,287 - INFO - 📋 检测表格编号...
2026-04-27 14:08:20,287 - INFO - ✅ 表格编号检测完成，发现 0 个问题
2026-04-27 14:08:20,288 - INFO - 📚 检测参考文献...
2026-04-27 14:08:20,314 - INFO - 发现 0 条参考文献
2026-04-27 14:08:20,314 - INFO - ✅ 参考文献检测完成，发现 0 个问题
2026-04-27 14:08:20,315 - INFO - 💾 保存结果到: test_files/articles_error_result.docx
2026-04-27 14:08:20,323 - INFO - ✅ 文件保存成功
2026-04-27 14:08:20,324 - INFO - 
============================================================
2026-04-27 14:08:20,324 - INFO - 📊 智能检测报告
2026-04-27 14:08:20,324 - INFO - ============================================================
2026-04-27 14:08:20,324 - INFO - 错别字: 66
2026-04-27 14:08:20,324 - INFO - 参考文献错误: 0
2026-04-27 14:08:20,324 - INFO - 总错误: 66
2026-04-27 14:08:20,324 - INFO - 
📄 错误详情：
2026-04-27 14:08:20,324 - INFO -   位置27：例 → 本（置信度 1.0）
2026-04-27 14:08:20,324 - INFO -   位置12：例 → 本（置信度 1.0）
2026-04-27 14:08:20,324 - INFO -   位置30：( → （（置信度 1.0）
2026-04-27 14:08:20,324 - INFO -   位置32：( → （（置信度 1.0）
2026-04-27 14:08:20,324 - INFO -   位置12：例 → 本（置信度 1.0）
2026-04-27 14:08:20,324 - INFO -   位置15：七 → 期（置信度 0.927）
2026-04-27 14:08:20,326 - INFO -   位置18：版 → 习（置信度 1.0）
2026-04-27 14:08:20,326 - INFO -   位置12：例 → 本（置信度 0.999）
2026-04-27 14:08:20,326 - INFO -   位置19：院 → 习（置信度 0.989）
2026-04-27 14:08:20,326 - INFO -   位置15：例 → 本（置信度 0.999）
2026-04-27 14:08:20,326 - INFO -   位置18：例 → 本（置信度 1.0）
2026-04-27 14:08:20,326 - INFO -   位置18：例 → 本（置信度 1.0）
2026-04-27 14:08:20,326 - INFO -   位置2：✅ → "（置信度 0.998）
2026-04-27 14:08:20,326 - INFO -   位置36：( → （（置信度 0.999）
2026-04-27 14:08:20,326 - INFO -   位置38：) → ）（置信度 0.97）
2026-04-27 14:08:20,326 - INFO -   位置45：. → 。（置信度 0.999）
2026-04-27 14:08:20,328 - INFO -   位置2：✅ → "（置信度 1.0）
2026-04-27 14:08:20,328 - INFO -   位置25：. → 。（置信度 0.996）
2026-04-27 14:08:20,328 - INFO -   位置2：✅ → "（置信度 1.0）
2026-04-27 14:08:20,329 - INFO -   位置29：. → 。（置信度 1.0）
2026-04-27 14:08:20,329 - INFO -   位置2：✅ → "（置信度 1.0）
2026-04-27 14:08:20,329 - INFO -   位置33：. → 。（置信度 1.0）
2026-04-27 14:08:20,329 - INFO -   位置2：✅ → "（置信度 1.0）
2026-04-27 14:08:20,329 - INFO -   位置35：( → （（置信度 1.0）
2026-04-27 14:08:20,329 - INFO -   位置37：) → ）（置信度 0.94）
2026-04-27 14:08:20,330 - INFO -   位置38：. → 。（置信度 1.0）
2026-04-27 14:08:20,330 - INFO -   位置2：✅ → "（置信度 1.0）
2026-04-27 14:08:20,330 - INFO -   位置42：. → 。（置信度 1.0）
2026-04-27 14:08:20,330 - INFO -   位置2：✅ → "（置信度 1.0）
2026-04-27 14:08:20,330 - INFO -   位置23：. → 。（置信度 0.997）
2026-04-27 14:08:20,330 - INFO -   位置2：✅ → "（置信度 1.0）
2026-04-27 14:08:20,331 - INFO -   位置29：. → 。（置信度 0.999）
2026-04-27 14:08:20,331 - INFO -   位置2：✅ → "（置信度 1.0）
2026-04-27 14:08:20,331 - INFO -   位置30：. → 。（置信度 1.0）
2026-04-27 14:08:20,331 - INFO -   位置2：✅ → "（置信度 1.0）
2026-04-27 14:08:20,331 - INFO -   位置32：. → 。（置信度 0.997）
2026-04-27 14:08:20,331 - INFO -   位置2：✅ → "（置信度 1.0）
2026-04-27 14:08:20,331 - INFO -   位置28：. → 。（置信度 0.998）
2026-04-27 14:08:20,332 - INFO -   位置2：✅ → "（置信度 0.999）
2026-04-27 14:08:20,332 - INFO -   位置31：. → 。（置信度 0.993）
2026-04-27 14:08:20,332 - INFO -   位置2：✅ → "（置信度 1.0）
2026-04-27 14:08:20,332 - INFO -   位置25：. → 。（置信度 0.999）
2026-04-27 14:08:20,332 - INFO -   位置2：✅ → "（置信度 1.0）
2026-04-27 14:08:20,332 - INFO -   位置27：. → 。（置信度 0.999）
2026-04-27 14:08:20,333 - INFO -   位置2：✅ → "（置信度 1.0）
2026-04-27 14:08:20,333 - INFO -   位置31：. → 。（置信度 0.999）
2026-04-27 14:08:20,333 - INFO -   位置2：✅ → "（置信度 1.0）
2026-04-27 14:08:20,333 - INFO -   位置31：. → 。（置信度 1.0）
2026-04-27 14:08:20,333 - INFO -   位置2：✅ → "（置信度 1.0）
2026-04-27 14:08:20,333 - INFO -   位置29：. → 。（置信度 1.0）
2026-04-27 14:08:20,333 - INFO -   位置2：✅ → "（置信度 1.0）
2026-04-27 14:08:20,333 - INFO -   位置29：. → 。（置信度 0.999）
2026-04-27 14:08:20,333 - INFO -   位置2：✅ → "（置信度 0.999）
2026-04-27 14:08:20,333 - INFO -   位置32：. → 。（置信度 0.997）
2026-04-27 14:08:20,334 - INFO -   位置2：✅ → "（置信度 0.998）
2026-04-27 14:08:20,334 - INFO -   位置32：. → 。（置信度 0.996）
2026-04-27 14:08:20,334 - INFO -   位置2：✅ → "（置信度 1.0）
2026-04-27 14:08:20,335 - INFO -   位置28：. → 。（置信度 0.999）
2026-04-27 14:08:20,335 - INFO -   位置2：✅ → "（置信度 1.0）
2026-04-27 14:08:20,335 - INFO -   位置32：. → 。（置信度 0.998）
2026-04-27 14:08:20,335 - INFO -   位置5：✅ → "（置信度 1.0）
2026-04-27 14:08:20,335 - INFO -   位置26：( → （（置信度 1.0）
2026-04-27 14:08:20,335 - INFO -   位置29：) → ）（置信度 1.0）
2026-04-27 14:08:20,335 - INFO -   位置30：. → 。（置信度 1.0）
2026-04-27 14:08:20,335 - INFO -   位置5：✅ → "（置信度 1.0）
2026-04-27 14:08:20,335 - INFO -   位置42：. → 。（置信度 1.0）
2026-04-27 14:08:20,335 - INFO - ============================================================
2026-04-27 14:08:20,336 - INFO - 
🎉 检测完成！结果已保存到: test_files/articles_error_result.docx
2026-04-27 14:09:08,755 - INFO - 使用设备: cpu
2026-04-27 14:09:08,755 - INFO - [INFO] 加载模型中... (模式: dual)
2026-04-27 14:09:08,755 - INFO - [INFO] 加载双模型: macbert4mdcspell_v3 + pycorrector
2026-04-27 14:09:08,853 - INFO - [OK] 模型加载完成
2026-04-27 14:09:08,854 - INFO - 📄 读取文件: test_files/articles_error.docx
2026-04-27 14:09:08,869 - INFO - ✅ 读取成功，共 70 段
2026-04-27 14:09:08,869 - INFO - 📝 开始文本纠错...
2026-04-27 14:09:26,949 - INFO - ✅ 文本纠错完成，发现 66 个错别字
2026-04-27 14:09:26,949 - INFO - 🔍 开始语法检测...
2026-04-27 14:09:26,979 - INFO - ✅ 语法检测完成，发现 3 个语法问题，0 个语义问题
2026-04-27 14:09:26,979 - INFO - 📊 处理表格...
2026-04-27 14:09:26,979 - INFO - ✅ 表格处理完成
2026-04-27 14:09:26,979 - INFO - 🖼 处理文档内图片...
2026-04-27 14:09:26,984 - INFO - 📸 提取到 1 张图片
2026-04-27 14:09:26,987 - WARNING - Using CPU. Note: This module is much faster with a GPU.
2026-04-27 14:09:30,661 - INFO - ✅ 图片OCR处理完成
2026-04-27 14:09:30,661 - INFO - 🔢 检测图片编号...
2026-04-27 14:09:30,695 - INFO - ✅ 图片编号检测完成，发现 0 个问题
2026-04-27 14:09:30,695 - INFO - 📋 检测表格编号...
2026-04-27 14:09:30,695 - INFO - ✅ 表格编号检测完成，发现 0 个问题
2026-04-27 14:09:30,696 - INFO - 📚 检测参考文献...
2026-04-27 14:09:30,729 - INFO - 发现 37 条参考文献
2026-04-27 14:09:44,299 - INFO - ✅ 参考文献检测完成，发现 117 个问题
2026-04-27 14:09:44,299 - INFO - 💾 保存结果到: test_files/articles_error_result.docx
2026-04-27 14:09:44,308 - INFO - ✅ 文件保存成功
2026-04-27 14:09:44,309 - INFO - 
============================================================
2026-04-27 14:09:44,309 - INFO - 📊 智能检测报告
2026-04-27 14:09:44,309 - INFO - ============================================================
2026-04-27 14:09:44,309 - INFO - 错别字: 93
2026-04-27 14:09:44,309 - INFO - 参考文献错误: 117
2026-04-27 14:09:44,309 - INFO - 总错误: 210
2026-04-27 14:09:44,309 - INFO - 
📄 错误详情：
2026-04-27 14:09:44,310 - INFO -   位置27：例 → 本（置信度 1.0）
2026-04-27 14:09:44,310 - INFO -   位置12：例 → 本（置信度 1.0）
2026-04-27 14:09:44,310 - INFO -   位置30：( → （（置信度 1.0）
2026-04-27 14:09:44,310 - INFO -   位置32：( → （（置信度 1.0）
2026-04-27 14:09:44,310 - INFO -   位置12：例 → 本（置信度 1.0）
2026-04-27 14:09:44,310 - INFO -   位置15：七 → 期（置信度 0.927）
2026-04-27 14:09:44,310 - INFO -   位置18：版 → 习（置信度 1.0）
2026-04-27 14:09:44,310 - INFO -   位置12：例 → 本（置信度 0.999）
2026-04-27 14:09:44,310 - INFO -   位置19：院 → 习（置信度 0.989）
2026-04-27 14:09:44,310 - INFO -   位置15：例 → 本（置信度 0.999）
2026-04-27 14:09:44,310 - INFO -   位置18：例 → 本（置信度 1.0）
2026-04-27 14:09:44,310 - INFO -   位置18：例 → 本（置信度 1.0）
2026-04-27 14:09:44,310 - INFO -   位置2：✅ → "（置信度 0.998）
2026-04-27 14:09:44,310 - INFO -   位置36：( → （（置信度 0.999）
2026-04-27 14:09:44,310 - INFO -   位置38：) → ）（置信度 0.97）
2026-04-27 14:09:44,310 - INFO -   位置45：. → 。（置信度 0.999）
2026-04-27 14:09:44,312 - INFO -   位置2：✅ → "（置信度 1.0）
2026-04-27 14:09:44,312 - INFO -   位置25：. → 。（置信度 0.996）
2026-04-27 14:09:44,312 - INFO -   位置2：✅ → "（置信度 1.0）
2026-04-27 14:09:44,312 - INFO -   位置29：. → 。（置信度 1.0）
2026-04-27 14:09:44,312 - INFO -   位置2：✅ → "（置信度 1.0）
2026-04-27 14:09:44,312 - INFO -   位置33：. → 。（置信度 1.0）
2026-04-27 14:09:44,312 - INFO -   位置2：✅ → "（置信度 1.0）
2026-04-27 14:09:44,312 - INFO -   位置35：( → （（置信度 1.0）
2026-04-27 14:09:44,312 - INFO -   位置37：) → ）（置信度 0.94）
2026-04-27 14:09:44,312 - INFO -   位置38：. → 。（置信度 1.0）
2026-04-27 14:09:44,312 - INFO -   位置2：✅ → "（置信度 1.0）
2026-04-27 14:09:44,312 - INFO -   位置42：. → 。（置信度 1.0）
2026-04-27 14:09:44,312 - INFO -   位置2：✅ → "（置信度 1.0）
2026-04-27 14:09:44,312 - INFO -   位置23：. → 。（置信度 0.997）
2026-04-27 14:09:44,313 - INFO -   位置2：✅ → "（置信度 1.0）
2026-04-27 14:09:44,313 - INFO -   位置29：. → 。（置信度 0.999）
2026-04-27 14:09:44,313 - INFO -   位置2：✅ → "（置信度 1.0）
2026-04-27 14:09:44,313 - INFO -   位置30：. → 。（置信度 1.0）
2026-04-27 14:09:44,313 - INFO -   位置2：✅ → "（置信度 1.0）
2026-04-27 14:09:44,313 - INFO -   位置32：. → 。（置信度 0.997）
2026-04-27 14:09:44,313 - INFO -   位置2：✅ → "（置信度 1.0）
2026-04-27 14:09:44,313 - INFO -   位置28：. → 。（置信度 0.998）
2026-04-27 14:09:44,313 - INFO -   位置2：✅ → "（置信度 0.999）
2026-04-27 14:09:44,313 - INFO -   位置31：. → 。（置信度 0.993）
2026-04-27 14:09:44,313 - INFO -   位置2：✅ → "（置信度 1.0）
2026-04-27 14:09:44,314 - INFO -   位置25：. → 。（置信度 0.999）
2026-04-27 14:09:44,314 - INFO -   位置2：✅ → "（置信度 1.0）
2026-04-27 14:09:44,314 - INFO -   位置27：. → 。（置信度 0.999）
2026-04-27 14:09:44,314 - INFO -   位置2：✅ → "（置信度 1.0）
2026-04-27 14:09:44,314 - INFO -   位置31：. → 。（置信度 0.999）
2026-04-27 14:09:44,314 - INFO -   位置2：✅ → "（置信度 1.0）
2026-04-27 14:09:44,314 - INFO -   位置31：. → 。（置信度 1.0）
2026-04-27 14:09:44,314 - INFO -   位置2：✅ → "（置信度 1.0）
2026-04-27 14:09:44,314 - INFO -   位置29：. → 。（置信度 1.0）
2026-04-27 14:09:44,314 - INFO -   位置2：✅ → "（置信度 1.0）
2026-04-27 14:09:44,314 - INFO -   位置29：. → 。（置信度 0.999）
2026-04-27 14:09:44,314 - INFO -   位置2：✅ → "（置信度 0.999）
2026-04-27 14:09:44,315 - INFO -   位置32：. → 。（置信度 0.997）
2026-04-27 14:09:44,315 - INFO -   位置2：✅ → "（置信度 0.998）
2026-04-27 14:09:44,315 - INFO -   位置32：. → 。（置信度 0.996）
2026-04-27 14:09:44,315 - INFO -   位置2：✅ → "（置信度 1.0）
2026-04-27 14:09:44,315 - INFO -   位置28：. → 。（置信度 0.999）
2026-04-27 14:09:44,315 - INFO -   位置2：✅ → "（置信度 1.0）
2026-04-27 14:09:44,315 - INFO -   位置32：. → 。（置信度 0.998）
2026-04-27 14:09:44,315 - INFO -   位置5：✅ → "（置信度 1.0）
2026-04-27 14:09:44,315 - INFO -   位置26：( → （（置信度 1.0）
2026-04-27 14:09:44,315 - INFO -   位置29：) → ）（置信度 1.0）
2026-04-27 14:09:44,315 - INFO -   位置30：. → 。（置信度 1.0）
2026-04-27 14:09:44,315 - INFO -   位置5：✅ → "（置信度 1.0）
2026-04-27 14:09:44,315 - INFO -   位置42：. → 。（置信度 1.0）
2026-04-27 14:09:44,316 - INFO -   参考文献：2. 文本纠错算法研究进展，李四，计算机科学 → 编号格式建议使用方括号 [2]
2026-04-27 14:09:44,316 - INFO -   参考文献：2. 文本纠错算法研究进展，李四，计算机科学 → 缺少文献类型标识（如[J]期刊、[M]专著、[D]学位论文、[R/OL]电子报告）
2026-04-27 14:09:44,316 - INFO -   参考文献：2. 文本纠错算法研究进展，李四，计算机科学 → 作者后缺少句号分隔符（应为：作者．标题）
2026-04-27 14:09:44,316 - INFO -   参考文献：2. 文本纠错算法研究进展，李四，计算机科学 → 缺少年份（应为4位数字，如2023）
2026-04-27 14:09:44,316 - INFO -   参考文献：2. 文本纠错算法研究进展，李四，计算机科学 → 参考文献末尾建议添加句号
2026-04-27 14:09:44,316 - INFO -   参考文献：3. 深度学习模型优化研究，王五，信息技术，2022 → 编号格式建议使用方括号 [3]
2026-04-27 14:09:44,316 - INFO -   参考文献：3. 深度学习模型优化研究，王五，信息技术，2022 → 缺少文献类型标识（如[J]期刊、[M]专著、[D]学位论文、[R/OL]电子报告）
2026-04-27 14:09:44,316 - INFO -   参考文献：3. 深度学习模型优化研究，王五，信息技术，2022 → 作者后缺少句号分隔符（应为：作者．标题）
2026-04-27 14:09:44,316 - INFO -   参考文献：3. 深度学习模型优化研究，王五，信息技术，2022 → 参考文献末尾建议添加句号
2026-04-27 14:09:44,316 - INFO -   参考文献：4. 智能校对系统设计与实现，赵六，软件导刊，2021，30 → 编号格式建议使用方括号 [4]
2026-04-27 14:09:44,316 - INFO -   参考文献：4. 智能校对系统设计与实现，赵六，软件导刊，2021，30 → 缺少文献类型标识（如[J]期刊、[M]专著、[D]学位论文、[R/OL]电子报告）
2026-04-27 14:09:44,316 - INFO -   参考文献：4. 智能校对系统设计与实现，赵六，软件导刊，2021，30 → 作者后缺少句号分隔符（应为：作者．标题）
2026-04-27 14:09:44,316 - INFO -   参考文献：4. 智能校对系统设计与实现，赵六，软件导刊，2021，30 → 参考文献末尾建议添加句号
2026-04-27 14:09:44,316 - INFO -   参考文献：6. 计算机视觉图表识别研究，孙八，电脑知识与技术，2023，10:20-25 → 编号格式建议使用方括号 [6]
2026-04-27 14:09:44,316 - INFO -   参考文献：6. 计算机视觉图表识别研究，孙八，电脑知识与技术，2023，10:20-25 → 缺少文献类型标识（如[J]期刊、[M]专著、[D]学位论文、[R/OL]电子报告）
2026-04-27 14:09:44,316 - INFO -   参考文献：6. 计算机视觉图表识别研究，孙八，电脑知识与技术，2023，10:20-25 → 作者后缺少句号分隔符（应为：作者．标题）
2026-04-27 14:09:44,317 - INFO -   参考文献：6. 计算机视觉图表识别研究，孙八，电脑知识与技术，2023，10:20-25 → 参考文献末尾建议添加句号
2026-04-27 14:09:44,317 - INFO -   参考文献：7. 学术排版规范研究，周九，教育现代化 → 编号格式建议使用方括号 [7]
2026-04-27 14:09:44,318 - INFO -   参考文献：7. 学术排版规范研究，周九，教育现代化 → 缺少文献类型标识（如[J]期刊、[M]专著、[D]学位论文、[R/OL]电子报告）
2026-04-27 14:09:44,318 - INFO -   参考文献：7. 学术排版规范研究，周九，教育现代化 → 作者后缺少句号分隔符（应为：作者．标题）
2026-04-27 14:09:44,318 - INFO -   参考文献：7. 学术排版规范研究，周九，教育现代化 → 缺少年份（应为4位数字，如2023）
2026-04-27 14:09:44,318 - INFO -   参考文献：7. 学术排版规范研究，周九，教育现代化 → 参考文献末尾建议添加句号
2026-04-27 14:09:44,318 - INFO -   参考文献：2. 自然语言处理基础教程，王五，清华大学出版社 → 编号格式建议使用方括号 [2]
2026-04-27 14:09:44,318 - INFO -   参考文献：2. 自然语言处理基础教程，王五，清华大学出版社 → 缺少文献类型标识（如[J]期刊、[M]专著、[D]学位论文、[R/OL]电子报告）
2026-04-27 14:09:44,318 - INFO -   参考文献：2. 自然语言处理基础教程，王五，清华大学出版社 → 作者后缺少句号分隔符（应为：作者．标题）
2026-04-27 14:09:44,318 - INFO -   参考文献：2. 自然语言处理基础教程，王五，清华大学出版社 → 缺少年份（应为4位数字，如2023）
2026-04-27 14:09:44,318 - INFO -   参考文献：2. 自然语言处理基础教程，王五，清华大学出版社 → 参考文献末尾建议添加句号
2026-04-27 14:09:44,318 - INFO -   参考文献：3. 计算机视觉技术手册，赵六，上海出版社2022 → 编号格式建议使用方括号 [3]
2026-04-27 14:09:44,319 - INFO -   参考文献：3. 计算机视觉技术手册，赵六，上海出版社2022 → 缺少文献类型标识（如[J]期刊、[M]专著、[D]学位论文、[R/OL]电子报告）
2026-04-27 14:09:44,319 - INFO -   参考文献：3. 计算机视觉技术手册，赵六，上海出版社2022 → 作者后缺少句号分隔符（应为：作者．标题）
2026-04-27 14:09:44,319 - INFO -   参考文献：3. 计算机视觉技术手册，赵六，上海出版社2022 → 参考文献末尾建议添加句号
2026-04-27 14:09:44,319 - INFO -   参考文献：3. 钱七.图表编号自动检测研究，本科毕业论文 → 编号格式建议使用方括号 [3]
2026-04-27 14:09:44,319 - INFO -   参考文献：3. 钱七.图表编号自动检测研究，本科毕业论文 → 缺少文献类型标识（如[J]期刊、[M]专著、[D]学位论文、[R/OL]电子报告）
2026-04-27 14:09:44,319 - INFO -   参考文献：3. 钱七.图表编号自动检测研究，本科毕业论文 → 缺少年份（应为4位数字，如2023）
2026-04-27 14:09:44,319 - INFO -   参考文献：3. 钱七.图表编号自动检测研究，本科毕业论文 → 参考文献末尾建议添加句号
2026-04-27 14:09:44,319 - INFO -   参考文献：4. 孙八.NLP与CV融合技术研究，硕士论文 → 编号格式建议使用方括号 [4]
2026-04-27 14:09:44,319 - INFO -   参考文献：4. 孙八.NLP与CV融合技术研究，硕士论文 → 缺少文献类型标识（如[J]期刊、[M]专著、[D]学位论文、[R/OL]电子报告）
2026-04-27 14:09:44,319 - INFO -   参考文献：4. 孙八.NLP与CV融合技术研究，硕士论文 → 缺少年份（应为4位数字，如2023）
2026-04-27 14:09:44,319 - INFO -   参考文献：4. 孙八.NLP与CV融合技术研究，硕士论文 → 参考文献末尾建议添加句号
2026-04-27 14:09:44,319 - INFO -   参考文献：5. 周九.学术格式自动校验研究，2023大学 → 编号格式建议使用方括号 [5]
2026-04-27 14:09:44,319 - INFO -   参考文献：5. 周九.学术格式自动校验研究，2023大学 → 缺少文献类型标识（如[J]期刊、[M]专著、[D]学位论文、[R/OL]电子报告）
2026-04-27 14:09:44,319 - INFO -   参考文献：5. 周九.学术格式自动校验研究，2023大学 → 参考文献末尾建议添加句号
2026-04-27 14:09:44,319 - INFO -   参考文献：5. 智能教育发展统计数据，互联网发布资料 → 编号格式建议使用方括号 [5]
2026-04-27 14:09:44,320 - INFO -   参考文献：5. 智能教育发展统计数据，互联网发布资料 → 缺少文献类型标识（如[J]期刊、[M]专著、[D]学位论文、[R/OL]电子报告）
2026-04-27 14:09:44,320 - INFO -   参考文献：5. 智能教育发展统计数据，互联网发布资料 → 作者后缺少句号分隔符（应为：作者．标题）
2026-04-27 14:09:44,320 - INFO -   参考文献：5. 智能教育发展统计数据，互联网发布资料 → 缺少年份（应为4位数字，如2023）
2026-04-27 14:09:44,320 - INFO -   参考文献：5. 智能教育发展统计数据，互联网发布资料 → 参考文献末尾建议添加句号
2026-04-27 14:09:44,320 - INFO -   参考文献：3. NLP技术应用前景广阔，科技报，北京 → 编号格式建议使用方括号 [3]
2026-04-27 14:09:44,320 - INFO -   参考文献：3. NLP技术应用前景广阔，科技报，北京 → 缺少文献类型标识（如[J]期刊、[M]专著、[D]学位论文、[R/OL]电子报告）
2026-04-27 14:09:44,320 - INFO -   参考文献：3. NLP技术应用前景广阔，科技报，北京 → 缺少作者信息
2026-04-27 14:09:44,320 - INFO -   参考文献：3. NLP技术应用前景广阔，科技报，北京 → 缺少年份（应为4位数字，如2023）
2026-04-27 14:09:44,320 - INFO -   参考文献：3. NLP技术应用前景广阔，科技报，北京 → 参考文献末尾建议添加句号
2026-04-27 14:09:44,320 - INFO -   参考文献：4. 论文排版规范管理新规出台，校园报纸2024年发布 → 编号格式建议使用方括号 [4]
2026-04-27 14:09:44,320 - INFO -   参考文献：4. 论文排版规范管理新规出台，校园报纸2024年发布 → 缺少文献类型标识（如[J]期刊、[M]专著、[D]学位论文、[R/OL]电子报告）
2026-04-27 14:09:44,320 - INFO -   参考文献：4. 论文排版规范管理新规出台，校园报纸2024年发布 → 作者后缺少句号分隔符（应为：作者．标题）
2026-04-27 14:09:44,321 - INFO -   参考文献：4. 论文排版规范管理新规出台，校园报纸2024年发布 → 参考文献末尾建议添加句号
2026-04-27 14:09:44,321 - INFO -   参考文献：5. 智能校对工具助力学术写作，信息化报纸 → 编号格式建议使用方括号 [5]
2026-04-27 14:09:44,321 - INFO -   参考文献：5. 智能校对工具助力学术写作，信息化报纸 → 缺少文献类型标识（如[J]期刊、[M]专著、[D]学位论文、[R/OL]电子报告）
2026-04-27 14:09:44,321 - INFO -   参考文献：5. 智能校对工具助力学术写作，信息化报纸 → 作者后缺少句号分隔符（应为：作者．标题）
2026-04-27 14:09:44,321 - INFO -   参考文献：5. 智能校对工具助力学术写作，信息化报纸 → 缺少年份（应为4位数字，如2023）
2026-04-27 14:09:44,321 - INFO -   参考文献：5. 智能校对工具助力学术写作，信息化报纸 → 参考文献末尾建议添加句号
2026-04-27 14:09:44,321 - INFO -   参考文献：2. CV图表识别技术探讨，李四，计算机学术年会2023 → 编号格式建议使用方括号 [2]
2026-04-27 14:09:44,321 - INFO -   参考文献：2. CV图表识别技术探讨，李四，计算机学术年会2023 → 缺少文献类型标识（如[J]期刊、[M]专著、[D]学位论文、[R/OL]电子报告）
2026-04-27 14:09:44,321 - INFO -   参考文献：2. CV图表识别技术探讨，李四，计算机学术年会2023 → 缺少作者信息
2026-04-27 14:09:44,321 - INFO -   参考文献：2. CV图表识别技术探讨，李四，计算机学术年会2023 → 参考文献末尾建议添加句号
2026-04-27 14:09:44,321 - INFO -   参考文献：3. NLP与CV融合应用研究，王五，学术交流会议，北京 → 编号格式建议使用方括号 [3]
2026-04-27 14:09:44,321 - INFO -   参考文献：3. NLP与CV融合应用研究，王五，学术交流会议，北京 → 缺少文献类型标识（如[J]期刊、[M]专著、[D]学位论文、[R/OL]电子报告）
2026-04-27 14:09:44,321 - INFO -   参考文献：3. NLP与CV融合应用研究，王五，学术交流会议，北京 → 缺少作者信息
2026-04-27 14:09:44,321 - INFO -   参考文献：3. NLP与CV融合应用研究，王五，学术交流会议，北京 → 缺少年份（应为4位数字，如2023）
2026-04-27 14:09:44,321 - INFO -   参考文献：3. NLP与CV融合应用研究，王五，学术交流会议，北京 → 参考文献末尾建议添加句号
2026-04-27 14:09:44,321 - INFO -   参考文献：4. 论文格式自动校验研究，赵六，工程技术会议论文集 → 编号格式建议使用方括号 [4]
2026-04-27 14:09:44,321 - INFO -   参考文献：4. 论文格式自动校验研究，赵六，工程技术会议论文集 → 缺少文献类型标识（如[J]期刊、[M]专著、[D]学位论文、[R/OL]电子报告）
2026-04-27 14:09:44,322 - INFO -   参考文献：4. 论文格式自动校验研究，赵六，工程技术会议论文集 → 作者后缺少句号分隔符（应为：作者．标题）
2026-04-27 14:09:44,322 - INFO -   参考文献：4. 论文格式自动校验研究，赵六，工程技术会议论文集 → 缺少年份（应为4位数字，如2023）
2026-04-27 14:09:44,322 - INFO -   参考文献：4. 论文格式自动校验研究，赵六，工程技术会议论文集 → 参考文献末尾建议添加句号
2026-04-27 14:09:44,323 - INFO -   参考文献：5. 学术批注系统设计实现，钱七，人工智能研讨会2024 → 编号格式建议使用方括号 [5]
2026-04-27 14:09:44,323 - INFO -   参考文献：5. 学术批注系统设计实现，钱七，人工智能研讨会2024 → 缺少文献类型标识（如[J]期刊、[M]专著、[D]学位论文、[R/OL]电子报告）
2026-04-27 14:09:44,323 - INFO -   参考文献：5. 学术批注系统设计实现，钱七，人工智能研讨会2024 → 作者后缺少句号分隔符（应为：作者．标题）
2026-04-27 14:09:44,323 - INFO -   参考文献：5. 学术批注系统设计实现，钱七，人工智能研讨会2024 → 参考文献末尾建议添加句号
2026-04-27 14:09:44,323 - INFO -   位置6：✅ → "（置信度 0.991）
2026-04-27 14:09:44,323 - INFO -   位置137：) → ）（置信度 0.928）
2026-04-27 14:09:44,323 - INFO -   参考文献：【原文】1.✅张三.自然语言处理技术研究[J].计算机工程与应用,2023,45(6):12-18.
【建议】1."长三.自然语言处理技术研究[J].计算机工程与应用,2023,45（6）:12-18。
 → 位置2：✅ → "
 → 位置36：( → （
 → 位置38：) → ）
 → 位置45：. → 。 → 缺少编号，应为 [n] 格式（如 [1]、[2]）
2026-04-27 14:09:44,324 - INFO -   位置6：✅ → "（置信度 0.972）
2026-04-27 14:09:44,324 - INFO -   位置69：✅ → "（置信度 0.986）
2026-04-27 14:09:44,324 - INFO -   参考文献：【原文】2.✅李四.文本纠错算法研究进展[J].计算机科学.
【建议】2."李四.文本纠错算法研究进展[J].计算机科学。
 → 位置2：✅ → "
 → 位置25：. → 。 → 缺少编号，应为 [n] 格式（如 [1]、[2]）
2026-04-27 14:09:44,324 - INFO -   参考文献：【原文】2.✅李四.文本纠错算法研究进展[J].计算机科学.
【建议】2."李四.文本纠错算法研究进展[J].计算机科学。
 → 位置2：✅ → "
 → 位置25：. → 。 → 缺少年份（应为4位数字，如2023）
2026-04-27 14:09:44,324 - INFO -   参考文献：【原文】2.✅李四.文本纠错算法研究进展[J].计算机科学.
【建议】2."李四.文本纠错算法研究进展[J].计算机科学。
 → 位置2：✅ → "
 → 位置25：. → 。 → 期刊文章建议包含卷号（格式：年份后添加 卷号(期号)）
2026-04-27 14:09:44,324 - INFO -   参考文献：【原文】2.✅李四.文本纠错算法研究进展[J].计算机科学.
【建议】2."李四.文本纠错算法研究进展[J].计算机科学。
 → 位置2：✅ → "
 → 位置25：. → 。 → 期刊文章建议包含页码（格式：卷期后添加 :起始页码-结束页码）
2026-04-27 14:09:44,324 - INFO -   位置6：✅ → "（置信度 0.993）
2026-04-27 14:09:44,324 - INFO -   参考文献：【原文】3.✅王五.深度学习模型优化研究[J].信息技术,2022.
【建议】3."王武.深度学习模型优化研究[J].信息技术,2022。
 → 位置2：✅ → "
 → 位置29：. → 。 → 缺少编号，应为 [n] 格式（如 [1]、[2]）
2026-04-27 14:09:44,324 - INFO -   参考文献：【原文】3.✅王五.深度学习模型优化研究[J].信息技术,2022.
【建议】3."王武.深度学习模型优化研究[J].信息技术,2022。
 → 位置2：✅ → "
 → 位置29：. → 。 → 期刊文章建议包含卷号（格式：年份后添加 卷号(期号)）
2026-04-27 14:09:44,324 - INFO -   参考文献：【原文】3.✅王五.深度学习模型优化研究[J].信息技术,2022.
【建议】3."王武.深度学习模型优化研究[J].信息技术,2022。
 → 位置2：✅ → "
 → 位置29：. → 。 → 期刊文章建议包含页码（格式：卷期后添加 :起始页码-结束页码）
2026-04-27 14:09:44,324 - INFO -   位置6：✅ → "（置信度 0.949）
2026-04-27 14:09:44,325 - INFO -   参考文献：【原文】4.✅赵六.智能校对系统设计与实现[J].软件导刊,2021,30.
【建议】4."着陆.智能校对系统设计与实现[J].软件导刊,2021,30。
 → 位置2：✅ → "
 → 位置33：. → 。 → 缺少编号，应为 [n] 格式（如 [1]、[2]）
2026-04-27 14:09:44,325 - INFO -   参考文献：【原文】4.✅赵六.智能校对系统设计与实现[J].软件导刊,2021,30.
【建议】4."着陆.智能校对系统设计与实现[J].软件导刊,2021,30。
 → 位置2：✅ → "
 → 位置33：. → 。 → 期刊文章建议包含卷号（格式：年份后添加 卷号(期号)）
2026-04-27 14:09:44,325 - INFO -   参考文献：【原文】4.✅赵六.智能校对系统设计与实现[J].软件导刊,2021,30.
【建议】4."着陆.智能校对系统设计与实现[J].软件导刊,2021,30。
 → 位置2：✅ → "
 → 位置33：. → 。 → 期刊文章建议包含页码（格式：卷期后添加 :起始页码-结束页码）
2026-04-27 14:09:44,325 - INFO -   位置6：✅ → "（置信度 0.977）
2026-04-27 14:09:44,325 - INFO -   位置39：( → （（置信度 0.999）
2026-04-27 14:09:44,325 - INFO -   位置53：. → -（置信度 0.906）
2026-04-27 14:09:44,325 - INFO -   位置109：( → （（置信度 0.934）
2026-04-27 14:09:44,325 - INFO -   参考文献：【原文】5.✅钱七.NLP文本检测技术分析[J].数字技术与应用,2020,2(5).
【建议】5."钱七.NLP文本检测技术分析[J].数字技术与应用,2020,2（5）。
 → 位置2：✅ → "
 → 位置35：( → （
 → 位置37：) → ）
 → 位置38：. → 。 → 缺少编号，应为 [n] 格式（如 [1]、[2]）
2026-04-27 14:09:44,325 - INFO -   参考文献：【原文】5.✅钱七.NLP文本检测技术分析[J].数字技术与应用,2020,2(5).
【建议】5."钱七.NLP文本检测技术分析[J].数字技术与应用,2020,2（5）。
 → 位置2：✅ → "
 → 位置35：( → （
 → 位置37：) → ）
 → 位置38：. → 。 → 期刊文章建议包含页码（格式：卷期后添加 :起始页码-结束页码）
2026-04-27 14:09:44,325 - INFO -   参考文献：【原文】6.✅孙八.计算机视觉图表识别研究[J].电脑知识与技术,2023,10:20-25.
【建议】6."孙吧.计算机视觉图表识别研究[J].电脑知识与技术,2023,10:20-25。
 → 位置2：✅ → "
 → 位置42：. → 。 → 缺少编号，应为 [n] 格式（如 [1]、[2]）
2026-04-27 14:09:44,325 - INFO -   参考文献：【原文】6.✅孙八.计算机视觉图表识别研究[J].电脑知识与技术,2023,10:20-25.
【建议】6."孙吧.计算机视觉图表识别研究[J].电脑知识与技术,2023,10:20-25。
 → 位置2：✅ → "
 → 位置42：. → 。 → 期刊文章建议包含卷号（格式：年份后添加 卷号(期号)）
2026-04-27 14:09:44,325 - INFO -   位置6：✅ → "（置信度 0.998）
2026-04-27 14:09:44,325 - INFO -   参考文献：【原文】7.✅周九.学术排版规范研究[J].教育现代化.
【建议】7."调酒.学术排版规范研究[J].教育现代化。
 → 位置2：✅ → "
 → 位置23：. → 。 → 缺少编号，应为 [n] 格式（如 [1]、[2]）
2026-04-27 14:09:44,326 - INFO -   参考文献：【原文】7.✅周九.学术排版规范研究[J].教育现代化.
【建议】7."调酒.学术排版规范研究[J].教育现代化。
 → 位置2：✅ → "
 → 位置23：. → 。 → 缺少年份（应为4位数字，如2023）
2026-04-27 14:09:44,326 - INFO -   参考文献：【原文】7.✅周九.学术排版规范研究[J].教育现代化.
【建议】7."调酒.学术排版规范研究[J].教育现代化。
 → 位置2：✅ → "
 → 位置23：. → 。 → 期刊文章建议包含卷号（格式：年份后添加 卷号(期号)）
2026-04-27 14:09:44,326 - INFO -   参考文献：【原文】7.✅周九.学术排版规范研究[J].教育现代化.
【建议】7."调酒.学术排版规范研究[J].教育现代化。
 → 位置2：✅ → "
 → 位置23：. → 。 → 期刊文章建议包含页码（格式：卷期后添加 :起始页码-结束页码）
2026-04-27 14:09:44,326 - INFO -   位置6：✅ → "（置信度 0.959）
2026-04-27 14:09:44,326 - INFO -   参考文献：【原文】1.✅李四.深度学习理论与实战[M].北京:机械工业出版社.
【建议】1."李四.深度学习理论与实战[M].北京:机械工业出版社。
 → 位置2：✅ → "
 → 位置29：. → 。 → 缺少编号，应为 [n] 格式（如 [1]、[2]）
2026-04-27 14:09:44,326 - INFO -   参考文献：【原文】1.✅李四.深度学习理论与实战[M].北京:机械工业出版社.
【建议】1."李四.深度学习理论与实战[M].北京:机械工业出版社。
 → 位置2：✅ → "
 → 位置29：. → 。 → 缺少年份（应为4位数字，如2023）
2026-04-27 14:09:44,326 - INFO -   参考文献：【原文】2.✅王五.自然语言处理基础教程[M].北京:清华大学出版社.
【建议】2."王武.自然语言处理基础教程[M].北京:清华大学出版社。
 → 位置2：✅ → "
 → 位置30：. → 。 → 缺少编号，应为 [n] 格式（如 [1]、[2]）
2026-04-27 14:09:44,326 - INFO -   参考文献：【原文】2.✅王五.自然语言处理基础教程[M].北京:清华大学出版社.
【建议】2."王武.自然语言处理基础教程[M].北京:清华大学出版社。
 → 位置2：✅ → "
 → 位置30：. → 。 → 缺少年份（应为4位数字，如2023）
2026-04-27 14:09:44,326 - INFO -   位置6：✅ → "（置信度 0.979）
2026-04-27 14:09:44,326 - INFO -   参考文献：【原文】3.✅赵六.计算机视觉技术手册[M].上海:上海出版社,2022.
【建议】3."着陆.计算机视觉技术手册[M].上海:上海出版社,2022。
 → 位置2：✅ → "
 → 位置32：. → 。 → 缺少编号，应为 [n] 格式（如 [1]、[2]）
2026-04-27 14:09:44,326 - INFO -   位置6：✅ → "（置信度 0.937）
2026-04-27 14:09:44,326 - INFO -   参考文献：【原文】4.✅钱七.学术论文写作规范指南[M].北京:教育出版社.
【建议】4."钱七.学术论文写作规范指南[M].北京:教育出版社。
 → 位置2：✅ → "
 → 位置28：. → 。 → 缺少编号，应为 [n] 格式（如 [1]、[2]）
2026-04-27 14:09:44,326 - INFO -   参考文献：【原文】4.✅钱七.学术论文写作规范指南[M].北京:教育出版社.
【建议】4."钱七.学术论文写作规范指南[M].北京:教育出版社。
 → 位置2：✅ → "
 → 位置28：. → 。 → 缺少年份（应为4位数字，如2023）
2026-04-27 14:09:44,326 - INFO -   参考文献：【原文】5.✅孙八.人工智能应用实践[M].北京:科学出版社,2023.
【建议】5."孙吧.人工智能应用实践[M].北京:科学出版社,2023。
 → 位置2：✅ → "
 → 位置31：. → 。 → 缺少编号，应为 [n] 格式（如 [1]、[2]）
2026-04-27 14:09:44,326 - INFO -   位置6：✅ → "（置信度 0.986）
2026-04-27 14:09:44,326 - INFO -   位置69：✅ → "（置信度 0.938）
2026-04-27 14:09:44,326 - INFO -   参考文献：【原文】1.✅王五.文本纠错算法研究[D].济南:山东大学.
【建议】1."王武.文本纠错算法研究[D].济南:山东大学。
 → 位置2：✅ → "
 → 位置25：. → 。 → 缺少编号，应为 [n] 格式（如 [1]、[2]）
2026-04-27 14:09:44,326 - INFO -   参考文献：【原文】1.✅王五.文本纠错算法研究[D].济南:山东大学.
【建议】1."王武.文本纠错算法研究[D].济南:山东大学。
 → 位置2：✅ → "
 → 位置25：. → 。 → 缺少年份（应为4位数字，如2023）
2026-04-27 14:09:44,326 - INFO -   位置6：✅ → "（置信度 0.999）
2026-04-27 14:09:44,327 - INFO -   参考文献：【原文】2.✅赵六.智能校对系统设计[D].XX大学,2022.
【建议】2."着陆.智能校对系统设计[D].XX大学,2022。
 → 位置2：✅ → "
 → 位置27：. → 。 → 缺少编号，应为 [n] 格式（如 [1]、[2]）
2026-04-27 14:09:44,327 - INFO -   位置6：✅ → "（置信度 0.954）
2026-04-27 14:09:44,327 - INFO -   参考文献：【原文】3.✅钱七.图表编号自动检测研究[D].XX本科院校,2023.
【建议】3."钱七.图表编号自动检测研究[D].XX本科院校,2023。
 → 位置2：✅ → "
 → 位置31：. → 。 → 缺少编号，应为 [n] 格式（如 [1]、[2]）
2026-04-27 14:09:44,327 - INFO -   参考文献：【原文】3.✅钱七.图表编号自动检测研究[D].XX本科院校,2023.
【建议】3."钱七.图表编号自动检测研究[D].XX本科院校,2023。
 → 位置2：✅ → "
 → 位置31：. → 。 → 学位论文缺少培养单位（如XX大学、XX研究院）
2026-04-27 14:09:44,327 - INFO -   位置6：✅ → "（置信度 0.999）
2026-04-27 14:09:44,327 - INFO -   参考文献：【原文】4.✅孙八.NLP与CV融合技术研究[D].XX大学,2023.
【建议】4."孙吧.NLP与CV融合技术研究[D].XX大学,2023。
 → 位置2：✅ → "
 → 位置31：. → 。 → 缺少编号，应为 [n] 格式（如 [1]、[2]）
2026-04-27 14:09:44,328 - INFO -   位置6：✅ → "（置信度 1.0）
2026-04-27 14:09:44,328 - INFO -   参考文献：【原文】5.✅周九.学术格式自动校验研究[D].XX大学,2023.
【建议】5."调酒.学术格式自动校验研究[D].XX大学,2023。
 → 位置2：✅ → "
 → 位置29：. → 。 → 缺少编号，应为 [n] 格式（如 [1]、[2]）
2026-04-27 14:09:44,328 - INFO -   位置30：( → （（置信度 0.999）
2026-04-27 14:09:44,328 - INFO -   位置33：) → ）（置信度 0.999）
2026-04-27 14:09:44,328 - INFO -   位置53：[ → -（置信度 0.907）
2026-04-27 14:09:44,328 - INFO -   位置93：( → （（置信度 0.954）
2026-04-27 14:09:44,328 - INFO -   位置107：) → ）（置信度 0.979）
2026-04-27 14:09:44,328 - INFO -   参考文献：【原文】报纸示例：✅作者.文章题名[N].报纸名称,出版日期(版次).
【建议】报纸示例："作者.文章题名[N].报纸名称,出版日期（版次）。
 → 位置5：✅ → "
 → 位置26：( → （
 → 位置29：) → ）
 → 位置30：. → 。 → 缺少编号，应为 [n] 格式（如 [1]、[2]）
2026-04-27 14:09:44,328 - INFO -   参考文献：【原文】报纸示例：✅作者.文章题名[N].报纸名称,出版日期(版次).
【建议】报纸示例："作者.文章题名[N].报纸名称,出版日期（版次）。
 → 位置5：✅ → "
 → 位置26：( → （
 → 位置29：) → ）
 → 位置30：. → 。 → 缺少年份（应为4位数字，如2023）
2026-04-27 14:09:44,329 - INFO -   位置9：✅ → "（置信度 0.948）
2026-04-27 14:09:44,329 - INFO -   位置60：. → 们（置信度 0.921）
2026-04-27 14:09:44,329 - INFO -   参考文献：【原文】会议示例：✅作者.论文题名[C]//会议名称.会议地点:出版单位,出版年份:起止页码.
【建议】会议示例："作者.论文题名[C]//会议名称.会议地点:出版单位,出版年份:起止页码。
 → 位置5：✅ → "
 → 位置42：. → 。 → 缺少编号，应为 [n] 格式（如 [1]、[2]）
2026-04-27 14:09:44,329 - INFO -   参考文献：【原文】会议示例：✅作者.论文题名[C]//会议名称.会议地点:出版单位,出版年份:起止页码.
【建议】会议示例："作者.论文题名[C]//会议名称.会议地点:出版单位,出版年份:起止页码。
 → 位置5：✅ → "
 → 位置42：. → 。 → 缺少年份（应为4位数字，如2023）
2026-04-27 14:09:44,329 - INFO - ============================================================
2026-04-27 14:09:44,329 - INFO - 
🎉 检测完成！结果已保存到: test_files/articles_error_result.docx
2026-04-27 14:44:43,810 - INFO - 使用设备: cpu
2026-04-27 14:44:43,810 - INFO - [INFO] 加载模型中... (模式: dual)
2026-04-27 14:44:43,810 - INFO - [INFO] 加载双模型: macbert4mdcspell_v3 + pycorrector
2026-04-27 14:44:43,937 - INFO - [OK] 模型加载完成
2026-04-27 14:44:43,937 - INFO - 📄 读取文件: test_files/articles_error.docx
2026-04-27 14:44:43,953 - INFO - ✅ 读取成功，共 70 段
2026-04-27 14:44:43,953 - INFO - 📝 开始文本纠错...
2026-04-27 14:45:06,471 - INFO - ✅ 文本纠错完成，发现 57 个错别字
2026-04-27 14:45:06,471 - INFO - 🔍 开始语法检测...
2026-04-27 14:45:06,490 - INFO - ✅ 语法检测完成，发现 2 个语法问题，0 个语义问题
2026-04-27 14:45:06,493 - INFO - 📊 处理表格...
2026-04-27 14:45:06,493 - INFO - ✅ 表格处理完成
2026-04-27 14:45:06,493 - INFO - 🖼 处理文档内图片...
2026-04-27 14:45:06,495 - INFO - 📸 提取到 1 张图片
2026-04-27 14:45:06,497 - WARNING - Using CPU. Note: This module is much faster with a GPU.
2026-04-27 14:45:10,484 - INFO - ✅ 图片OCR处理完成
2026-04-27 14:45:10,484 - INFO - 🔢 检测图片编号...
2026-04-27 14:45:10,522 - INFO - ✅ 图片编号检测完成，发现 0 个问题
2026-04-27 14:45:10,522 - INFO - 📋 检测表格编号...
2026-04-27 14:45:10,523 - INFO - ✅ 表格编号检测完成，发现 0 个问题
2026-04-27 14:45:10,523 - INFO - 📚 检测参考文献...
2026-04-27 14:45:10,549 - INFO - 发现 39 条参考文献
2026-04-27 14:45:25,652 - INFO - ✅ 参考文献检测完成，发现 132 个问题
2026-04-27 14:45:25,652 - INFO - 💾 保存结果到: test_files/articles_error_result.docx
2026-04-27 14:45:25,664 - INFO - ✅ 文件保存成功
2026-04-27 14:45:25,665 - INFO - 
============================================================
2026-04-27 14:45:25,665 - INFO - 📊 智能检测报告
2026-04-27 14:45:25,665 - INFO - ============================================================
2026-04-27 14:45:25,665 - INFO - 错别字: 84
2026-04-27 14:45:25,665 - INFO - 参考文献错误: 132
2026-04-27 14:45:25,666 - INFO - 总错误: 216
2026-04-27 14:45:25,666 - INFO - 
📄 错误详情：
2026-04-27 14:45:25,666 - INFO -   位置30：( → （（置信度 1.0）
2026-04-27 14:45:25,666 - INFO -   位置32：( → （（置信度 1.0）
2026-04-27 14:45:25,666 - INFO -   位置15：七 → 期（置信度 0.927）
2026-04-27 14:45:25,666 - INFO -   位置2：✅ → "（置信度 0.998）
2026-04-27 14:45:25,666 - INFO -   位置36：( → （（置信度 0.999）
2026-04-27 14:45:25,666 - INFO -   位置38：) → ）（置信度 0.97）
2026-04-27 14:45:25,667 - INFO -   位置45：. → 。（置信度 0.999）
2026-04-27 14:45:25,667 - INFO -   位置2：✅ → "（置信度 1.0）
2026-04-27 14:45:25,667 - INFO -   位置25：. → 。（置信度 0.996）
2026-04-27 14:45:25,667 - INFO -   位置2：✅ → "（置信度 1.0）
2026-04-27 14:45:25,667 - INFO -   位置29：. → 。（置信度 1.0）
2026-04-27 14:45:25,667 - INFO -   位置2：✅ → "（置信度 1.0）
2026-04-27 14:45:25,667 - INFO -   位置33：. → 。（置信度 1.0）
2026-04-27 14:45:25,667 - INFO -   位置2：✅ → "（置信度 1.0）
2026-04-27 14:45:25,667 - INFO -   位置35：( → （（置信度 1.0）
2026-04-27 14:45:25,667 - INFO -   位置37：) → ）（置信度 0.94）
2026-04-27 14:45:25,667 - INFO -   位置38：. → 。（置信度 1.0）
2026-04-27 14:45:25,667 - INFO -   位置2：✅ → "（置信度 1.0）
2026-04-27 14:45:25,668 - INFO -   位置42：. → 。（置信度 1.0）
2026-04-27 14:45:25,668 - INFO -   位置2：✅ → "（置信度 1.0）
2026-04-27 14:45:25,668 - INFO -   位置23：. → 。（置信度 0.997）
2026-04-27 14:45:25,668 - INFO -   位置2：✅ → "（置信度 1.0）
2026-04-27 14:45:25,668 - INFO -   位置29：. → 。（置信度 0.999）
2026-04-27 14:45:25,668 - INFO -   位置2：✅ → "（置信度 1.0）
2026-04-27 14:45:25,668 - INFO -   位置30：. → 。（置信度 1.0）
2026-04-27 14:45:25,668 - INFO -   位置2：✅ → "（置信度 1.0）
2026-04-27 14:45:25,668 - INFO -   位置32：. → 。（置信度 0.997）
2026-04-27 14:45:25,668 - INFO -   位置2：✅ → "（置信度 1.0）
2026-04-27 14:45:25,668 - INFO -   位置28：. → 。（置信度 0.998）
2026-04-27 14:45:25,668 - INFO -   位置2：✅ → "（置信度 0.999）
2026-04-27 14:45:25,670 - INFO -   位置31：. → 。（置信度 0.993）
2026-04-27 14:45:25,670 - INFO -   位置2：✅ → "（置信度 1.0）
2026-04-27 14:45:25,670 - INFO -   位置25：. → 。（置信度 0.999）
2026-04-27 14:45:25,670 - INFO -   位置2：✅ → "（置信度 1.0）
2026-04-27 14:45:25,670 - INFO -   位置27：. → 。（置信度 0.999）
2026-04-27 14:45:25,670 - INFO -   位置2：✅ → "（置信度 1.0）
2026-04-27 14:45:25,670 - INFO -   位置31：. → 。（置信度 0.999）
2026-04-27 14:45:25,670 - INFO -   位置2：✅ → "（置信度 1.0）
2026-04-27 14:45:25,670 - INFO -   位置31：. → 。（置信度 1.0）
2026-04-27 14:45:25,670 - INFO -   位置2：✅ → "（置信度 1.0）
2026-04-27 14:45:25,670 - INFO -   位置29：. → 。（置信度 1.0）
2026-04-27 14:45:25,670 - INFO -   位置2：✅ → "（置信度 1.0）
2026-04-27 14:45:25,670 - INFO -   位置29：. → 。（置信度 0.999）
2026-04-27 14:45:25,670 - INFO -   位置2：✅ → "（置信度 0.999）
2026-04-27 14:45:25,670 - INFO -   位置32：. → 。（置信度 0.997）
2026-04-27 14:45:25,670 - INFO -   位置2：✅ → "（置信度 0.998）
2026-04-27 14:45:25,670 - INFO -   位置32：. → 。（置信度 0.996）
2026-04-27 14:45:25,670 - INFO -   位置2：✅ → "（置信度 1.0）
2026-04-27 14:45:25,670 - INFO -   位置28：. → 。（置信度 0.999）
2026-04-27 14:45:25,670 - INFO -   位置2：✅ → "（置信度 1.0）
2026-04-27 14:45:25,670 - INFO -   位置32：. → 。（置信度 0.998）
2026-04-27 14:45:25,670 - INFO -   位置5：✅ → "（置信度 1.0）
2026-04-27 14:45:25,670 - INFO -   位置26：( → （（置信度 1.0）
2026-04-27 14:45:25,670 - INFO -   位置29：) → ）（置信度 1.0）
2026-04-27 14:45:25,670 - INFO -   位置30：. → 。（置信度 1.0）
2026-04-27 14:45:25,670 - INFO -   位置5：✅ → "（置信度 1.0）
2026-04-27 14:45:25,670 - INFO -   位置42：. → 。（置信度 1.0）
2026-04-27 14:45:25,672 - INFO -   参考文献：2. 文本纠错算法研究进展，李四，计算机科学 → 编号格式建议使用方括号 [2]
2026-04-27 14:45:25,672 - INFO -   参考文献：2. 文本纠错算法研究进展，李四，计算机科学 → 缺少文献类型标识（如[J]期刊、[M]专著、[D]学位论文、[R/OL]电子报告）
2026-04-27 14:45:25,672 - INFO -   参考文献：2. 文本纠错算法研究进展，李四，计算机科学 → 作者后缺少句号分隔符（应为：作者．标题）
2026-04-27 14:45:25,672 - INFO -   参考文献：2. 文本纠错算法研究进展，李四，计算机科学 → 缺少年份（应为4位数字，如2023）
2026-04-27 14:45:25,672 - INFO -   参考文献：2. 文本纠错算法研究进展，李四，计算机科学 → 参考文献末尾建议添加句号
2026-04-27 14:45:25,672 - INFO -   参考文献：3. 深度学习模型优化研究，王五，信息技术，2022 → 编号格式建议使用方括号 [3]
2026-04-27 14:45:25,672 - INFO -   参考文献：3. 深度学习模型优化研究，王五，信息技术，2022 → 缺少文献类型标识（如[J]期刊、[M]专著、[D]学位论文、[R/OL]电子报告）
2026-04-27 14:45:25,672 - INFO -   参考文献：3. 深度学习模型优化研究，王五，信息技术，2022 → 作者后缺少句号分隔符（应为：作者．标题）
2026-04-27 14:45:25,672 - INFO -   参考文献：3. 深度学习模型优化研究，王五，信息技术，2022 → 缺少年份（应为4位数字，如2023）
2026-04-27 14:45:25,672 - INFO -   参考文献：3. 深度学习模型优化研究，王五，信息技术，2022 → 参考文献末尾建议添加句号
2026-04-27 14:45:25,672 - INFO -   参考文献：4. 智能校对系统设计与实现，赵六，软件导刊，2021，30 → 编号格式建议使用方括号 [4]
2026-04-27 14:45:25,672 - INFO -   参考文献：4. 智能校对系统设计与实现，赵六，软件导刊，2021，30 → 缺少文献类型标识（如[J]期刊、[M]专著、[D]学位论文、[R/OL]电子报告）
2026-04-27 14:45:25,672 - INFO -   参考文献：4. 智能校对系统设计与实现，赵六，软件导刊，2021，30 → 作者后缺少句号分隔符（应为：作者．标题）
2026-04-27 14:45:25,672 - INFO -   参考文献：4. 智能校对系统设计与实现，赵六，软件导刊，2021，30 → 缺少年份（应为4位数字，如2023）
2026-04-27 14:45:25,672 - INFO -   参考文献：4. 智能校对系统设计与实现，赵六，软件导刊，2021，30 → 参考文献末尾建议添加句号
2026-04-27 14:45:25,672 - INFO -   参考文献：6. 计算机视觉图表识别研究，孙八，电脑知识与技术，2023，10:20-25 → 编号格式建议使用方括号 [6]
2026-04-27 14:45:25,672 - INFO -   参考文献：6. 计算机视觉图表识别研究，孙八，电脑知识与技术，2023，10:20-25 → 缺少文献类型标识（如[J]期刊、[M]专著、[D]学位论文、[R/OL]电子报告）
2026-04-27 14:45:25,672 - INFO -   参考文献：6. 计算机视觉图表识别研究，孙八，电脑知识与技术，2023，10:20-25 → 作者后缺少句号分隔符（应为：作者．标题）
2026-04-27 14:45:25,672 - INFO -   参考文献：6. 计算机视觉图表识别研究，孙八，电脑知识与技术，2023，10:20-25 → 缺少年份（应为4位数字，如2023）
2026-04-27 14:45:25,672 - INFO -   参考文献：6. 计算机视觉图表识别研究，孙八，电脑知识与技术，2023，10:20-25 → 参考文献末尾建议添加句号
2026-04-27 14:45:25,672 - INFO -   参考文献：7. 学术排版规范研究，周九，教育现代化 → 编号格式建议使用方括号 [7]
2026-04-27 14:45:25,672 - INFO -   参考文献：7. 学术排版规范研究，周九，教育现代化 → 缺少文献类型标识（如[J]期刊、[M]专著、[D]学位论文、[R/OL]电子报告）
2026-04-27 14:45:25,672 - INFO -   参考文献：7. 学术排版规范研究，周九，教育现代化 → 作者后缺少句号分隔符（应为：作者．标题）
2026-04-27 14:45:25,674 - INFO -   参考文献：7. 学术排版规范研究，周九，教育现代化 → 缺少年份（应为4位数字，如2023）
2026-04-27 14:45:25,674 - INFO -   参考文献：7. 学术排版规范研究，周九，教育现代化 → 参考文献末尾建议添加句号
2026-04-27 14:45:25,674 - INFO -   参考文献：2. 自然语言处理基础教程，王五，清华大学出版社 → 编号格式建议使用方括号 [2]
2026-04-27 14:45:25,674 - INFO -   参考文献：2. 自然语言处理基础教程，王五，清华大学出版社 → 缺少文献类型标识（如[J]期刊、[M]专著、[D]学位论文、[R/OL]电子报告）
2026-04-27 14:45:25,674 - INFO -   参考文献：2. 自然语言处理基础教程，王五，清华大学出版社 → 作者后缺少句号分隔符（应为：作者．标题）
2026-04-27 14:45:25,674 - INFO -   参考文献：2. 自然语言处理基础教程，王五，清华大学出版社 → 缺少年份（应为4位数字，如2023）
2026-04-27 14:45:25,674 - INFO -   参考文献：2. 自然语言处理基础教程，王五，清华大学出版社 → 参考文献末尾建议添加句号
2026-04-27 14:45:25,674 - INFO -   参考文献：3. 计算机视觉技术手册，赵六，上海出版社2022 → 编号格式建议使用方括号 [3]
2026-04-27 14:45:25,674 - INFO -   参考文献：3. 计算机视觉技术手册，赵六，上海出版社2022 → 缺少文献类型标识（如[J]期刊、[M]专著、[D]学位论文、[R/OL]电子报告）
2026-04-27 14:45:25,674 - INFO -   参考文献：3. 计算机视觉技术手册，赵六，上海出版社2022 → 作者后缺少句号分隔符（应为：作者．标题）
2026-04-27 14:45:25,674 - INFO -   参考文献：3. 计算机视觉技术手册，赵六，上海出版社2022 → 缺少年份（应为4位数字，如2023）
2026-04-27 14:45:25,674 - INFO -   参考文献：3. 计算机视觉技术手册，赵六，上海出版社2022 → 参考文献末尾建议添加句号
2026-04-27 14:45:25,674 - INFO -   参考文献：5. 人工智能应用实践，孙八，科学出版社2023，北京 → 编号格式建议使用方括号 [5]
2026-04-27 14:45:25,675 - INFO -   参考文献：5. 人工智能应用实践，孙八，科学出版社2023，北京 → 缺少文献类型标识（如[J]期刊、[M]专著、[D]学位论文、[R/OL]电子报告）
2026-04-27 14:45:25,675 - INFO -   参考文献：5. 人工智能应用实践，孙八，科学出版社2023，北京 → 作者后缺少句号分隔符（应为：作者．标题）
2026-04-27 14:45:25,675 - INFO -   参考文献：5. 人工智能应用实践，孙八，科学出版社2023，北京 → 缺少年份（应为4位数字，如2023）
2026-04-27 14:45:25,675 - INFO -   参考文献：5. 人工智能应用实践，孙八，科学出版社2023，北京 → 参考文献末尾建议添加句号
2026-04-27 14:45:25,675 - INFO -   参考文献：2. 赵六.智能校对系统设计，计算机学院2022 → 编号格式建议使用方括号 [2]
2026-04-27 14:45:25,675 - INFO -   参考文献：2. 赵六.智能校对系统设计，计算机学院2022 → 缺少文献类型标识（如[J]期刊、[M]专著、[D]学位论文、[R/OL]电子报告）
2026-04-27 14:45:25,675 - INFO -   参考文献：2. 赵六.智能校对系统设计，计算机学院2022 → 参考文献末尾建议添加句号
2026-04-27 14:45:25,675 - INFO -   参考文献：3. 钱七.图表编号自动检测研究，本科毕业论文 → 编号格式建议使用方括号 [3]
2026-04-27 14:45:25,675 - INFO -   参考文献：3. 钱七.图表编号自动检测研究，本科毕业论文 → 缺少文献类型标识（如[J]期刊、[M]专著、[D]学位论文、[R/OL]电子报告）
2026-04-27 14:45:25,675 - INFO -   参考文献：3. 钱七.图表编号自动检测研究，本科毕业论文 → 缺少年份（应为4位数字，如2023）
2026-04-27 14:45:25,675 - INFO -   参考文献：3. 钱七.图表编号自动检测研究，本科毕业论文 → 参考文献末尾建议添加句号
2026-04-27 14:45:25,675 - INFO -   参考文献：4. 孙八.NLP与CV融合技术研究，硕士论文 → 编号格式建议使用方括号 [4]
2026-04-27 14:45:25,676 - INFO -   参考文献：4. 孙八.NLP与CV融合技术研究，硕士论文 → 缺少文献类型标识（如[J]期刊、[M]专著、[D]学位论文、[R/OL]电子报告）
2026-04-27 14:45:25,676 - INFO -   参考文献：4. 孙八.NLP与CV融合技术研究，硕士论文 → 缺少年份（应为4位数字，如2023）
2026-04-27 14:45:25,676 - INFO -   参考文献：4. 孙八.NLP与CV融合技术研究，硕士论文 → 参考文献末尾建议添加句号
2026-04-27 14:45:25,676 - INFO -   参考文献：5. 周九.学术格式自动校验研究，2023大学 → 编号格式建议使用方括号 [5]
2026-04-27 14:45:25,676 - INFO -   参考文献：5. 周九.学术格式自动校验研究，2023大学 → 缺少文献类型标识（如[J]期刊、[M]专著、[D]学位论文、[R/OL]电子报告）
2026-04-27 14:45:25,676 - INFO -   参考文献：5. 周九.学术格式自动校验研究，2023大学 → 参考文献末尾建议添加句号
2026-04-27 14:45:25,676 - INFO -   参考文献：5. 智能教育发展统计数据，互联网发布资料 → 编号格式建议使用方括号 [5]
2026-04-27 14:45:25,676 - INFO -   参考文献：5. 智能教育发展统计数据，互联网发布资料 → 缺少文献类型标识（如[J]期刊、[M]专著、[D]学位论文、[R/OL]电子报告）
2026-04-27 14:45:25,676 - INFO -   参考文献：5. 智能教育发展统计数据，互联网发布资料 → 作者后缺少句号分隔符（应为：作者．标题）
2026-04-27 14:45:25,676 - INFO -   参考文献：5. 智能教育发展统计数据，互联网发布资料 → 缺少年份（应为4位数字，如2023）
2026-04-27 14:45:25,676 - INFO -   参考文献：5. 智能教育发展统计数据，互联网发布资料 → 参考文献末尾建议添加句号
2026-04-27 14:45:25,677 - INFO -   参考文献：3. NLP技术应用前景广阔，科技报，北京 → 编号格式建议使用方括号 [3]
2026-04-27 14:45:25,677 - INFO -   参考文献：3. NLP技术应用前景广阔，科技报，北京 → 缺少文献类型标识（如[J]期刊、[M]专著、[D]学位论文、[R/OL]电子报告）
2026-04-27 14:45:25,677 - INFO -   参考文献：3. NLP技术应用前景广阔，科技报，北京 → 作者后缺少句号分隔符（应为：作者．标题）
2026-04-27 14:45:25,677 - INFO -   参考文献：3. NLP技术应用前景广阔，科技报，北京 → 缺少年份（应为4位数字，如2023）
2026-04-27 14:45:25,677 - INFO -   参考文献：3. NLP技术应用前景广阔，科技报，北京 → 参考文献末尾建议添加句号
2026-04-27 14:45:25,677 - INFO -   参考文献：4. 论文排版规范管理新规出台，校园报纸2024年发布 → 编号格式建议使用方括号 [4]
2026-04-27 14:45:25,677 - INFO -   参考文献：4. 论文排版规范管理新规出台，校园报纸2024年发布 → 缺少文献类型标识（如[J]期刊、[M]专著、[D]学位论文、[R/OL]电子报告）
2026-04-27 14:45:25,677 - INFO -   参考文献：4. 论文排版规范管理新规出台，校园报纸2024年发布 → 作者后缺少句号分隔符（应为：作者．标题）
2026-04-27 14:45:25,677 - INFO -   参考文献：4. 论文排版规范管理新规出台，校园报纸2024年发布 → 缺少年份（应为4位数字，如2023）
2026-04-27 14:45:25,677 - INFO -   参考文献：4. 论文排版规范管理新规出台，校园报纸2024年发布 → 参考文献末尾建议添加句号
2026-04-27 14:45:25,677 - INFO -   参考文献：5. 智能校对工具助力学术写作，信息化报纸 → 编号格式建议使用方括号 [5]
2026-04-27 14:45:25,677 - INFO -   参考文献：5. 智能校对工具助力学术写作，信息化报纸 → 缺少文献类型标识（如[J]期刊、[M]专著、[D]学位论文、[R/OL]电子报告）
2026-04-27 14:45:25,677 - INFO -   参考文献：5. 智能校对工具助力学术写作，信息化报纸 → 作者后缺少句号分隔符（应为：作者．标题）
2026-04-27 14:45:25,677 - INFO -   参考文献：5. 智能校对工具助力学术写作，信息化报纸 → 缺少年份（应为4位数字，如2023）
2026-04-27 14:45:25,677 - INFO -   参考文献：5. 智能校对工具助力学术写作，信息化报纸 → 参考文献末尾建议添加句号
2026-04-27 14:45:25,677 - INFO -   参考文献：2. CV图表识别技术探讨，李四，计算机学术年会2023 → 编号格式建议使用方括号 [2]
2026-04-27 14:45:25,677 - INFO -   参考文献：2. CV图表识别技术探讨，李四，计算机学术年会2023 → 缺少文献类型标识（如[J]期刊、[M]专著、[D]学位论文、[R/OL]电子报告）
2026-04-27 14:45:25,678 - INFO -   参考文献：2. CV图表识别技术探讨，李四，计算机学术年会2023 → 作者后缺少句号分隔符（应为：作者．标题）
2026-04-27 14:45:25,678 - INFO -   参考文献：2. CV图表识别技术探讨，李四，计算机学术年会2023 → 缺少年份（应为4位数字，如2023）
2026-04-27 14:45:25,678 - INFO -   参考文献：2. CV图表识别技术探讨，李四，计算机学术年会2023 → 参考文献末尾建议添加句号
2026-04-27 14:45:25,678 - INFO -   参考文献：3. NLP与CV融合应用研究，王五，学术交流会议，北京 → 编号格式建议使用方括号 [3]
2026-04-27 14:45:25,678 - INFO -   参考文献：3. NLP与CV融合应用研究，王五，学术交流会议，北京 → 缺少文献类型标识（如[J]期刊、[M]专著、[D]学位论文、[R/OL]电子报告）
2026-04-27 14:45:25,678 - INFO -   参考文献：3. NLP与CV融合应用研究，王五，学术交流会议，北京 → 作者后缺少句号分隔符（应为：作者．标题）
2026-04-27 14:45:25,678 - INFO -   参考文献：3. NLP与CV融合应用研究，王五，学术交流会议，北京 → 缺少年份（应为4位数字，如2023）
2026-04-27 14:45:25,678 - INFO -   参考文献：3. NLP与CV融合应用研究，王五，学术交流会议，北京 → 参考文献末尾建议添加句号
2026-04-27 14:45:25,678 - INFO -   参考文献：4. 论文格式自动校验研究，赵六，工程技术会议论文集 → 编号格式建议使用方括号 [4]
2026-04-27 14:45:25,678 - INFO -   参考文献：4. 论文格式自动校验研究，赵六，工程技术会议论文集 → 缺少文献类型标识（如[J]期刊、[M]专著、[D]学位论文、[R/OL]电子报告）
2026-04-27 14:45:25,678 - INFO -   参考文献：4. 论文格式自动校验研究，赵六，工程技术会议论文集 → 作者后缺少句号分隔符（应为：作者．标题）
2026-04-27 14:45:25,678 - INFO -   参考文献：4. 论文格式自动校验研究，赵六，工程技术会议论文集 → 缺少年份（应为4位数字，如2023）
2026-04-27 14:45:25,678 - INFO -   参考文献：4. 论文格式自动校验研究，赵六，工程技术会议论文集 → 参考文献末尾建议添加句号
2026-04-27 14:45:25,678 - INFO -   参考文献：5. 学术批注系统设计实现，钱七，人工智能研讨会2024 → 编号格式建议使用方括号 [5]
2026-04-27 14:45:25,678 - INFO -   参考文献：5. 学术批注系统设计实现，钱七，人工智能研讨会2024 → 缺少文献类型标识（如[J]期刊、[M]专著、[D]学位论文、[R/OL]电子报告）
2026-04-27 14:45:25,680 - INFO -   参考文献：5. 学术批注系统设计实现，钱七，人工智能研讨会2024 → 作者后缺少句号分隔符（应为：作者．标题）
2026-04-27 14:45:25,680 - INFO -   参考文献：5. 学术批注系统设计实现，钱七，人工智能研讨会2024 → 缺少年份（应为4位数字，如2023）
2026-04-27 14:45:25,680 - INFO -   参考文献：5. 学术批注系统设计实现，钱七，人工智能研讨会2024 → 参考文献末尾建议添加句号
2026-04-27 14:45:25,680 - INFO -   位置6：✅ → "（置信度 0.991）
2026-04-27 14:45:25,680 - INFO -   位置137：) → ）（置信度 0.928）
2026-04-27 14:45:25,680 - INFO -   参考文献：【原文】1.✅张三.自然语言处理技术研究[J].计算机工程与应用,2023,45(6):12-18.
【建议】1."长三.自然语言处理技术研究[J].计算机工程与应用,2023,45（6）:12-18。
 → 位置2：✅ → "
 → 位置36：( → （
 → 位置38：) → ）
 → 位置45：. → 。 → 缺少编号，应为 [n] 格式（如 [1]、[2]）
2026-04-27 14:45:25,680 - INFO -   位置6：✅ → "（置信度 0.972）
2026-04-27 14:45:25,680 - INFO -   位置69：✅ → "（置信度 0.986）
2026-04-27 14:45:25,680 - INFO -   参考文献：【原文】2.✅李四.文本纠错算法研究进展[J].计算机科学.
【建议】2."李四.文本纠错算法研究进展[J].计算机科学。
 → 位置2：✅ → "
 → 位置25：. → 。 → 缺少编号，应为 [n] 格式（如 [1]、[2]）
2026-04-27 14:45:25,680 - INFO -   参考文献：【原文】2.✅李四.文本纠错算法研究进展[J].计算机科学.
【建议】2."李四.文本纠错算法研究进展[J].计算机科学。
 → 位置2：✅ → "
 → 位置25：. → 。 → 缺少年份（应为4位数字，如2023）
2026-04-27 14:45:25,680 - INFO -   参考文献：【原文】2.✅李四.文本纠错算法研究进展[J].计算机科学.
【建议】2."李四.文本纠错算法研究进展[J].计算机科学。
 → 位置2：✅ → "
 → 位置25：. → 。 → 期刊文章建议包含卷号（格式：年份后添加 卷号(期号)）
2026-04-27 14:45:25,680 - INFO -   参考文献：【原文】2.✅李四.文本纠错算法研究进展[J].计算机科学.
【建议】2."李四.文本纠错算法研究进展[J].计算机科学。
 → 位置2：✅ → "
 → 位置25：. → 。 → 期刊文章建议包含页码（格式：卷期后添加 :起始页码-结束页码）
2026-04-27 14:45:25,680 - INFO -   位置6：✅ → "（置信度 0.993）
2026-04-27 14:45:25,680 - INFO -   参考文献：【原文】3.✅王五.深度学习模型优化研究[J].信息技术,2022.
【建议】3."王武.深度学习模型优化研究[J].信息技术,2022。
 → 位置2：✅ → "
 → 位置29：. → 。 → 缺少编号，应为 [n] 格式（如 [1]、[2]）
2026-04-27 14:45:25,680 - INFO -   参考文献：【原文】3.✅王五.深度学习模型优化研究[J].信息技术,2022.
【建议】3."王武.深度学习模型优化研究[J].信息技术,2022。
 → 位置2：✅ → "
 → 位置29：. → 。 → 期刊文章建议包含卷号（格式：年份后添加 卷号(期号)）
2026-04-27 14:45:25,680 - INFO -   参考文献：【原文】3.✅王五.深度学习模型优化研究[J].信息技术,2022.
【建议】3."王武.深度学习模型优化研究[J].信息技术,2022。
 → 位置2：✅ → "
 → 位置29：. → 。 → 期刊文章建议包含页码（格式：卷期后添加 :起始页码-结束页码）
2026-04-27 14:45:25,680 - INFO -   位置6：✅ → "（置信度 0.949）
2026-04-27 14:45:25,680 - INFO -   参考文献：【原文】4.✅赵六.智能校对系统设计与实现[J].软件导刊,2021,30.
【建议】4."着陆.智能校对系统设计与实现[J].软件导刊,2021,30。
 → 位置2：✅ → "
 → 位置33：. → 。 → 缺少编号，应为 [n] 格式（如 [1]、[2]）
2026-04-27 14:45:25,680 - INFO -   参考文献：【原文】4.✅赵六.智能校对系统设计与实现[J].软件导刊,2021,30.
【建议】4."着陆.智能校对系统设计与实现[J].软件导刊,2021,30。
 → 位置2：✅ → "
 → 位置33：. → 。 → 期刊文章建议包含卷号（格式：年份后添加 卷号(期号)）
2026-04-27 14:45:25,680 - INFO -   参考文献：【原文】4.✅赵六.智能校对系统设计与实现[J].软件导刊,2021,30.
【建议】4."着陆.智能校对系统设计与实现[J].软件导刊,2021,30。
 → 位置2：✅ → "
 → 位置33：. → 。 → 期刊文章建议包含页码（格式：卷期后添加 :起始页码-结束页码）
2026-04-27 14:45:25,680 - INFO -   位置6：✅ → "（置信度 0.977）
2026-04-27 14:45:25,680 - INFO -   位置39：( → （（置信度 0.999）
2026-04-27 14:45:25,680 - INFO -   位置53：. → -（置信度 0.906）
2026-04-27 14:45:25,680 - INFO -   位置109：( → （（置信度 0.934）
2026-04-27 14:45:25,680 - INFO -   参考文献：【原文】5.✅钱七.NLP文本检测技术分析[J].数字技术与应用,2020,2(5).
【建议】5."钱七.NLP文本检测技术分析[J].数字技术与应用,2020,2（5）。
 → 位置2：✅ → "
 → 位置35：( → （
 → 位置37：) → ）
 → 位置38：. → 。 → 缺少编号，应为 [n] 格式（如 [1]、[2]）
2026-04-27 14:45:25,682 - INFO -   参考文献：【原文】5.✅钱七.NLP文本检测技术分析[J].数字技术与应用,2020,2(5).
【建议】5."钱七.NLP文本检测技术分析[J].数字技术与应用,2020,2（5）。
 → 位置2：✅ → "
 → 位置35：( → （
 → 位置37：) → ）
 → 位置38：. → 。 → 期刊文章建议包含页码（格式：卷期后添加 :起始页码-结束页码）
2026-04-27 14:45:25,682 - INFO -   参考文献：【原文】6.✅孙八.计算机视觉图表识别研究[J].电脑知识与技术,2023,10:20-25.
【建议】6."孙吧.计算机视觉图表识别研究[J].电脑知识与技术,2023,10:20-25。
 → 位置2：✅ → "
 → 位置42：. → 。 → 缺少编号，应为 [n] 格式（如 [1]、[2]）
2026-04-27 14:45:25,682 - INFO -   参考文献：【原文】6.✅孙八.计算机视觉图表识别研究[J].电脑知识与技术,2023,10:20-25.
【建议】6."孙吧.计算机视觉图表识别研究[J].电脑知识与技术,2023,10:20-25。
 → 位置2：✅ → "
 → 位置42：. → 。 → 期刊文章建议包含卷号（格式：年份后添加 卷号(期号)）
2026-04-27 14:45:25,683 - INFO -   位置6：✅ → "（置信度 0.998）
2026-04-27 14:45:25,683 - INFO -   参考文献：【原文】7.✅周九.学术排版规范研究[J].教育现代化.
【建议】7."调酒.学术排版规范研究[J].教育现代化。
 → 位置2：✅ → "
 → 位置23：. → 。 → 缺少编号，应为 [n] 格式（如 [1]、[2]）
2026-04-27 14:45:25,683 - INFO -   参考文献：【原文】7.✅周九.学术排版规范研究[J].教育现代化.
【建议】7."调酒.学术排版规范研究[J].教育现代化。
 → 位置2：✅ → "
 → 位置23：. → 。 → 缺少年份（应为4位数字，如2023）
2026-04-27 14:45:25,683 - INFO -   参考文献：【原文】7.✅周九.学术排版规范研究[J].教育现代化.
【建议】7."调酒.学术排版规范研究[J].教育现代化。
 → 位置2：✅ → "
 → 位置23：. → 。 → 期刊文章建议包含卷号（格式：年份后添加 卷号(期号)）
2026-04-27 14:45:25,683 - INFO -   参考文献：【原文】7.✅周九.学术排版规范研究[J].教育现代化.
【建议】7."调酒.学术排版规范研究[J].教育现代化。
 → 位置2：✅ → "
 → 位置23：. → 。 → 期刊文章建议包含页码（格式：卷期后添加 :起始页码-结束页码）
2026-04-27 14:45:25,683 - INFO -   位置6：✅ → "（置信度 0.959）
2026-04-27 14:45:25,683 - INFO -   参考文献：【原文】1.✅李四.深度学习理论与实战[M].北京:机械工业出版社.
【建议】1."李四.深度学习理论与实战[M].北京:机械工业出版社。
 → 位置2：✅ → "
 → 位置29：. → 。 → 缺少编号，应为 [n] 格式（如 [1]、[2]）
2026-04-27 14:45:25,683 - INFO -   参考文献：【原文】1.✅李四.深度学习理论与实战[M].北京:机械工业出版社.
【建议】1."李四.深度学习理论与实战[M].北京:机械工业出版社。
 → 位置2：✅ → "
 → 位置29：. → 。 → 缺少年份（应为4位数字，如2023）
2026-04-27 14:45:25,683 - INFO -   参考文献：【原文】2.✅王五.自然语言处理基础教程[M].北京:清华大学出版社.
【建议】2."王武.自然语言处理基础教程[M].北京:清华大学出版社。
 → 位置2：✅ → "
 → 位置30：. → 。 → 缺少编号，应为 [n] 格式（如 [1]、[2]）
2026-04-27 14:45:25,683 - INFO -   参考文献：【原文】2.✅王五.自然语言处理基础教程[M].北京:清华大学出版社.
【建议】2."王武.自然语言处理基础教程[M].北京:清华大学出版社。
 → 位置2：✅ → "
 → 位置30：. → 。 → 缺少年份（应为4位数字，如2023）
2026-04-27 14:45:25,683 - INFO -   位置6：✅ → "（置信度 0.979）
2026-04-27 14:45:25,683 - INFO -   参考文献：【原文】3.✅赵六.计算机视觉技术手册[M].上海:上海出版社,2022.
【建议】3."着陆.计算机视觉技术手册[M].上海:上海出版社,2022。
 → 位置2：✅ → "
 → 位置32：. → 。 → 缺少编号，应为 [n] 格式（如 [1]、[2]）
2026-04-27 14:45:25,683 - INFO -   位置6：✅ → "（置信度 0.937）
2026-04-27 14:45:25,683 - INFO -   参考文献：【原文】4.✅钱七.学术论文写作规范指南[M].北京:教育出版社.
【建议】4."钱七.学术论文写作规范指南[M].北京:教育出版社。
 → 位置2：✅ → "
 → 位置28：. → 。 → 缺少编号，应为 [n] 格式（如 [1]、[2]）
2026-04-27 14:45:25,683 - INFO -   参考文献：【原文】4.✅钱七.学术论文写作规范指南[M].北京:教育出版社.
【建议】4."钱七.学术论文写作规范指南[M].北京:教育出版社。
 → 位置2：✅ → "
 → 位置28：. → 。 → 缺少年份（应为4位数字，如2023）
2026-04-27 14:45:25,683 - INFO -   参考文献：【原文】5.✅孙八.人工智能应用实践[M].北京:科学出版社,2023.
【建议】5."孙吧.人工智能应用实践[M].北京:科学出版社,2023。
 → 位置2：✅ → "
 → 位置31：. → 。 → 缺少编号，应为 [n] 格式（如 [1]、[2]）
2026-04-27 14:45:25,683 - INFO -   位置6：✅ → "（置信度 0.986）
2026-04-27 14:45:25,683 - INFO -   位置69：✅ → "（置信度 0.938）
2026-04-27 14:45:25,683 - INFO -   参考文献：【原文】1.✅王五.文本纠错算法研究[D].济南:山东大学.
【建议】1."王武.文本纠错算法研究[D].济南:山东大学。
 → 位置2：✅ → "
 → 位置25：. → 。 → 缺少编号，应为 [n] 格式（如 [1]、[2]）
2026-04-27 14:45:25,683 - INFO -   参考文献：【原文】1.✅王五.文本纠错算法研究[D].济南:山东大学.
【建议】1."王武.文本纠错算法研究[D].济南:山东大学。
 → 位置2：✅ → "
 → 位置25：. → 。 → 缺少年份（应为4位数字，如2023）
2026-04-27 14:45:25,683 - INFO -   位置6：✅ → "（置信度 0.999）
2026-04-27 14:45:25,683 - INFO -   参考文献：【原文】2.✅赵六.智能校对系统设计[D].XX大学,2022.
【建议】2."着陆.智能校对系统设计[D].XX大学,2022。
 → 位置2：✅ → "
 → 位置27：. → 。 → 缺少编号，应为 [n] 格式（如 [1]、[2]）
2026-04-27 14:45:25,683 - INFO -   位置6：✅ → "（置信度 0.954）
2026-04-27 14:45:25,683 - INFO -   参考文献：【原文】3.✅钱七.图表编号自动检测研究[D].XX本科院校,2023.
【建议】3."钱七.图表编号自动检测研究[D].XX本科院校,2023。
 → 位置2：✅ → "
 → 位置31：. → 。 → 缺少编号，应为 [n] 格式（如 [1]、[2]）
2026-04-27 14:45:25,683 - INFO -   参考文献：【原文】3.✅钱七.图表编号自动检测研究[D].XX本科院校,2023.
【建议】3."钱七.图表编号自动检测研究[D].XX本科院校,2023。
 → 位置2：✅ → "
 → 位置31：. → 。 → 学位论文缺少培养单位（如XX大学、XX研究院）
2026-04-27 14:45:25,683 - INFO -   位置6：✅ → "（置信度 0.999）
2026-04-27 14:45:25,683 - INFO -   参考文献：【原文】4.✅孙八.NLP与CV融合技术研究[D].XX大学,2023.
【建议】4."孙吧.NLP与CV融合技术研究[D].XX大学,2023。
 → 位置2：✅ → "
 → 位置31：. → 。 → 缺少编号，应为 [n] 格式（如 [1]、[2]）
2026-04-27 14:45:25,683 - INFO -   位置6：✅ → "（置信度 1.0）
2026-04-27 14:45:25,683 - INFO -   参考文献：【原文】5.✅周九.学术格式自动校验研究[D].XX大学,2023.
【建议】5."调酒.学术格式自动校验研究[D].XX大学,2023。
 → 位置2：✅ → "
 → 位置29：. → 。 → 缺少编号，应为 [n] 格式（如 [1]、[2]）
2026-04-27 14:45:25,683 - INFO -   位置30：( → （（置信度 0.999）
2026-04-27 14:45:25,683 - INFO -   位置33：) → ）（置信度 0.999）
2026-04-27 14:45:25,683 - INFO -   位置53：[ → -（置信度 0.907）
2026-04-27 14:45:25,683 - INFO -   位置93：( → （（置信度 0.954）
2026-04-27 14:45:25,683 - INFO -   位置107：) → ）（置信度 0.979）
2026-04-27 14:45:25,683 - INFO -   参考文献：【原文】报纸示例：✅作者.文章题名[N].报纸名称,出版日期(版次).
【建议】报纸示例："作者.文章题名[N].报纸名称,出版日期（版次）。
 → 位置5：✅ → "
 → 位置26：( → （
 → 位置29：) → ）
 → 位置30：. → 。 → 缺少编号，应为 [n] 格式（如 [1]、[2]）
2026-04-27 14:45:25,683 - INFO -   参考文献：【原文】报纸示例：✅作者.文章题名[N].报纸名称,出版日期(版次).
【建议】报纸示例："作者.文章题名[N].报纸名称,出版日期（版次）。
 → 位置5：✅ → "
 → 位置26：( → （
 → 位置29：) → ）
 → 位置30：. → 。 → 缺少年份（应为4位数字，如2023）
2026-04-27 14:45:25,683 - INFO -   位置9：✅ → "（置信度 0.948）
2026-04-27 14:45:25,683 - INFO -   位置60：. → 们（置信度 0.921）
2026-04-27 14:45:25,683 - INFO -   参考文献：【原文】会议示例：✅作者.论文题名[C]//会议名称.会议地点:出版单位,出版年份:起止页码.
【建议】会议示例："作者.论文题名[C]//会议名称.会议地点:出版单位,出版年份:起止页码。
 → 位置5：✅ → "
 → 位置42：. → 。 → 缺少编号，应为 [n] 格式（如 [1]、[2]）
2026-04-27 14:45:25,683 - INFO -   参考文献：【原文】会议示例：✅作者.论文题名[C]//会议名称.会议地点:出版单位,出版年份:起止页码.
【建议】会议示例："作者.论文题名[C]//会议名称.会议地点:出版单位,出版年份:起止页码。
 → 位置5：✅ → "
 → 位置42：. → 。 → 缺少年份（应为4位数字，如2023）
2026-04-27 14:45:25,683 - INFO - ============================================================
2026-04-27 14:45:25,683 - INFO - 
🎉 检测完成！结果已保存到: test_files/articles_error_result.docx
2026-04-27 14:46:02,144 - INFO - 使用设备: cpu
2026-04-27 14:46:02,144 - INFO - [INFO] 加载模型中... (模式: dual)
2026-04-27 14:46:02,144 - INFO - [INFO] 加载双模型: macbert4mdcspell_v3 + pycorrector
2026-04-27 14:46:02,287 - INFO - [OK] 模型加载完成
2026-04-27 14:46:02,287 - INFO - 📄 读取文件: test_files/articles_error.docx
2026-04-27 14:46:02,304 - INFO - ✅ 读取成功，共 70 段
2026-04-27 14:46:02,304 - INFO - 📝 开始文本纠错...
2026-04-27 14:46:22,638 - INFO - ✅ 文本纠错完成，发现 56 个错别字
2026-04-27 14:46:22,639 - INFO - 🔍 开始语法检测...
2026-04-27 14:46:22,660 - INFO - ✅ 语法检测完成，发现 2 个语法问题，0 个语义问题
2026-04-27 14:46:22,663 - INFO - 📊 处理表格...
2026-04-27 14:46:22,663 - INFO - ✅ 表格处理完成
2026-04-27 14:46:22,663 - INFO - 🖼 处理文档内图片...
2026-04-27 14:46:22,665 - INFO - 📸 提取到 1 张图片
2026-04-27 14:46:22,666 - WARNING - Using CPU. Note: This module is much faster with a GPU.
2026-04-27 14:46:26,837 - INFO - ✅ 图片OCR处理完成
2026-04-27 14:46:26,837 - INFO - 🔢 检测图片编号...
2026-04-27 14:46:26,861 - INFO - ✅ 图片编号检测完成，发现 0 个问题
2026-04-27 14:46:26,862 - INFO - 📋 检测表格编号...
2026-04-27 14:46:26,862 - INFO - ✅ 表格编号检测完成，发现 0 个问题
2026-04-27 14:46:26,863 - INFO - 📚 检测参考文献...
2026-04-27 14:46:26,889 - INFO - 发现 40 条参考文献
2026-04-27 14:46:42,666 - INFO - ✅ 参考文献检测完成，发现 137 个问题
2026-04-27 14:46:42,667 - INFO - 💾 保存结果到: test_files/articles_error_result.docx
2026-04-27 14:46:42,674 - INFO - ✅ 文件保存成功
2026-04-27 14:46:42,674 - INFO - 
============================================================
2026-04-27 14:46:42,675 - INFO - 📊 智能检测报告
2026-04-27 14:46:42,675 - INFO - ============================================================
2026-04-27 14:46:42,675 - INFO - 错别字: 83
2026-04-27 14:46:42,676 - INFO - 参考文献错误: 137
2026-04-27 14:46:42,676 - INFO - 总错误: 220
2026-04-27 14:46:42,676 - INFO - 
📄 错误详情：
2026-04-27 14:46:42,676 - INFO -   位置30：( → （（置信度 1.0）
2026-04-27 14:46:42,676 - INFO -   位置32：( → （（置信度 1.0）
2026-04-27 14:46:42,676 - INFO -   位置2：✅ → "（置信度 0.998）
2026-04-27 14:46:42,677 - INFO -   位置36：( → （（置信度 0.999）
2026-04-27 14:46:42,677 - INFO -   位置38：) → ）（置信度 0.97）
2026-04-27 14:46:42,677 - INFO -   位置45：. → 。（置信度 0.999）
2026-04-27 14:46:42,677 - INFO -   位置2：✅ → "（置信度 1.0）
2026-04-27 14:46:42,677 - INFO -   位置25：. → 。（置信度 0.996）
2026-04-27 14:46:42,677 - INFO -   位置2：✅ → "（置信度 1.0）
2026-04-27 14:46:42,677 - INFO -   位置29：. → 。（置信度 1.0）
2026-04-27 14:46:42,677 - INFO -   位置2：✅ → "（置信度 1.0）
2026-04-27 14:46:42,678 - INFO -   位置33：. → 。（置信度 1.0）
2026-04-27 14:46:42,678 - INFO -   位置2：✅ → "（置信度 1.0）
2026-04-27 14:46:42,678 - INFO -   位置35：( → （（置信度 1.0）
2026-04-27 14:46:42,678 - INFO -   位置37：) → ）（置信度 0.94）
2026-04-27 14:46:42,678 - INFO -   位置38：. → 。（置信度 1.0）
2026-04-27 14:46:42,678 - INFO -   位置2：✅ → "（置信度 1.0）
2026-04-27 14:46:42,678 - INFO -   位置42：. → 。（置信度 1.0）
2026-04-27 14:46:42,678 - INFO -   位置2：✅ → "（置信度 1.0）
2026-04-27 14:46:42,678 - INFO -   位置23：. → 。（置信度 0.997）
2026-04-27 14:46:42,678 - INFO -   位置2：✅ → "（置信度 1.0）
2026-04-27 14:46:42,678 - INFO -   位置29：. → 。（置信度 0.999）
2026-04-27 14:46:42,678 - INFO -   位置2：✅ → "（置信度 1.0）
2026-04-27 14:46:42,679 - INFO -   位置30：. → 。（置信度 1.0）
2026-04-27 14:46:42,679 - INFO -   位置2：✅ → "（置信度 1.0）
2026-04-27 14:46:42,679 - INFO -   位置32：. → 。（置信度 0.997）
2026-04-27 14:46:42,679 - INFO -   位置2：✅ → "（置信度 1.0）
2026-04-27 14:46:42,679 - INFO -   位置28：. → 。（置信度 0.998）
2026-04-27 14:46:42,679 - INFO -   位置2：✅ → "（置信度 0.999）
2026-04-27 14:46:42,679 - INFO -   位置31：. → 。（置信度 0.993）
2026-04-27 14:46:42,679 - INFO -   位置2：✅ → "（置信度 1.0）
2026-04-27 14:46:42,679 - INFO -   位置25：. → 。（置信度 0.999）
2026-04-27 14:46:42,679 - INFO -   位置2：✅ → "（置信度 1.0）
2026-04-27 14:46:42,679 - INFO -   位置27：. → 。（置信度 0.999）
2026-04-27 14:46:42,679 - INFO -   位置2：✅ → "（置信度 1.0）
2026-04-27 14:46:42,680 - INFO -   位置31：. → 。（置信度 0.999）
2026-04-27 14:46:42,680 - INFO -   位置2：✅ → "（置信度 1.0）
2026-04-27 14:46:42,680 - INFO -   位置31：. → 。（置信度 1.0）
2026-04-27 14:46:42,680 - INFO -   位置2：✅ → "（置信度 1.0）
2026-04-27 14:46:42,680 - INFO -   位置29：. → 。（置信度 1.0）
2026-04-27 14:46:42,680 - INFO -   位置2：✅ → "（置信度 1.0）
2026-04-27 14:46:42,680 - INFO -   位置29：. → 。（置信度 0.999）
2026-04-27 14:46:42,680 - INFO -   位置2：✅ → "（置信度 0.999）
2026-04-27 14:46:42,680 - INFO -   位置32：. → 。（置信度 0.997）
2026-04-27 14:46:42,681 - INFO -   位置2：✅ → "（置信度 0.998）
2026-04-27 14:46:42,681 - INFO -   位置32：. → 。（置信度 0.996）
2026-04-27 14:46:42,681 - INFO -   位置2：✅ → "（置信度 1.0）
2026-04-27 14:46:42,681 - INFO -   位置28：. → 。（置信度 0.999）
2026-04-27 14:46:42,681 - INFO -   位置2：✅ → "（置信度 1.0）
2026-04-27 14:46:42,681 - INFO -   位置32：. → 。（置信度 0.998）
2026-04-27 14:46:42,681 - INFO -   位置5：✅ → "（置信度 1.0）
2026-04-27 14:46:42,681 - INFO -   位置26：( → （（置信度 1.0）
2026-04-27 14:46:42,681 - INFO -   位置29：) → ）（置信度 1.0）
2026-04-27 14:46:42,681 - INFO -   位置30：. → 。（置信度 1.0）
2026-04-27 14:46:42,682 - INFO -   位置5：✅ → "（置信度 1.0）
2026-04-27 14:46:42,682 - INFO -   位置42：. → 。（置信度 1.0）
2026-04-27 14:46:42,682 - INFO -   参考文献：2. 文本纠错算法研究进展，李四，计算机科学 → 编号格式建议使用方括号 [2]
2026-04-27 14:46:42,682 - INFO -   参考文献：2. 文本纠错算法研究进展，李四，计算机科学 → 缺少文献类型标识（如[J]期刊、[M]专著、[D]学位论文、[R/OL]电子报告）
2026-04-27 14:46:42,682 - INFO -   参考文献：2. 文本纠错算法研究进展，李四，计算机科学 → 作者后缺少句号分隔符（应为：作者．标题）
2026-04-27 14:46:42,682 - INFO -   参考文献：2. 文本纠错算法研究进展，李四，计算机科学 → 缺少年份（应为4位数字，如2023）
2026-04-27 14:46:42,682 - INFO -   参考文献：2. 文本纠错算法研究进展，李四，计算机科学 → 参考文献末尾建议添加句号
2026-04-27 14:46:42,682 - INFO -   参考文献：3. 深度学习模型优化研究，王五，信息技术，2022 → 编号格式建议使用方括号 [3]
2026-04-27 14:46:42,682 - INFO -   参考文献：3. 深度学习模型优化研究，王五，信息技术，2022 → 缺少文献类型标识（如[J]期刊、[M]专著、[D]学位论文、[R/OL]电子报告）
2026-04-27 14:46:42,682 - INFO -   参考文献：3. 深度学习模型优化研究，王五，信息技术，2022 → 作者后缺少句号分隔符（应为：作者．标题）
2026-04-27 14:46:42,682 - INFO -   参考文献：3. 深度学习模型优化研究，王五，信息技术，2022 → 缺少年份（应为4位数字，如2023）
2026-04-27 14:46:42,682 - INFO -   参考文献：3. 深度学习模型优化研究，王五，信息技术，2022 → 参考文献末尾建议添加句号
2026-04-27 14:46:42,682 - INFO -   参考文献：4. 智能校对系统设计与实现，赵六，软件导刊，2021，30 → 编号格式建议使用方括号 [4]
2026-04-27 14:46:42,683 - INFO -   参考文献：4. 智能校对系统设计与实现，赵六，软件导刊，2021，30 → 缺少文献类型标识（如[J]期刊、[M]专著、[D]学位论文、[R/OL]电子报告）
2026-04-27 14:46:42,683 - INFO -   参考文献：4. 智能校对系统设计与实现，赵六，软件导刊，2021，30 → 作者后缺少句号分隔符（应为：作者．标题）
2026-04-27 14:46:42,683 - INFO -   参考文献：4. 智能校对系统设计与实现，赵六，软件导刊，2021，30 → 缺少年份（应为4位数字，如2023）
2026-04-27 14:46:42,683 - INFO -   参考文献：4. 智能校对系统设计与实现，赵六，软件导刊，2021，30 → 参考文献末尾建议添加句号
2026-04-27 14:46:42,683 - INFO -   参考文献：6. 计算机视觉图表识别研究，孙八，电脑知识与技术，2023，10:20-25 → 编号格式建议使用方括号 [6]
2026-04-27 14:46:42,683 - INFO -   参考文献：6. 计算机视觉图表识别研究，孙八，电脑知识与技术，2023，10:20-25 → 缺少文献类型标识（如[J]期刊、[M]专著、[D]学位论文、[R/OL]电子报告）
2026-04-27 14:46:42,683 - INFO -   参考文献：6. 计算机视觉图表识别研究，孙八，电脑知识与技术，2023，10:20-25 → 作者后缺少句号分隔符（应为：作者．标题）
2026-04-27 14:46:42,683 - INFO -   参考文献：6. 计算机视觉图表识别研究，孙八，电脑知识与技术，2023，10:20-25 → 缺少年份（应为4位数字，如2023）
2026-04-27 14:46:42,683 - INFO -   参考文献：6. 计算机视觉图表识别研究，孙八，电脑知识与技术，2023，10:20-25 → 参考文献末尾建议添加句号
2026-04-27 14:46:42,683 - INFO -   参考文献：7. 学术排版规范研究，周九，教育现代化 → 编号格式建议使用方括号 [7]
2026-04-27 14:46:42,683 - INFO -   参考文献：7. 学术排版规范研究，周九，教育现代化 → 缺少文献类型标识（如[J]期刊、[M]专著、[D]学位论文、[R/OL]电子报告）
2026-04-27 14:46:42,683 - INFO -   参考文献：7. 学术排版规范研究，周九，教育现代化 → 作者后缺少句号分隔符（应为：作者．标题）
2026-04-27 14:46:42,683 - INFO -   参考文献：7. 学术排版规范研究，周九，教育现代化 → 缺少年份（应为4位数字，如2023）
2026-04-27 14:46:42,684 - INFO -   参考文献：7. 学术排版规范研究，周九，教育现代化 → 参考文献末尾建议添加句号
2026-04-27 14:46:42,684 - INFO -   参考文献：2. 自然语言处理基础教程，王五，清华大学出版社 → 编号格式建议使用方括号 [2]
2026-04-27 14:46:42,684 - INFO -   参考文献：2. 自然语言处理基础教程，王五，清华大学出版社 → 缺少文献类型标识（如[J]期刊、[M]专著、[D]学位论文、[R/OL]电子报告）
2026-04-27 14:46:42,684 - INFO -   参考文献：2. 自然语言处理基础教程，王五，清华大学出版社 → 作者后缺少句号分隔符（应为：作者．标题）
2026-04-27 14:46:42,684 - INFO -   参考文献：2. 自然语言处理基础教程，王五，清华大学出版社 → 缺少年份（应为4位数字，如2023）
2026-04-27 14:46:42,684 - INFO -   参考文献：2. 自然语言处理基础教程，王五，清华大学出版社 → 参考文献末尾建议添加句号
2026-04-27 14:46:42,684 - INFO -   参考文献：3. 计算机视觉技术手册，赵六，上海出版社2022 → 编号格式建议使用方括号 [3]
2026-04-27 14:46:42,684 - INFO -   参考文献：3. 计算机视觉技术手册，赵六，上海出版社2022 → 缺少文献类型标识（如[J]期刊、[M]专著、[D]学位论文、[R/OL]电子报告）
2026-04-27 14:46:42,684 - INFO -   参考文献：3. 计算机视觉技术手册，赵六，上海出版社2022 → 作者后缺少句号分隔符（应为：作者．标题）
2026-04-27 14:46:42,684 - INFO -   参考文献：3. 计算机视觉技术手册，赵六，上海出版社2022 → 缺少年份（应为4位数字，如2023）
2026-04-27 14:46:42,684 - INFO -   参考文献：3. 计算机视觉技术手册，赵六，上海出版社2022 → 参考文献末尾建议添加句号
2026-04-27 14:46:42,684 - INFO -   参考文献：4. 学术论文写作规范指南，钱七，教育出版社 → 编号格式建议使用方括号 [4]
2026-04-27 14:46:42,684 - INFO -   参考文献：4. 学术论文写作规范指南，钱七，教育出版社 → 缺少文献类型标识（如[J]期刊、[M]专著、[D]学位论文、[R/OL]电子报告）
2026-04-27 14:46:42,684 - INFO -   参考文献：4. 学术论文写作规范指南，钱七，教育出版社 → 作者后缺少句号分隔符（应为：作者．标题）
2026-04-27 14:46:42,685 - INFO -   参考文献：4. 学术论文写作规范指南，钱七，教育出版社 → 缺少年份（应为4位数字，如2023）
2026-04-27 14:46:42,685 - INFO -   参考文献：4. 学术论文写作规范指南，钱七，教育出版社 → 参考文献末尾建议添加句号
2026-04-27 14:46:42,685 - INFO -   参考文献：5. 人工智能应用实践，孙八，科学出版社2023，北京 → 编号格式建议使用方括号 [5]
2026-04-27 14:46:42,685 - INFO -   参考文献：5. 人工智能应用实践，孙八，科学出版社2023，北京 → 缺少文献类型标识（如[J]期刊、[M]专著、[D]学位论文、[R/OL]电子报告）
2026-04-27 14:46:42,685 - INFO -   参考文献：5. 人工智能应用实践，孙八，科学出版社2023，北京 → 作者后缺少句号分隔符（应为：作者．标题）
2026-04-27 14:46:42,685 - INFO -   参考文献：5. 人工智能应用实践，孙八，科学出版社2023，北京 → 缺少年份（应为4位数字，如2023）
2026-04-27 14:46:42,685 - INFO -   参考文献：5. 人工智能应用实践，孙八，科学出版社2023，北京 → 参考文献末尾建议添加句号
2026-04-27 14:46:42,685 - INFO -   参考文献：2. 赵六.智能校对系统设计，计算机学院2022 → 编号格式建议使用方括号 [2]
2026-04-27 14:46:42,685 - INFO -   参考文献：2. 赵六.智能校对系统设计，计算机学院2022 → 缺少文献类型标识（如[J]期刊、[M]专著、[D]学位论文、[R/OL]电子报告）
2026-04-27 14:46:42,685 - INFO -   参考文献：2. 赵六.智能校对系统设计，计算机学院2022 → 参考文献末尾建议添加句号
2026-04-27 14:46:42,686 - INFO -   参考文献：3. 钱七.图表编号自动检测研究，本科毕业论文 → 编号格式建议使用方括号 [3]
2026-04-27 14:46:42,686 - INFO -   参考文献：3. 钱七.图表编号自动检测研究，本科毕业论文 → 缺少文献类型标识（如[J]期刊、[M]专著、[D]学位论文、[R/OL]电子报告）
2026-04-27 14:46:42,686 - INFO -   参考文献：3. 钱七.图表编号自动检测研究，本科毕业论文 → 缺少年份（应为4位数字，如2023）
2026-04-27 14:46:42,686 - INFO -   参考文献：3. 钱七.图表编号自动检测研究，本科毕业论文 → 参考文献末尾建议添加句号
2026-04-27 14:46:42,686 - INFO -   参考文献：4. 孙八.NLP与CV融合技术研究，硕士论文 → 编号格式建议使用方括号 [4]
2026-04-27 14:46:42,686 - INFO -   参考文献：4. 孙八.NLP与CV融合技术研究，硕士论文 → 缺少文献类型标识（如[J]期刊、[M]专著、[D]学位论文、[R/OL]电子报告）
2026-04-27 14:46:42,686 - INFO -   参考文献：4. 孙八.NLP与CV融合技术研究，硕士论文 → 缺少年份（应为4位数字，如2023）
2026-04-27 14:46:42,686 - INFO -   参考文献：4. 孙八.NLP与CV融合技术研究，硕士论文 → 参考文献末尾建议添加句号
2026-04-27 14:46:42,686 - INFO -   参考文献：5. 周九.学术格式自动校验研究，2023大学 → 编号格式建议使用方括号 [5]
2026-04-27 14:46:42,686 - INFO -   参考文献：5. 周九.学术格式自动校验研究，2023大学 → 缺少文献类型标识（如[J]期刊、[M]专著、[D]学位论文、[R/OL]电子报告）
2026-04-27 14:46:42,686 - INFO -   参考文献：5. 周九.学术格式自动校验研究，2023大学 → 参考文献末尾建议添加句号
2026-04-27 14:46:42,686 - INFO -   参考文献：5. 智能教育发展统计数据，互联网发布资料 → 编号格式建议使用方括号 [5]
2026-04-27 14:46:42,686 - INFO -   参考文献：5. 智能教育发展统计数据，互联网发布资料 → 缺少文献类型标识（如[J]期刊、[M]专著、[D]学位论文、[R/OL]电子报告）
2026-04-27 14:46:42,687 - INFO -   参考文献：5. 智能教育发展统计数据，互联网发布资料 → 作者后缺少句号分隔符（应为：作者．标题）
2026-04-27 14:46:42,687 - INFO -   参考文献：5. 智能教育发展统计数据，互联网发布资料 → 缺少年份（应为4位数字，如2023）
2026-04-27 14:46:42,687 - INFO -   参考文献：5. 智能教育发展统计数据，互联网发布资料 → 参考文献末尾建议添加句号
2026-04-27 14:46:42,687 - INFO -   参考文献：3. NLP技术应用前景广阔，科技报，北京 → 编号格式建议使用方括号 [3]
2026-04-27 14:46:42,687 - INFO -   参考文献：3. NLP技术应用前景广阔，科技报，北京 → 缺少文献类型标识（如[J]期刊、[M]专著、[D]学位论文、[R/OL]电子报告）
2026-04-27 14:46:42,688 - INFO -   参考文献：3. NLP技术应用前景广阔，科技报，北京 → 作者后缺少句号分隔符（应为：作者．标题）
2026-04-27 14:46:42,688 - INFO -   参考文献：3. NLP技术应用前景广阔，科技报，北京 → 缺少年份（应为4位数字，如2023）
2026-04-27 14:46:42,688 - INFO -   参考文献：3. NLP技术应用前景广阔，科技报，北京 → 参考文献末尾建议添加句号
2026-04-27 14:46:42,688 - INFO -   参考文献：4. 论文排版规范管理新规出台，校园报纸2024年发布 → 编号格式建议使用方括号 [4]
2026-04-27 14:46:42,688 - INFO -   参考文献：4. 论文排版规范管理新规出台，校园报纸2024年发布 → 缺少文献类型标识（如[J]期刊、[M]专著、[D]学位论文、[R/OL]电子报告）
2026-04-27 14:46:42,688 - INFO -   参考文献：4. 论文排版规范管理新规出台，校园报纸2024年发布 → 作者后缺少句号分隔符（应为：作者．标题）
2026-04-27 14:46:42,688 - INFO -   参考文献：4. 论文排版规范管理新规出台，校园报纸2024年发布 → 缺少年份（应为4位数字，如2023）
2026-04-27 14:46:42,688 - INFO -   参考文献：4. 论文排版规范管理新规出台，校园报纸2024年发布 → 参考文献末尾建议添加句号
2026-04-27 14:46:42,688 - INFO -   参考文献：5. 智能校对工具助力学术写作，信息化报纸 → 编号格式建议使用方括号 [5]
2026-04-27 14:46:42,688 - INFO -   参考文献：5. 智能校对工具助力学术写作，信息化报纸 → 缺少文献类型标识（如[J]期刊、[M]专著、[D]学位论文、[R/OL]电子报告）
2026-04-27 14:46:42,688 - INFO -   参考文献：5. 智能校对工具助力学术写作，信息化报纸 → 作者后缺少句号分隔符（应为：作者．标题）
2026-04-27 14:46:42,688 - INFO -   参考文献：5. 智能校对工具助力学术写作，信息化报纸 → 缺少年份（应为4位数字，如2023）
2026-04-27 14:46:42,689 - INFO -   参考文献：5. 智能校对工具助力学术写作，信息化报纸 → 参考文献末尾建议添加句号
2026-04-27 14:46:42,689 - INFO -   参考文献：2. CV图表识别技术探讨，李四，计算机学术年会2023 → 编号格式建议使用方括号 [2]
2026-04-27 14:46:42,689 - INFO -   参考文献：2. CV图表识别技术探讨，李四，计算机学术年会2023 → 缺少文献类型标识（如[J]期刊、[M]专著、[D]学位论文、[R/OL]电子报告）
2026-04-27 14:46:42,689 - INFO -   参考文献：2. CV图表识别技术探讨，李四，计算机学术年会2023 → 作者后缺少句号分隔符（应为：作者．标题）
2026-04-27 14:46:42,689 - INFO -   参考文献：2. CV图表识别技术探讨，李四，计算机学术年会2023 → 缺少年份（应为4位数字，如2023）
2026-04-27 14:46:42,689 - INFO -   参考文献：2. CV图表识别技术探讨，李四，计算机学术年会2023 → 参考文献末尾建议添加句号
2026-04-27 14:46:42,689 - INFO -   参考文献：3. NLP与CV融合应用研究，王五，学术交流会议，北京 → 编号格式建议使用方括号 [3]
2026-04-27 14:46:42,689 - INFO -   参考文献：3. NLP与CV融合应用研究，王五，学术交流会议，北京 → 缺少文献类型标识（如[J]期刊、[M]专著、[D]学位论文、[R/OL]电子报告）
2026-04-27 14:46:42,689 - INFO -   参考文献：3. NLP与CV融合应用研究，王五，学术交流会议，北京 → 作者后缺少句号分隔符（应为：作者．标题）
2026-04-27 14:46:42,689 - INFO -   参考文献：3. NLP与CV融合应用研究，王五，学术交流会议，北京 → 缺少年份（应为4位数字，如2023）
2026-04-27 14:46:42,690 - INFO -   参考文献：3. NLP与CV融合应用研究，王五，学术交流会议，北京 → 参考文献末尾建议添加句号
2026-04-27 14:46:42,690 - INFO -   参考文献：4. 论文格式自动校验研究，赵六，工程技术会议论文集 → 编号格式建议使用方括号 [4]
2026-04-27 14:46:42,690 - INFO -   参考文献：4. 论文格式自动校验研究，赵六，工程技术会议论文集 → 缺少文献类型标识（如[J]期刊、[M]专著、[D]学位论文、[R/OL]电子报告）
2026-04-27 14:46:42,690 - INFO -   参考文献：4. 论文格式自动校验研究，赵六，工程技术会议论文集 → 作者后缺少句号分隔符（应为：作者．标题）
2026-04-27 14:46:42,690 - INFO -   参考文献：4. 论文格式自动校验研究，赵六，工程技术会议论文集 → 缺少年份（应为4位数字，如2023）
2026-04-27 14:46:42,690 - INFO -   参考文献：4. 论文格式自动校验研究，赵六，工程技术会议论文集 → 参考文献末尾建议添加句号
2026-04-27 14:46:42,690 - INFO -   参考文献：5. 学术批注系统设计实现，钱七，人工智能研讨会2024 → 编号格式建议使用方括号 [5]
2026-04-27 14:46:42,690 - INFO -   参考文献：5. 学术批注系统设计实现，钱七，人工智能研讨会2024 → 缺少文献类型标识（如[J]期刊、[M]专著、[D]学位论文、[R/OL]电子报告）
2026-04-27 14:46:42,690 - INFO -   参考文献：5. 学术批注系统设计实现，钱七，人工智能研讨会2024 → 作者后缺少句号分隔符（应为：作者．标题）
2026-04-27 14:46:42,691 - INFO -   参考文献：5. 学术批注系统设计实现，钱七，人工智能研讨会2024 → 缺少年份（应为4位数字，如2023）
2026-04-27 14:46:42,691 - INFO -   参考文献：5. 学术批注系统设计实现，钱七，人工智能研讨会2024 → 参考文献末尾建议添加句号
2026-04-27 14:46:42,691 - INFO -   位置6：✅ → "（置信度 0.991）
2026-04-27 14:46:42,691 - INFO -   位置137：) → ）（置信度 0.928）
2026-04-27 14:46:42,692 - INFO -   参考文献：【原文】1.✅张三.自然语言处理技术研究[J].计算机工程与应用,2023,45(6):12-18.
【建议】1."长三.自然语言处理技术研究[J].计算机工程与应用,2023,45（6）:12-18。
 → 位置2：✅ → "
 → 位置36：( → （
 → 位置38：) → ）
 → 位置45：. → 。 → 缺少编号，应为 [n] 格式（如 [1]、[2]）
2026-04-27 14:46:42,692 - INFO -   位置6：✅ → "（置信度 0.972）
2026-04-27 14:46:42,692 - INFO -   位置69：✅ → "（置信度 0.986）
2026-04-27 14:46:42,692 - INFO -   参考文献：【原文】2.✅李四.文本纠错算法研究进展[J].计算机科学.
【建议】2."李四.文本纠错算法研究进展[J].计算机科学。
 → 位置2：✅ → "
 → 位置25：. → 。 → 缺少编号，应为 [n] 格式（如 [1]、[2]）
2026-04-27 14:46:42,692 - INFO -   参考文献：【原文】2.✅李四.文本纠错算法研究进展[J].计算机科学.
【建议】2."李四.文本纠错算法研究进展[J].计算机科学。
 → 位置2：✅ → "
 → 位置25：. → 。 → 缺少年份（应为4位数字，如2023）
2026-04-27 14:46:42,692 - INFO -   参考文献：【原文】2.✅李四.文本纠错算法研究进展[J].计算机科学.
【建议】2."李四.文本纠错算法研究进展[J].计算机科学。
 → 位置2：✅ → "
 → 位置25：. → 。 → 期刊文章建议包含卷号（格式：年份后添加 卷号(期号)）
2026-04-27 14:46:42,692 - INFO -   参考文献：【原文】2.✅李四.文本纠错算法研究进展[J].计算机科学.
【建议】2."李四.文本纠错算法研究进展[J].计算机科学。
 → 位置2：✅ → "
 → 位置25：. → 。 → 期刊文章建议包含页码（格式：卷期后添加 :起始页码-结束页码）
2026-04-27 14:46:42,692 - INFO -   位置6：✅ → "（置信度 0.993）
2026-04-27 14:46:42,692 - INFO -   参考文献：【原文】3.✅王五.深度学习模型优化研究[J].信息技术,2022.
【建议】3."王武.深度学习模型优化研究[J].信息技术,2022。
 → 位置2：✅ → "
 → 位置29：. → 。 → 缺少编号，应为 [n] 格式（如 [1]、[2]）
2026-04-27 14:46:42,692 - INFO -   参考文献：【原文】3.✅王五.深度学习模型优化研究[J].信息技术,2022.
【建议】3."王武.深度学习模型优化研究[J].信息技术,2022。
 → 位置2：✅ → "
 → 位置29：. → 。 → 期刊文章建议包含卷号（格式：年份后添加 卷号(期号)）
2026-04-27 14:46:42,692 - INFO -   参考文献：【原文】3.✅王五.深度学习模型优化研究[J].信息技术,2022.
【建议】3."王武.深度学习模型优化研究[J].信息技术,2022。
 → 位置2：✅ → "
 → 位置29：. → 。 → 期刊文章建议包含页码（格式：卷期后添加 :起始页码-结束页码）
2026-04-27 14:46:42,692 - INFO -   位置6：✅ → "（置信度 0.949）
2026-04-27 14:46:42,692 - INFO -   参考文献：【原文】4.✅赵六.智能校对系统设计与实现[J].软件导刊,2021,30.
【建议】4."着陆.智能校对系统设计与实现[J].软件导刊,2021,30。
 → 位置2：✅ → "
 → 位置33：. → 。 → 缺少编号，应为 [n] 格式（如 [1]、[2]）
2026-04-27 14:46:42,692 - INFO -   参考文献：【原文】4.✅赵六.智能校对系统设计与实现[J].软件导刊,2021,30.
【建议】4."着陆.智能校对系统设计与实现[J].软件导刊,2021,30。
 → 位置2：✅ → "
 → 位置33：. → 。 → 期刊文章建议包含卷号（格式：年份后添加 卷号(期号)）
2026-04-27 14:46:42,692 - INFO -   参考文献：【原文】4.✅赵六.智能校对系统设计与实现[J].软件导刊,2021,30.
【建议】4."着陆.智能校对系统设计与实现[J].软件导刊,2021,30。
 → 位置2：✅ → "
 → 位置33：. → 。 → 期刊文章建议包含页码（格式：卷期后添加 :起始页码-结束页码）
2026-04-27 14:46:42,692 - INFO -   位置6：✅ → "（置信度 0.977）
2026-04-27 14:46:42,692 - INFO -   位置39：( → （（置信度 0.999）
2026-04-27 14:46:42,692 - INFO -   位置53：. → -（置信度 0.906）
2026-04-27 14:46:42,692 - INFO -   位置109：( → （（置信度 0.934）
2026-04-27 14:46:42,692 - INFO -   参考文献：【原文】5.✅钱七.NLP文本检测技术分析[J].数字技术与应用,2020,2(5).
【建议】5."钱七.NLP文本检测技术分析[J].数字技术与应用,2020,2（5）。
 → 位置2：✅ → "
 → 位置35：( → （
 → 位置37：) → ）
 → 位置38：. → 。 → 缺少编号，应为 [n] 格式（如 [1]、[2]）
2026-04-27 14:46:42,692 - INFO -   参考文献：【原文】5.✅钱七.NLP文本检测技术分析[J].数字技术与应用,2020,2(5).
【建议】5."钱七.NLP文本检测技术分析[J].数字技术与应用,2020,2（5）。
 → 位置2：✅ → "
 → 位置35：( → （
 → 位置37：) → ）
 → 位置38：. → 。 → 期刊文章建议包含页码（格式：卷期后添加 :起始页码-结束页码）
2026-04-27 14:46:42,692 - INFO -   参考文献：【原文】6.✅孙八.计算机视觉图表识别研究[J].电脑知识与技术,2023,10:20-25.
【建议】6."孙吧.计算机视觉图表识别研究[J].电脑知识与技术,2023,10:20-25。
 → 位置2：✅ → "
 → 位置42：. → 。 → 缺少编号，应为 [n] 格式（如 [1]、[2]）
2026-04-27 14:46:42,692 - INFO -   参考文献：【原文】6.✅孙八.计算机视觉图表识别研究[J].电脑知识与技术,2023,10:20-25.
【建议】6."孙吧.计算机视觉图表识别研究[J].电脑知识与技术,2023,10:20-25。
 → 位置2：✅ → "
 → 位置42：. → 。 → 期刊文章建议包含卷号（格式：年份后添加 卷号(期号)）
2026-04-27 14:46:42,694 - INFO -   位置6：✅ → "（置信度 0.998）
2026-04-27 14:46:42,694 - INFO -   参考文献：【原文】7.✅周九.学术排版规范研究[J].教育现代化.
【建议】7."调酒.学术排版规范研究[J].教育现代化。
 → 位置2：✅ → "
 → 位置23：. → 。 → 缺少编号，应为 [n] 格式（如 [1]、[2]）
2026-04-27 14:46:42,694 - INFO -   参考文献：【原文】7.✅周九.学术排版规范研究[J].教育现代化.
【建议】7."调酒.学术排版规范研究[J].教育现代化。
 → 位置2：✅ → "
 → 位置23：. → 。 → 缺少年份（应为4位数字，如2023）
2026-04-27 14:46:42,694 - INFO -   参考文献：【原文】7.✅周九.学术排版规范研究[J].教育现代化.
【建议】7."调酒.学术排版规范研究[J].教育现代化。
 → 位置2：✅ → "
 → 位置23：. → 。 → 期刊文章建议包含卷号（格式：年份后添加 卷号(期号)）
2026-04-27 14:46:42,694 - INFO -   参考文献：【原文】7.✅周九.学术排版规范研究[J].教育现代化.
【建议】7."调酒.学术排版规范研究[J].教育现代化。
 → 位置2：✅ → "
 → 位置23：. → 。 → 期刊文章建议包含页码（格式：卷期后添加 :起始页码-结束页码）
2026-04-27 14:46:42,694 - INFO -   位置6：✅ → "（置信度 0.959）
2026-04-27 14:46:42,694 - INFO -   参考文献：【原文】1.✅李四.深度学习理论与实战[M].北京:机械工业出版社.
【建议】1."李四.深度学习理论与实战[M].北京:机械工业出版社。
 → 位置2：✅ → "
 → 位置29：. → 。 → 缺少编号，应为 [n] 格式（如 [1]、[2]）
2026-04-27 14:46:42,694 - INFO -   参考文献：【原文】1.✅李四.深度学习理论与实战[M].北京:机械工业出版社.
【建议】1."李四.深度学习理论与实战[M].北京:机械工业出版社。
 → 位置2：✅ → "
 → 位置29：. → 。 → 缺少年份（应为4位数字，如2023）
2026-04-27 14:46:42,694 - INFO -   参考文献：【原文】2.✅王五.自然语言处理基础教程[M].北京:清华大学出版社.
【建议】2."王武.自然语言处理基础教程[M].北京:清华大学出版社。
 → 位置2：✅ → "
 → 位置30：. → 。 → 缺少编号，应为 [n] 格式（如 [1]、[2]）
2026-04-27 14:46:42,694 - INFO -   参考文献：【原文】2.✅王五.自然语言处理基础教程[M].北京:清华大学出版社.
【建议】2."王武.自然语言处理基础教程[M].北京:清华大学出版社。
 → 位置2：✅ → "
 → 位置30：. → 。 → 缺少年份（应为4位数字，如2023）
2026-04-27 14:46:42,695 - INFO -   位置6：✅ → "（置信度 0.979）
2026-04-27 14:46:42,695 - INFO -   参考文献：【原文】3.✅赵六.计算机视觉技术手册[M].上海:上海出版社,2022.
【建议】3."着陆.计算机视觉技术手册[M].上海:上海出版社,2022。
 → 位置2：✅ → "
 → 位置32：. → 。 → 缺少编号，应为 [n] 格式（如 [1]、[2]）
2026-04-27 14:46:42,695 - INFO -   位置6：✅ → "（置信度 0.937）
2026-04-27 14:46:42,695 - INFO -   参考文献：【原文】4.✅钱七.学术论文写作规范指南[M].北京:教育出版社.
【建议】4."钱七.学术论文写作规范指南[M].北京:教育出版社。
 → 位置2：✅ → "
 → 位置28：. → 。 → 缺少编号，应为 [n] 格式（如 [1]、[2]）
2026-04-27 14:46:42,695 - INFO -   参考文献：【原文】4.✅钱七.学术论文写作规范指南[M].北京:教育出版社.
【建议】4."钱七.学术论文写作规范指南[M].北京:教育出版社。
 → 位置2：✅ → "
 → 位置28：. → 。 → 缺少年份（应为4位数字，如2023）
2026-04-27 14:46:42,695 - INFO -   参考文献：【原文】5.✅孙八.人工智能应用实践[M].北京:科学出版社,2023.
【建议】5."孙吧.人工智能应用实践[M].北京:科学出版社,2023。
 → 位置2：✅ → "
 → 位置31：. → 。 → 缺少编号，应为 [n] 格式（如 [1]、[2]）
2026-04-27 14:46:42,696 - INFO -   位置6：✅ → "（置信度 0.986）
2026-04-27 14:46:42,696 - INFO -   位置69：✅ → "（置信度 0.938）
2026-04-27 14:46:42,696 - INFO -   参考文献：【原文】1.✅王五.文本纠错算法研究[D].济南:山东大学.
【建议】1."王武.文本纠错算法研究[D].济南:山东大学。
 → 位置2：✅ → "
 → 位置25：. → 。 → 缺少编号，应为 [n] 格式（如 [1]、[2]）
2026-04-27 14:46:42,696 - INFO -   参考文献：【原文】1.✅王五.文本纠错算法研究[D].济南:山东大学.
【建议】1."王武.文本纠错算法研究[D].济南:山东大学。
 → 位置2：✅ → "
 → 位置25：. → 。 → 缺少年份（应为4位数字，如2023）
2026-04-27 14:46:42,696 - INFO -   位置6：✅ → "（置信度 0.999）
2026-04-27 14:46:42,696 - INFO -   参考文献：【原文】2.✅赵六.智能校对系统设计[D].XX大学,2022.
【建议】2."着陆.智能校对系统设计[D].XX大学,2022。
 → 位置2：✅ → "
 → 位置27：. → 。 → 缺少编号，应为 [n] 格式（如 [1]、[2]）
2026-04-27 14:46:42,696 - INFO -   位置6：✅ → "（置信度 0.954）
2026-04-27 14:46:42,696 - INFO -   参考文献：【原文】3.✅钱七.图表编号自动检测研究[D].XX本科院校,2023.
【建议】3."钱七.图表编号自动检测研究[D].XX本科院校,2023。
 → 位置2：✅ → "
 → 位置31：. → 。 → 缺少编号，应为 [n] 格式（如 [1]、[2]）
2026-04-27 14:46:42,696 - INFO -   参考文献：【原文】3.✅钱七.图表编号自动检测研究[D].XX本科院校,2023.
【建议】3."钱七.图表编号自动检测研究[D].XX本科院校,2023。
 → 位置2：✅ → "
 → 位置31：. → 。 → 学位论文缺少培养单位（如XX大学、XX研究院）
2026-04-27 14:46:42,696 - INFO -   位置6：✅ → "（置信度 0.999）
2026-04-27 14:46:42,696 - INFO -   参考文献：【原文】4.✅孙八.NLP与CV融合技术研究[D].XX大学,2023.
【建议】4."孙吧.NLP与CV融合技术研究[D].XX大学,2023。
 → 位置2：✅ → "
 → 位置31：. → 。 → 缺少编号，应为 [n] 格式（如 [1]、[2]）
2026-04-27 14:46:42,696 - INFO -   位置6：✅ → "（置信度 1.0）
2026-04-27 14:46:42,696 - INFO -   参考文献：【原文】5.✅周九.学术格式自动校验研究[D].XX大学,2023.
【建议】5."调酒.学术格式自动校验研究[D].XX大学,2023。
 → 位置2：✅ → "
 → 位置29：. → 。 → 缺少编号，应为 [n] 格式（如 [1]、[2]）
2026-04-27 14:46:42,696 - INFO -   位置30：( → （（置信度 0.999）
2026-04-27 14:46:42,696 - INFO -   位置33：) → ）（置信度 0.999）
2026-04-27 14:46:42,696 - INFO -   位置53：[ → -（置信度 0.907）
2026-04-27 14:46:42,696 - INFO -   位置93：( → （（置信度 0.954）
2026-04-27 14:46:42,696 - INFO -   位置107：) → ）（置信度 0.979）
2026-04-27 14:46:42,696 - INFO -   参考文献：【原文】报纸示例：✅作者.文章题名[N].报纸名称,出版日期(版次).
【建议】报纸示例："作者.文章题名[N].报纸名称,出版日期（版次）。
 → 位置5：✅ → "
 → 位置26：( → （
 → 位置29：) → ）
 → 位置30：. → 。 → 缺少编号，应为 [n] 格式（如 [1]、[2]）
2026-04-27 14:46:42,697 - INFO -   参考文献：【原文】报纸示例：✅作者.文章题名[N].报纸名称,出版日期(版次).
【建议】报纸示例："作者.文章题名[N].报纸名称,出版日期（版次）。
 → 位置5：✅ → "
 → 位置26：( → （
 → 位置29：) → ）
 → 位置30：. → 。 → 缺少年份（应为4位数字，如2023）
2026-04-27 14:46:42,697 - INFO -   位置9：✅ → "（置信度 0.948）
2026-04-27 14:46:42,697 - INFO -   位置60：. → 们（置信度 0.921）
2026-04-27 14:46:42,697 - INFO -   参考文献：【原文】会议示例：✅作者.论文题名[C]//会议名称.会议地点:出版单位,出版年份:起止页码.
【建议】会议示例："作者.论文题名[C]//会议名称.会议地点:出版单位,出版年份:起止页码。
 → 位置5：✅ → "
 → 位置42：. → 。 → 缺少编号，应为 [n] 格式（如 [1]、[2]）
2026-04-27 14:46:42,697 - INFO -   参考文献：【原文】会议示例：✅作者.论文题名[C]//会议名称.会议地点:出版单位,出版年份:起止页码.
【建议】会议示例："作者.论文题名[C]//会议名称.会议地点:出版单位,出版年份:起止页码。
 → 位置5：✅ → "
 → 位置42：. → 。 → 缺少年份（应为4位数字，如2023）
2026-04-27 14:46:42,697 - INFO - ============================================================
2026-04-27 14:46:42,697 - INFO - 
🎉 检测完成！结果已保存到: test_files/articles_error_result.docx
2026-04-27 14:49:02,914 - INFO - 使用设备: cpu
2026-04-27 14:49:02,914 - INFO - [INFO] 加载模型中... (模式: dual)
2026-04-27 14:49:02,914 - INFO - [INFO] 加载双模型: macbert4mdcspell_v3 + pycorrector
2026-04-27 14:49:03,012 - INFO - [OK] 模型加载完成
2026-04-27 14:49:03,012 - INFO - 📄 读取文件: test_files/articles_error.docx
2026-04-27 14:49:03,029 - INFO - ✅ 读取成功，共 70 段
2026-04-27 14:49:03,029 - INFO - 📝 开始文本纠错...
2026-04-27 14:49:22,077 - INFO - ✅ 文本纠错完成，发现 56 个错别字
2026-04-27 14:49:22,077 - INFO - 🔍 开始语法检测...
2026-04-27 14:49:22,106 - INFO - ✅ 语法检测完成，发现 2 个语法问题，0 个语义问题
2026-04-27 14:49:22,106 - INFO - 📊 处理表格...
2026-04-27 14:49:22,106 - INFO - ✅ 表格处理完成
2026-04-27 14:49:22,106 - INFO - 🖼 处理文档内图片...
2026-04-27 14:49:22,108 - INFO - 📸 提取到 1 张图片
2026-04-27 14:49:22,109 - WARNING - Using CPU. Note: This module is much faster with a GPU.
2026-04-27 14:49:25,896 - INFO - ✅ 图片OCR处理完成
2026-04-27 14:49:25,897 - INFO - 🔢 检测图片编号...
2026-04-27 14:49:25,924 - INFO - ✅ 图片编号检测完成，发现 0 个问题
2026-04-27 14:49:25,924 - INFO - 📋 检测表格编号...
2026-04-27 14:49:25,924 - INFO - ✅ 表格编号检测完成，发现 0 个问题
2026-04-27 14:49:25,925 - INFO - 📚 检测参考文献...
2026-04-27 14:49:25,960 - INFO - 发现 40 条参考文献
2026-04-27 14:49:41,420 - INFO - ✅ 参考文献检测完成，发现 137 个问题
2026-04-27 14:49:41,422 - INFO - 💾 保存结果到: test_files/articles_error_result.docx
2026-04-27 14:49:41,430 - INFO - ✅ 文件保存成功
2026-04-27 14:49:41,430 - INFO - 
============================================================
2026-04-27 14:49:41,432 - INFO - 📊 智能检测报告
2026-04-27 14:49:41,432 - INFO - ============================================================
2026-04-27 14:49:41,432 - INFO - 错别字: 83
2026-04-27 14:49:41,432 - INFO - 参考文献错误: 137
2026-04-27 14:49:41,432 - INFO - 总错误: 220
2026-04-27 14:49:41,433 - INFO - 
📄 错误详情：
2026-04-27 14:49:41,433 - INFO -   位置30：( → （（置信度 1.0）
2026-04-27 14:49:41,433 - INFO -   位置32：( → （（置信度 1.0）
2026-04-27 14:49:41,433 - INFO -   位置2：✅ → "（置信度 0.998）
2026-04-27 14:49:41,433 - INFO -   位置36：( → （（置信度 0.999）
2026-04-27 14:49:41,433 - INFO -   位置38：) → ）（置信度 0.97）
2026-04-27 14:49:41,434 - INFO -   位置45：. → 。（置信度 0.999）
2026-04-27 14:49:41,434 - INFO -   位置2：✅ → "（置信度 1.0）
2026-04-27 14:49:41,434 - INFO -   位置25：. → 。（置信度 0.996）
2026-04-27 14:49:41,434 - INFO -   位置2：✅ → "（置信度 1.0）
2026-04-27 14:49:41,434 - INFO -   位置29：. → 。（置信度 1.0）
2026-04-27 14:49:41,435 - INFO -   位置2：✅ → "（置信度 1.0）
2026-04-27 14:49:41,435 - INFO -   位置33：. → 。（置信度 1.0）
2026-04-27 14:49:41,435 - INFO -   位置2：✅ → "（置信度 1.0）
2026-04-27 14:49:41,435 - INFO -   位置35：( → （（置信度 1.0）
2026-04-27 14:49:41,435 - INFO -   位置37：) → ）（置信度 0.94）
2026-04-27 14:49:41,435 - INFO -   位置38：. → 。（置信度 1.0）
2026-04-27 14:49:41,435 - INFO -   位置2：✅ → "（置信度 1.0）
2026-04-27 14:49:41,435 - INFO -   位置42：. → 。（置信度 1.0）
2026-04-27 14:49:41,435 - INFO -   位置2：✅ → "（置信度 1.0）
2026-04-27 14:49:41,435 - INFO -   位置23：. → 。（置信度 0.997）
2026-04-27 14:49:41,435 - INFO -   位置2：✅ → "（置信度 1.0）
2026-04-27 14:49:41,436 - INFO -   位置29：. → 。（置信度 0.999）
2026-04-27 14:49:41,436 - INFO -   位置2：✅ → "（置信度 1.0）
2026-04-27 14:49:41,436 - INFO -   位置30：. → 。（置信度 1.0）
2026-04-27 14:49:41,436 - INFO -   位置2：✅ → "（置信度 1.0）
2026-04-27 14:49:41,436 - INFO -   位置32：. → 。（置信度 0.997）
2026-04-27 14:49:41,436 - INFO -   位置2：✅ → "（置信度 1.0）
2026-04-27 14:49:41,436 - INFO -   位置28：. → 。（置信度 0.998）
2026-04-27 14:49:41,436 - INFO -   位置2：✅ → "（置信度 0.999）
2026-04-27 14:49:41,437 - INFO -   位置31：. → 。（置信度 0.993）
2026-04-27 14:49:41,437 - INFO -   位置2：✅ → "（置信度 1.0）
2026-04-27 14:49:41,437 - INFO -   位置25：. → 。（置信度 0.999）
2026-04-27 14:49:41,437 - INFO -   位置2：✅ → "（置信度 1.0）
2026-04-27 14:49:41,437 - INFO -   位置27：. → 。（置信度 0.999）
2026-04-27 14:49:41,437 - INFO -   位置2：✅ → "（置信度 1.0）
2026-04-27 14:49:41,437 - INFO -   位置31：. → 。（置信度 0.999）
2026-04-27 14:49:41,437 - INFO -   位置2：✅ → "（置信度 1.0）
2026-04-27 14:49:41,437 - INFO -   位置31：. → 。（置信度 1.0）
2026-04-27 14:49:41,437 - INFO -   位置2：✅ → "（置信度 1.0）
2026-04-27 14:49:41,437 - INFO -   位置29：. → 。（置信度 1.0）
2026-04-27 14:49:41,437 - INFO -   位置2：✅ → "（置信度 1.0）
2026-04-27 14:49:41,437 - INFO -   位置29：. → 。（置信度 0.999）
2026-04-27 14:49:41,438 - INFO -   位置2：✅ → "（置信度 0.999）
2026-04-27 14:49:41,438 - INFO -   位置32：. → 。（置信度 0.997）
2026-04-27 14:49:41,438 - INFO -   位置2：✅ → "（置信度 0.998）
2026-04-27 14:49:41,438 - INFO -   位置32：. → 。（置信度 0.996）
2026-04-27 14:49:41,438 - INFO -   位置2：✅ → "（置信度 1.0）
2026-04-27 14:49:41,438 - INFO -   位置28：. → 。（置信度 0.999）
2026-04-27 14:49:41,438 - INFO -   位置2：✅ → "（置信度 1.0）
2026-04-27 14:49:41,438 - INFO -   位置32：. → 。（置信度 0.998）
2026-04-27 14:49:41,438 - INFO -   位置5：✅ → "（置信度 1.0）
2026-04-27 14:49:41,438 - INFO -   位置26：( → （（置信度 1.0）
2026-04-27 14:49:41,438 - INFO -   位置29：) → ）（置信度 1.0）
2026-04-27 14:49:41,438 - INFO -   位置30：. → 。（置信度 1.0）
2026-04-27 14:49:41,438 - INFO -   位置5：✅ → "（置信度 1.0）
2026-04-27 14:49:41,438 - INFO -   位置42：. → 。（置信度 1.0）
2026-04-27 14:49:41,438 - INFO -   参考文献：2. 文本纠错算法研究进展，李四，计算机科学 → 编号格式建议使用方括号 [2]
2026-04-27 14:49:41,438 - INFO -   参考文献：2. 文本纠错算法研究进展，李四，计算机科学 → 缺少文献类型标识（如[J]期刊、[M]专著、[D]学位论文、[R/OL]电子报告）
2026-04-27 14:49:41,438 - INFO -   参考文献：2. 文本纠错算法研究进展，李四，计算机科学 → 作者后缺少句号分隔符（应为：作者．标题）
2026-04-27 14:49:41,438 - INFO -   参考文献：2. 文本纠错算法研究进展，李四，计算机科学 → 缺少年份（应为4位数字，如2023）
2026-04-27 14:49:41,438 - INFO -   参考文献：2. 文本纠错算法研究进展，李四，计算机科学 → 参考文献末尾建议添加句号
2026-04-27 14:49:41,438 - INFO -   参考文献：3. 深度学习模型优化研究，王五，信息技术，2022 → 编号格式建议使用方括号 [3]
2026-04-27 14:49:41,440 - INFO -   参考文献：3. 深度学习模型优化研究，王五，信息技术，2022 → 缺少文献类型标识（如[J]期刊、[M]专著、[D]学位论文、[R/OL]电子报告）
2026-04-27 14:49:41,440 - INFO -   参考文献：3. 深度学习模型优化研究，王五，信息技术，2022 → 作者后缺少句号分隔符（应为：作者．标题）
2026-04-27 14:49:41,440 - INFO -   参考文献：3. 深度学习模型优化研究，王五，信息技术，2022 → 缺少年份（应为4位数字，如2023）
2026-04-27 14:49:41,440 - INFO -   参考文献：3. 深度学习模型优化研究，王五，信息技术，2022 → 参考文献末尾建议添加句号
2026-04-27 14:49:41,440 - INFO -   参考文献：4. 智能校对系统设计与实现，赵六，软件导刊，2021，30 → 编号格式建议使用方括号 [4]
2026-04-27 14:49:41,440 - INFO -   参考文献：4. 智能校对系统设计与实现，赵六，软件导刊，2021，30 → 缺少文献类型标识（如[J]期刊、[M]专著、[D]学位论文、[R/OL]电子报告）
2026-04-27 14:49:41,440 - INFO -   参考文献：4. 智能校对系统设计与实现，赵六，软件导刊，2021，30 → 作者后缺少句号分隔符（应为：作者．标题）
2026-04-27 14:49:41,440 - INFO -   参考文献：4. 智能校对系统设计与实现，赵六，软件导刊，2021，30 → 缺少年份（应为4位数字，如2023）
2026-04-27 14:49:41,440 - INFO -   参考文献：4. 智能校对系统设计与实现，赵六，软件导刊，2021，30 → 参考文献末尾建议添加句号
2026-04-27 14:49:41,440 - INFO -   参考文献：6. 计算机视觉图表识别研究，孙八，电脑知识与技术，2023，10:20-25 → 编号格式建议使用方括号 [6]
2026-04-27 14:49:41,440 - INFO -   参考文献：6. 计算机视觉图表识别研究，孙八，电脑知识与技术，2023，10:20-25 → 缺少文献类型标识（如[J]期刊、[M]专著、[D]学位论文、[R/OL]电子报告）
2026-04-27 14:49:41,440 - INFO -   参考文献：6. 计算机视觉图表识别研究，孙八，电脑知识与技术，2023，10:20-25 → 作者后缺少句号分隔符（应为：作者．标题）
2026-04-27 14:49:41,440 - INFO -   参考文献：6. 计算机视觉图表识别研究，孙八，电脑知识与技术，2023，10:20-25 → 缺少年份（应为4位数字，如2023）
2026-04-27 14:49:41,441 - INFO -   参考文献：6. 计算机视觉图表识别研究，孙八，电脑知识与技术，2023，10:20-25 → 参考文献末尾建议添加句号
2026-04-27 14:49:41,441 - INFO -   参考文献：7. 学术排版规范研究，周九，教育现代化 → 编号格式建议使用方括号 [7]
2026-04-27 14:49:41,441 - INFO -   参考文献：7. 学术排版规范研究，周九，教育现代化 → 缺少文献类型标识（如[J]期刊、[M]专著、[D]学位论文、[R/OL]电子报告）
2026-04-27 14:49:41,441 - INFO -   参考文献：7. 学术排版规范研究，周九，教育现代化 → 作者后缺少句号分隔符（应为：作者．标题）
2026-04-27 14:49:41,441 - INFO -   参考文献：7. 学术排版规范研究，周九，教育现代化 → 缺少年份（应为4位数字，如2023）
2026-04-27 14:49:41,441 - INFO -   参考文献：7. 学术排版规范研究，周九，教育现代化 → 参考文献末尾建议添加句号
2026-04-27 14:49:41,441 - INFO -   参考文献：2. 自然语言处理基础教程，王五，清华大学出版社 → 编号格式建议使用方括号 [2]
2026-04-27 14:49:41,441 - INFO -   参考文献：2. 自然语言处理基础教程，王五，清华大学出版社 → 缺少文献类型标识（如[J]期刊、[M]专著、[D]学位论文、[R/OL]电子报告）
2026-04-27 14:49:41,441 - INFO -   参考文献：2. 自然语言处理基础教程，王五，清华大学出版社 → 作者后缺少句号分隔符（应为：作者．标题）
2026-04-27 14:49:41,441 - INFO -   参考文献：2. 自然语言处理基础教程，王五，清华大学出版社 → 缺少年份（应为4位数字，如2023）
2026-04-27 14:49:41,441 - INFO -   参考文献：2. 自然语言处理基础教程，王五，清华大学出版社 → 参考文献末尾建议添加句号
2026-04-27 14:49:41,441 - INFO -   参考文献：3. 计算机视觉技术手册，赵六，上海出版社2022 → 编号格式建议使用方括号 [3]
2026-04-27 14:49:41,441 - INFO -   参考文献：3. 计算机视觉技术手册，赵六，上海出版社2022 → 缺少文献类型标识（如[J]期刊、[M]专著、[D]学位论文、[R/OL]电子报告）
2026-04-27 14:49:41,441 - INFO -   参考文献：3. 计算机视觉技术手册，赵六，上海出版社2022 → 作者后缺少句号分隔符（应为：作者．标题）
2026-04-27 14:49:41,441 - INFO -   参考文献：3. 计算机视觉技术手册，赵六，上海出版社2022 → 缺少年份（应为4位数字，如2023）
2026-04-27 14:49:41,441 - INFO -   参考文献：3. 计算机视觉技术手册，赵六，上海出版社2022 → 参考文献末尾建议添加句号
2026-04-27 14:49:41,442 - INFO -   参考文献：4. 学术论文写作规范指南，钱七，教育出版社 → 编号格式建议使用方括号 [4]
2026-04-27 14:49:41,442 - INFO -   参考文献：4. 学术论文写作规范指南，钱七，教育出版社 → 缺少文献类型标识（如[J]期刊、[M]专著、[D]学位论文、[R/OL]电子报告）
2026-04-27 14:49:41,442 - INFO -   参考文献：4. 学术论文写作规范指南，钱七，教育出版社 → 作者后缺少句号分隔符（应为：作者．标题）
2026-04-27 14:49:41,442 - INFO -   参考文献：4. 学术论文写作规范指南，钱七，教育出版社 → 缺少年份（应为4位数字，如2023）
2026-04-27 14:49:41,442 - INFO -   参考文献：4. 学术论文写作规范指南，钱七，教育出版社 → 参考文献末尾建议添加句号
2026-04-27 14:49:41,442 - INFO -   参考文献：5. 人工智能应用实践，孙八，科学出版社2023，北京 → 编号格式建议使用方括号 [5]
2026-04-27 14:49:41,442 - INFO -   参考文献：5. 人工智能应用实践，孙八，科学出版社2023，北京 → 缺少文献类型标识（如[J]期刊、[M]专著、[D]学位论文、[R/OL]电子报告）
2026-04-27 14:49:41,442 - INFO -   参考文献：5. 人工智能应用实践，孙八，科学出版社2023，北京 → 作者后缺少句号分隔符（应为：作者．标题）
2026-04-27 14:49:41,442 - INFO -   参考文献：5. 人工智能应用实践，孙八，科学出版社2023，北京 → 缺少年份（应为4位数字，如2023）
2026-04-27 14:49:41,442 - INFO -   参考文献：5. 人工智能应用实践，孙八，科学出版社2023，北京 → 参考文献末尾建议添加句号
2026-04-27 14:49:41,442 - INFO -   参考文献：2. 赵六.智能校对系统设计，计算机学院2022 → 编号格式建议使用方括号 [2]
2026-04-27 14:49:41,442 - INFO -   参考文献：2. 赵六.智能校对系统设计，计算机学院2022 → 缺少文献类型标识（如[J]期刊、[M]专著、[D]学位论文、[R/OL]电子报告）
2026-04-27 14:49:41,443 - INFO -   参考文献：2. 赵六.智能校对系统设计，计算机学院2022 → 参考文献末尾建议添加句号
2026-04-27 14:49:41,443 - INFO -   参考文献：3. 钱七.图表编号自动检测研究，本科毕业论文 → 编号格式建议使用方括号 [3]
2026-04-27 14:49:41,443 - INFO -   参考文献：3. 钱七.图表编号自动检测研究，本科毕业论文 → 缺少文献类型标识（如[J]期刊、[M]专著、[D]学位论文、[R/OL]电子报告）
2026-04-27 14:49:41,443 - INFO -   参考文献：3. 钱七.图表编号自动检测研究，本科毕业论文 → 缺少年份（应为4位数字，如2023）
2026-04-27 14:49:41,443 - INFO -   参考文献：3. 钱七.图表编号自动检测研究，本科毕业论文 → 参考文献末尾建议添加句号
2026-04-27 14:49:41,443 - INFO -   参考文献：4. 孙八.NLP与CV融合技术研究，硕士论文 → 编号格式建议使用方括号 [4]
2026-04-27 14:49:41,443 - INFO -   参考文献：4. 孙八.NLP与CV融合技术研究，硕士论文 → 缺少文献类型标识（如[J]期刊、[M]专著、[D]学位论文、[R/OL]电子报告）
2026-04-27 14:49:41,444 - INFO -   参考文献：4. 孙八.NLP与CV融合技术研究，硕士论文 → 缺少年份（应为4位数字，如2023）
2026-04-27 14:49:41,444 - INFO -   参考文献：4. 孙八.NLP与CV融合技术研究，硕士论文 → 参考文献末尾建议添加句号
2026-04-27 14:49:41,444 - INFO -   参考文献：5. 周九.学术格式自动校验研究，2023大学 → 编号格式建议使用方括号 [5]
2026-04-27 14:49:41,444 - INFO -   参考文献：5. 周九.学术格式自动校验研究，2023大学 → 缺少文献类型标识（如[J]期刊、[M]专著、[D]学位论文、[R/OL]电子报告）
2026-04-27 14:49:41,444 - INFO -   参考文献：5. 周九.学术格式自动校验研究，2023大学 → 参考文献末尾建议添加句号
2026-04-27 14:49:41,444 - INFO -   参考文献：5. 智能教育发展统计数据，互联网发布资料 → 编号格式建议使用方括号 [5]
2026-04-27 14:49:41,444 - INFO -   参考文献：5. 智能教育发展统计数据，互联网发布资料 → 缺少文献类型标识（如[J]期刊、[M]专著、[D]学位论文、[R/OL]电子报告）
2026-04-27 14:49:41,444 - INFO -   参考文献：5. 智能教育发展统计数据，互联网发布资料 → 作者后缺少句号分隔符（应为：作者．标题）
2026-04-27 14:49:41,444 - INFO -   参考文献：5. 智能教育发展统计数据，互联网发布资料 → 缺少年份（应为4位数字，如2023）
2026-04-27 14:49:41,444 - INFO -   参考文献：5. 智能教育发展统计数据，互联网发布资料 → 参考文献末尾建议添加句号
2026-04-27 14:49:41,444 - INFO -   参考文献：3. NLP技术应用前景广阔，科技报，北京 → 编号格式建议使用方括号 [3]
2026-04-27 14:49:41,444 - INFO -   参考文献：3. NLP技术应用前景广阔，科技报，北京 → 缺少文献类型标识（如[J]期刊、[M]专著、[D]学位论文、[R/OL]电子报告）
2026-04-27 14:49:41,444 - INFO -   参考文献：3. NLP技术应用前景广阔，科技报，北京 → 作者后缺少句号分隔符（应为：作者．标题）
2026-04-27 14:49:41,444 - INFO -   参考文献：3. NLP技术应用前景广阔，科技报，北京 → 缺少年份（应为4位数字，如2023）
2026-04-27 14:49:41,444 - INFO -   参考文献：3. NLP技术应用前景广阔，科技报，北京 → 参考文献末尾建议添加句号
2026-04-27 14:49:41,444 - INFO -   参考文献：4. 论文排版规范管理新规出台，校园报纸2024年发布 → 编号格式建议使用方括号 [4]
2026-04-27 14:49:41,444 - INFO -   参考文献：4. 论文排版规范管理新规出台，校园报纸2024年发布 → 缺少文献类型标识（如[J]期刊、[M]专著、[D]学位论文、[R/OL]电子报告）
2026-04-27 14:49:41,445 - INFO -   参考文献：4. 论文排版规范管理新规出台，校园报纸2024年发布 → 作者后缺少句号分隔符（应为：作者．标题）
2026-04-27 14:49:41,445 - INFO -   参考文献：4. 论文排版规范管理新规出台，校园报纸2024年发布 → 缺少年份（应为4位数字，如2023）
2026-04-27 14:49:41,445 - INFO -   参考文献：4. 论文排版规范管理新规出台，校园报纸2024年发布 → 参考文献末尾建议添加句号
2026-04-27 14:49:41,445 - INFO -   参考文献：5. 智能校对工具助力学术写作，信息化报纸 → 编号格式建议使用方括号 [5]
2026-04-27 14:49:41,445 - INFO -   参考文献：5. 智能校对工具助力学术写作，信息化报纸 → 缺少文献类型标识（如[J]期刊、[M]专著、[D]学位论文、[R/OL]电子报告）
2026-04-27 14:49:41,445 - INFO -   参考文献：5. 智能校对工具助力学术写作，信息化报纸 → 作者后缺少句号分隔符（应为：作者．标题）
2026-04-27 14:49:41,446 - INFO -   参考文献：5. 智能校对工具助力学术写作，信息化报纸 → 缺少年份（应为4位数字，如2023）
2026-04-27 14:49:41,446 - INFO -   参考文献：5. 智能校对工具助力学术写作，信息化报纸 → 参考文献末尾建议添加句号
2026-04-27 14:49:41,446 - INFO -   参考文献：2. CV图表识别技术探讨，李四，计算机学术年会2023 → 编号格式建议使用方括号 [2]
2026-04-27 14:49:41,446 - INFO -   参考文献：2. CV图表识别技术探讨，李四，计算机学术年会2023 → 缺少文献类型标识（如[J]期刊、[M]专著、[D]学位论文、[R/OL]电子报告）
2026-04-27 14:49:41,446 - INFO -   参考文献：2. CV图表识别技术探讨，李四，计算机学术年会2023 → 作者后缺少句号分隔符（应为：作者．标题）
2026-04-27 14:49:41,446 - INFO -   参考文献：2. CV图表识别技术探讨，李四，计算机学术年会2023 → 缺少年份（应为4位数字，如2023）
2026-04-27 14:49:41,446 - INFO -   参考文献：2. CV图表识别技术探讨，李四，计算机学术年会2023 → 参考文献末尾建议添加句号
2026-04-27 14:49:41,446 - INFO -   参考文献：3. NLP与CV融合应用研究，王五，学术交流会议，北京 → 编号格式建议使用方括号 [3]
2026-04-27 14:49:41,446 - INFO -   参考文献：3. NLP与CV融合应用研究，王五，学术交流会议，北京 → 缺少文献类型标识（如[J]期刊、[M]专著、[D]学位论文、[R/OL]电子报告）
2026-04-27 14:49:41,446 - INFO -   参考文献：3. NLP与CV融合应用研究，王五，学术交流会议，北京 → 作者后缺少句号分隔符（应为：作者．标题）
2026-04-27 14:49:41,446 - INFO -   参考文献：3. NLP与CV融合应用研究，王五，学术交流会议，北京 → 缺少年份（应为4位数字，如2023）
2026-04-27 14:49:41,447 - INFO -   参考文献：3. NLP与CV融合应用研究，王五，学术交流会议，北京 → 参考文献末尾建议添加句号
2026-04-27 14:49:41,447 - INFO -   参考文献：4. 论文格式自动校验研究，赵六，工程技术会议论文集 → 编号格式建议使用方括号 [4]
2026-04-27 14:49:41,447 - INFO -   参考文献：4. 论文格式自动校验研究，赵六，工程技术会议论文集 → 缺少文献类型标识（如[J]期刊、[M]专著、[D]学位论文、[R/OL]电子报告）
2026-04-27 14:49:41,447 - INFO -   参考文献：4. 论文格式自动校验研究，赵六，工程技术会议论文集 → 作者后缺少句号分隔符（应为：作者．标题）
2026-04-27 14:49:41,447 - INFO -   参考文献：4. 论文格式自动校验研究，赵六，工程技术会议论文集 → 缺少年份（应为4位数字，如2023）
2026-04-27 14:49:41,447 - INFO -   参考文献：4. 论文格式自动校验研究，赵六，工程技术会议论文集 → 参考文献末尾建议添加句号
2026-04-27 14:49:41,447 - INFO -   参考文献：5. 学术批注系统设计实现，钱七，人工智能研讨会2024 → 编号格式建议使用方括号 [5]
2026-04-27 14:49:41,447 - INFO -   参考文献：5. 学术批注系统设计实现，钱七，人工智能研讨会2024 → 缺少文献类型标识（如[J]期刊、[M]专著、[D]学位论文、[R/OL]电子报告）
2026-04-27 14:49:41,447 - INFO -   参考文献：5. 学术批注系统设计实现，钱七，人工智能研讨会2024 → 作者后缺少句号分隔符（应为：作者．标题）
2026-04-27 14:49:41,447 - INFO -   参考文献：5. 学术批注系统设计实现，钱七，人工智能研讨会2024 → 缺少年份（应为4位数字，如2023）
2026-04-27 14:49:41,447 - INFO -   参考文献：5. 学术批注系统设计实现，钱七，人工智能研讨会2024 → 参考文献末尾建议添加句号
2026-04-27 14:49:41,447 - INFO -   位置6：✅ → "（置信度 0.991）
2026-04-27 14:49:41,447 - INFO -   位置137：) → ）（置信度 0.928）
2026-04-27 14:49:41,447 - INFO -   参考文献：【原文】1.✅张三.自然语言处理技术研究[J].计算机工程与应用,2023,45(6):12-18.
【建议】1."长三.自然语言处理技术研究[J].计算机工程与应用,2023,45（6）:12-18。
 → 位置2：✅ → "
 → 位置36：( → （
 → 位置38：) → ）
 → 位置45：. → 。 → 缺少编号，应为 [n] 格式（如 [1]、[2]）
2026-04-27 14:49:41,447 - INFO -   位置6：✅ → "（置信度 0.972）
2026-04-27 14:49:41,447 - INFO -   位置69：✅ → "（置信度 0.986）
2026-04-27 14:49:41,448 - INFO -   参考文献：【原文】2.✅李四.文本纠错算法研究进展[J].计算机科学.
【建议】2."李四.文本纠错算法研究进展[J].计算机科学。
 → 位置2：✅ → "
 → 位置25：. → 。 → 缺少编号，应为 [n] 格式（如 [1]、[2]）
2026-04-27 14:49:41,448 - INFO -   参考文献：【原文】2.✅李四.文本纠错算法研究进展[J].计算机科学.
【建议】2."李四.文本纠错算法研究进展[J].计算机科学。
 → 位置2：✅ → "
 → 位置25：. → 。 → 缺少年份（应为4位数字，如2023）
2026-04-27 14:49:41,448 - INFO -   参考文献：【原文】2.✅李四.文本纠错算法研究进展[J].计算机科学.
【建议】2."李四.文本纠错算法研究进展[J].计算机科学。
 → 位置2：✅ → "
 → 位置25：. → 。 → 期刊文章建议包含卷号（格式：年份后添加 卷号(期号)）
2026-04-27 14:49:41,448 - INFO -   参考文献：【原文】2.✅李四.文本纠错算法研究进展[J].计算机科学.
【建议】2."李四.文本纠错算法研究进展[J].计算机科学。
 → 位置2：✅ → "
 → 位置25：. → 。 → 期刊文章建议包含页码（格式：卷期后添加 :起始页码-结束页码）
2026-04-27 14:49:41,448 - INFO -   位置6：✅ → "（置信度 0.993）
2026-04-27 14:49:41,448 - INFO -   参考文献：【原文】3.✅王五.深度学习模型优化研究[J].信息技术,2022.
【建议】3."王武.深度学习模型优化研究[J].信息技术,2022。
 → 位置2：✅ → "
 → 位置29：. → 。 → 缺少编号，应为 [n] 格式（如 [1]、[2]）
2026-04-27 14:49:41,448 - INFO -   参考文献：【原文】3.✅王五.深度学习模型优化研究[J].信息技术,2022.
【建议】3."王武.深度学习模型优化研究[J].信息技术,2022。
 → 位置2：✅ → "
 → 位置29：. → 。 → 期刊文章建议包含卷号（格式：年份后添加 卷号(期号)）
2026-04-27 14:49:41,448 - INFO -   参考文献：【原文】3.✅王五.深度学习模型优化研究[J].信息技术,2022.
【建议】3."王武.深度学习模型优化研究[J].信息技术,2022。
 → 位置2：✅ → "
 → 位置29：. → 。 → 期刊文章建议包含页码（格式：卷期后添加 :起始页码-结束页码）
2026-04-27 14:49:41,448 - INFO -   位置6：✅ → "（置信度 0.949）
2026-04-27 14:49:41,448 - INFO -   参考文献：【原文】4.✅赵六.智能校对系统设计与实现[J].软件导刊,2021,30.
【建议】4."着陆.智能校对系统设计与实现[J].软件导刊,2021,30。
 → 位置2：✅ → "
 → 位置33：. → 。 → 缺少编号，应为 [n] 格式（如 [1]、[2]）
2026-04-27 14:49:41,450 - INFO -   参考文献：【原文】4.✅赵六.智能校对系统设计与实现[J].软件导刊,2021,30.
【建议】4."着陆.智能校对系统设计与实现[J].软件导刊,2021,30。
 → 位置2：✅ → "
 → 位置33：. → 。 → 期刊文章建议包含卷号（格式：年份后添加 卷号(期号)）
2026-04-27 14:49:41,450 - INFO -   参考文献：【原文】4.✅赵六.智能校对系统设计与实现[J].软件导刊,2021,30.
【建议】4."着陆.智能校对系统设计与实现[J].软件导刊,2021,30。
 → 位置2：✅ → "
 → 位置33：. → 。 → 期刊文章建议包含页码（格式：卷期后添加 :起始页码-结束页码）
2026-04-27 14:49:41,450 - INFO -   位置6：✅ → "（置信度 0.977）
2026-04-27 14:49:41,450 - INFO -   位置39：( → （（置信度 0.999）
2026-04-27 14:49:41,450 - INFO -   位置53：. → -（置信度 0.906）
2026-04-27 14:49:41,451 - INFO -   位置109：( → （（置信度 0.934）
2026-04-27 14:49:41,451 - INFO -   参考文献：【原文】5.✅钱七.NLP文本检测技术分析[J].数字技术与应用,2020,2(5).
【建议】5."钱七.NLP文本检测技术分析[J].数字技术与应用,2020,2（5）。
 → 位置2：✅ → "
 → 位置35：( → （
 → 位置37：) → ）
 → 位置38：. → 。 → 缺少编号，应为 [n] 格式（如 [1]、[2]）
2026-04-27 14:49:41,451 - INFO -   参考文献：【原文】5.✅钱七.NLP文本检测技术分析[J].数字技术与应用,2020,2(5).
【建议】5."钱七.NLP文本检测技术分析[J].数字技术与应用,2020,2（5）。
 → 位置2：✅ → "
 → 位置35：( → （
 → 位置37：) → ）
 → 位置38：. → 。 → 期刊文章建议包含页码（格式：卷期后添加 :起始页码-结束页码）
2026-04-27 14:49:41,451 - INFO -   参考文献：【原文】6.✅孙八.计算机视觉图表识别研究[J].电脑知识与技术,2023,10:20-25.
【建议】6."孙吧.计算机视觉图表识别研究[J].电脑知识与技术,2023,10:20-25。
 → 位置2：✅ → "
 → 位置42：. → 。 → 缺少编号，应为 [n] 格式（如 [1]、[2]）
2026-04-27 14:49:41,451 - INFO -   参考文献：【原文】6.✅孙八.计算机视觉图表识别研究[J].电脑知识与技术,2023,10:20-25.
【建议】6."孙吧.计算机视觉图表识别研究[J].电脑知识与技术,2023,10:20-25。
 → 位置2：✅ → "
 → 位置42：. → 。 → 期刊文章建议包含卷号（格式：年份后添加 卷号(期号)）
2026-04-27 14:49:41,451 - INFO -   位置6：✅ → "（置信度 0.998）
2026-04-27 14:49:41,451 - INFO -   参考文献：【原文】7.✅周九.学术排版规范研究[J].教育现代化.
【建议】7."调酒.学术排版规范研究[J].教育现代化。
 → 位置2：✅ → "
 → 位置23：. → 。 → 缺少编号，应为 [n] 格式（如 [1]、[2]）
2026-04-27 14:49:41,451 - INFO -   参考文献：【原文】7.✅周九.学术排版规范研究[J].教育现代化.
【建议】7."调酒.学术排版规范研究[J].教育现代化。
 → 位置2：✅ → "
 → 位置23：. → 。 → 缺少年份（应为4位数字，如2023）
2026-04-27 14:49:41,451 - INFO -   参考文献：【原文】7.✅周九.学术排版规范研究[J].教育现代化.
【建议】7."调酒.学术排版规范研究[J].教育现代化。
 → 位置2：✅ → "
 → 位置23：. → 。 → 期刊文章建议包含卷号（格式：年份后添加 卷号(期号)）
2026-04-27 14:49:41,451 - INFO -   参考文献：【原文】7.✅周九.学术排版规范研究[J].教育现代化.
【建议】7."调酒.学术排版规范研究[J].教育现代化。
 → 位置2：✅ → "
 → 位置23：. → 。 → 期刊文章建议包含页码（格式：卷期后添加 :起始页码-结束页码）
2026-04-27 14:49:41,451 - INFO -   位置6：✅ → "（置信度 0.959）
2026-04-27 14:49:41,452 - INFO -   参考文献：【原文】1.✅李四.深度学习理论与实战[M].北京:机械工业出版社.
【建议】1."李四.深度学习理论与实战[M].北京:机械工业出版社。
 → 位置2：✅ → "
 → 位置29：. → 。 → 缺少编号，应为 [n] 格式（如 [1]、[2]）
2026-04-27 14:49:41,452 - INFO -   参考文献：【原文】1.✅李四.深度学习理论与实战[M].北京:机械工业出版社.
【建议】1."李四.深度学习理论与实战[M].北京:机械工业出版社。
 → 位置2：✅ → "
 → 位置29：. → 。 → 缺少年份（应为4位数字，如2023）
2026-04-27 14:49:41,452 - INFO -   参考文献：【原文】2.✅王五.自然语言处理基础教程[M].北京:清华大学出版社.
【建议】2."王武.自然语言处理基础教程[M].北京:清华大学出版社。
 → 位置2：✅ → "
 → 位置30：. → 。 → 缺少编号，应为 [n] 格式（如 [1]、[2]）
2026-04-27 14:49:41,452 - INFO -   参考文献：【原文】2.✅王五.自然语言处理基础教程[M].北京:清华大学出版社.
【建议】2."王武.自然语言处理基础教程[M].北京:清华大学出版社。
 → 位置2：✅ → "
 → 位置30：. → 。 → 缺少年份（应为4位数字，如2023）
2026-04-27 14:49:41,452 - INFO -   位置6：✅ → "（置信度 0.979）
2026-04-27 14:49:41,452 - INFO -   参考文献：【原文】3.✅赵六.计算机视觉技术手册[M].上海:上海出版社,2022.
【建议】3."着陆.计算机视觉技术手册[M].上海:上海出版社,2022。
 → 位置2：✅ → "
 → 位置32：. → 。 → 缺少编号，应为 [n] 格式（如 [1]、[2]）
2026-04-27 14:49:41,452 - INFO -   位置6：✅ → "（置信度 0.937）
2026-04-27 14:49:41,452 - INFO -   参考文献：【原文】4.✅钱七.学术论文写作规范指南[M].北京:教育出版社.
【建议】4."钱七.学术论文写作规范指南[M].北京:教育出版社。
 → 位置2：✅ → "
 → 位置28：. → 。 → 缺少编号，应为 [n] 格式（如 [1]、[2]）
2026-04-27 14:49:41,453 - INFO -   参考文献：【原文】4.✅钱七.学术论文写作规范指南[M].北京:教育出版社.
【建议】4."钱七.学术论文写作规范指南[M].北京:教育出版社。
 → 位置2：✅ → "
 → 位置28：. → 。 → 缺少年份（应为4位数字，如2023）
2026-04-27 14:49:41,453 - INFO -   参考文献：【原文】5.✅孙八.人工智能应用实践[M].北京:科学出版社,2023.
【建议】5."孙吧.人工智能应用实践[M].北京:科学出版社,2023。
 → 位置2：✅ → "
 → 位置31：. → 。 → 缺少编号，应为 [n] 格式（如 [1]、[2]）
2026-04-27 14:49:41,453 - INFO -   位置6：✅ → "（置信度 0.986）
2026-04-27 14:49:41,453 - INFO -   位置69：✅ → "（置信度 0.938）
2026-04-27 14:49:41,453 - INFO -   参考文献：【原文】1.✅王五.文本纠错算法研究[D].济南:山东大学.
【建议】1."王武.文本纠错算法研究[D].济南:山东大学。
 → 位置2：✅ → "
 → 位置25：. → 。 → 缺少编号，应为 [n] 格式（如 [1]、[2]）
2026-04-27 14:49:41,453 - INFO -   参考文献：【原文】1.✅王五.文本纠错算法研究[D].济南:山东大学.
【建议】1."王武.文本纠错算法研究[D].济南:山东大学。
 → 位置2：✅ → "
 → 位置25：. → 。 → 缺少年份（应为4位数字，如2023）
2026-04-27 14:49:41,453 - INFO -   位置6：✅ → "（置信度 0.999）
2026-04-27 14:49:41,453 - INFO -   参考文献：【原文】2.✅赵六.智能校对系统设计[D].XX大学,2022.
【建议】2."着陆.智能校对系统设计[D].XX大学,2022。
 → 位置2：✅ → "
 → 位置27：. → 。 → 缺少编号，应为 [n] 格式（如 [1]、[2]）
2026-04-27 14:49:41,453 - INFO -   位置6：✅ → "（置信度 0.954）
2026-04-27 14:49:41,453 - INFO -   参考文献：【原文】3.✅钱七.图表编号自动检测研究[D].XX本科院校,2023.
【建议】3."钱七.图表编号自动检测研究[D].XX本科院校,2023。
 → 位置2：✅ → "
 → 位置31：. → 。 → 缺少编号，应为 [n] 格式（如 [1]、[2]）
2026-04-27 14:49:41,454 - INFO -   参考文献：【原文】3.✅钱七.图表编号自动检测研究[D].XX本科院校,2023.
【建议】3."钱七.图表编号自动检测研究[D].XX本科院校,2023。
 → 位置2：✅ → "
 → 位置31：. → 。 → 学位论文缺少培养单位（如XX大学、XX研究院）
2026-04-27 14:49:41,454 - INFO -   位置6：✅ → "（置信度 0.999）
2026-04-27 14:49:41,454 - INFO -   参考文献：【原文】4.✅孙八.NLP与CV融合技术研究[D].XX大学,2023.
【建议】4."孙吧.NLP与CV融合技术研究[D].XX大学,2023。
 → 位置2：✅ → "
 → 位置31：. → 。 → 缺少编号，应为 [n] 格式（如 [1]、[2]）
2026-04-27 14:49:41,454 - INFO -   位置6：✅ → "（置信度 1.0）
2026-04-27 14:49:41,454 - INFO -   参考文献：【原文】5.✅周九.学术格式自动校验研究[D].XX大学,2023.
【建议】5."调酒.学术格式自动校验研究[D].XX大学,2023。
 → 位置2：✅ → "
 → 位置29：. → 。 → 缺少编号，应为 [n] 格式（如 [1]、[2]）
2026-04-27 14:49:41,454 - INFO -   位置30：( → （（置信度 0.999）
2026-04-27 14:49:41,454 - INFO -   位置33：) → ）（置信度 0.999）
2026-04-27 14:49:41,454 - INFO -   位置53：[ → -（置信度 0.907）
2026-04-27 14:49:41,454 - INFO -   位置93：( → （（置信度 0.954）
2026-04-27 14:49:41,454 - INFO -   位置107：) → ）（置信度 0.979）
2026-04-27 14:49:41,454 - INFO -   参考文献：【原文】报纸示例：✅作者.文章题名[N].报纸名称,出版日期(版次).
【建议】报纸示例："作者.文章题名[N].报纸名称,出版日期（版次）。
 → 位置5：✅ → "
 → 位置26：( → （
 → 位置29：) → ）
 → 位置30：. → 。 → 缺少编号，应为 [n] 格式（如 [1]、[2]）
2026-04-27 14:49:41,454 - INFO -   参考文献：【原文】报纸示例：✅作者.文章题名[N].报纸名称,出版日期(版次).
【建议】报纸示例："作者.文章题名[N].报纸名称,出版日期（版次）。
 → 位置5：✅ → "
 → 位置26：( → （
 → 位置29：) → ）
 → 位置30：. → 。 → 缺少年份（应为4位数字，如2023）
2026-04-27 14:49:41,454 - INFO -   位置9：✅ → "（置信度 0.948）
2026-04-27 14:49:41,454 - INFO -   位置60：. → 们（置信度 0.921）
2026-04-27 14:49:41,454 - INFO -   参考文献：【原文】会议示例：✅作者.论文题名[C]//会议名称.会议地点:出版单位,出版年份:起止页码.
【建议】会议示例："作者.论文题名[C]//会议名称.会议地点:出版单位,出版年份:起止页码。
 → 位置5：✅ → "
 → 位置42：. → 。 → 缺少编号，应为 [n] 格式（如 [1]、[2]）
2026-04-27 14:49:41,454 - INFO -   参考文献：【原文】会议示例：✅作者.论文题名[C]//会议名称.会议地点:出版单位,出版年份:起止页码.
【建议】会议示例："作者.论文题名[C]//会议名称.会议地点:出版单位,出版年份:起止页码。
 → 位置5：✅ → "
 → 位置42：. → 。 → 缺少年份（应为4位数字，如2023）
2026-04-27 14:49:41,454 - INFO - ============================================================
2026-04-27 14:49:41,454 - INFO - 
🎉 检测完成！结果已保存到: test_files/articles_error_result.docx
2026-04-27 14:56:19,236 - INFO - 使用设备: cpu
2026-04-27 14:56:19,236 - INFO - [INFO] 加载模型中... (模式: dual)
2026-04-27 14:56:19,236 - INFO - [INFO] 加载双模型: macbert4mdcspell_v3 + pycorrector
2026-04-27 14:56:19,333 - INFO - [OK] 模型加载完成
2026-04-27 14:56:19,333 - INFO - 📄 读取文件: test_files/articles_error.docx
2026-04-27 14:56:19,353 - INFO - ✅ 读取成功，共 70 段
2026-04-27 14:56:19,353 - INFO - 📝 开始文本纠错...
2026-04-27 14:56:38,293 - INFO - ✅ 文本纠错完成，发现 56 个错别字
2026-04-27 14:56:38,294 - INFO - 🔍 开始语法检测...
2026-04-27 14:56:38,323 - INFO - ✅ 语法检测完成，发现 2 个语法问题，0 个语义问题
2026-04-27 14:56:38,325 - INFO - 📊 处理表格...
2026-04-27 14:56:38,325 - INFO - ✅ 表格处理完成
2026-04-27 14:56:38,326 - INFO - 🖼 处理文档内图片...
2026-04-27 14:56:38,327 - INFO - 📸 提取到 1 张图片
2026-04-27 14:56:38,329 - WARNING - Using CPU. Note: This module is much faster with a GPU.
2026-04-27 14:56:42,155 - INFO - ✅ 图片OCR处理完成
2026-04-27 14:56:42,157 - INFO - 🔢 检测图片编号...
2026-04-27 14:56:42,180 - INFO - ✅ 图片编号检测完成，发现 0 个问题
2026-04-27 14:56:42,180 - INFO - 📋 检测表格编号...
2026-04-27 14:56:42,180 - INFO - ✅ 表格编号检测完成，发现 0 个问题
2026-04-27 14:56:42,180 - INFO - 📚 检测参考文献...
2026-04-27 14:56:42,200 - INFO - 发现 40 条参考文献
2026-04-27 14:56:57,474 - INFO - ✅ 参考文献检测完成，发现 137 个问题
2026-04-27 14:56:57,474 - INFO - 💾 保存结果到: test_files/articles_error_result.docx
2026-04-27 14:56:57,486 - INFO - ✅ 文件保存成功
2026-04-27 14:56:57,487 - INFO - 
============================================================
2026-04-27 14:56:57,487 - INFO - 📊 智能检测报告
2026-04-27 14:56:57,487 - INFO - ============================================================
2026-04-27 14:56:57,487 - INFO - 错别字: 85
2026-04-27 14:56:57,487 - INFO - 参考文献错误: 137
2026-04-27 14:56:57,487 - INFO - 总错误: 222
2026-04-27 14:56:57,487 - INFO - 
📄 错误详情：
2026-04-27 14:56:57,487 - INFO -   位置30：( → （（置信度 1.0）
2026-04-27 14:56:57,487 - INFO -   位置32：( → （（置信度 1.0）
2026-04-27 14:56:57,487 - INFO -   位置2：✅ → "（置信度 0.998）
2026-04-27 14:56:57,487 - INFO -   位置36：( → （（置信度 0.999）
2026-04-27 14:56:57,487 - INFO -   位置38：) → ）（置信度 0.97）
2026-04-27 14:56:57,487 - INFO -   位置45：. → 。（置信度 0.999）
2026-04-27 14:56:57,488 - INFO -   位置2：✅ → "（置信度 1.0）
2026-04-27 14:56:57,488 - INFO -   位置25：. → 。（置信度 0.996）
2026-04-27 14:56:57,488 - INFO -   位置2：✅ → "（置信度 1.0）
2026-04-27 14:56:57,488 - INFO -   位置29：. → 。（置信度 1.0）
2026-04-27 14:56:57,488 - INFO -   位置2：✅ → "（置信度 1.0）
2026-04-27 14:56:57,488 - INFO -   位置33：. → 。（置信度 1.0）
2026-04-27 14:56:57,488 - INFO -   位置2：✅ → "（置信度 1.0）
2026-04-27 14:56:57,488 - INFO -   位置35：( → （（置信度 1.0）
2026-04-27 14:56:57,488 - INFO -   位置37：) → ）（置信度 0.94）
2026-04-27 14:56:57,490 - INFO -   位置38：. → 。（置信度 1.0）
2026-04-27 14:56:57,490 - INFO -   位置2：✅ → "（置信度 1.0）
2026-04-27 14:56:57,490 - INFO -   位置42：. → 。（置信度 1.0）
2026-04-27 14:56:57,490 - INFO -   位置2：✅ → "（置信度 1.0）
2026-04-27 14:56:57,490 - INFO -   位置23：. → 。（置信度 0.997）
2026-04-27 14:56:57,490 - INFO -   位置2：✅ → "（置信度 1.0）
2026-04-27 14:56:57,490 - INFO -   位置29：. → 。（置信度 0.999）
2026-04-27 14:56:57,490 - INFO -   位置2：✅ → "（置信度 1.0）
2026-04-27 14:56:57,490 - INFO -   位置30：. → 。（置信度 1.0）
2026-04-27 14:56:57,490 - INFO -   位置2：✅ → "（置信度 1.0）
2026-04-27 14:56:57,490 - INFO -   位置32：. → 。（置信度 0.997）
2026-04-27 14:56:57,490 - INFO -   位置2：✅ → "（置信度 1.0）
2026-04-27 14:56:57,490 - INFO -   位置28：. → 。（置信度 0.998）
2026-04-27 14:56:57,490 - INFO -   位置2：✅ → "（置信度 0.999）
2026-04-27 14:56:57,490 - INFO -   位置31：. → 。（置信度 0.993）
2026-04-27 14:56:57,490 - INFO -   位置2：✅ → "（置信度 1.0）
2026-04-27 14:56:57,490 - INFO -   位置25：. → 。（置信度 0.999）
2026-04-27 14:56:57,490 - INFO -   位置2：✅ → "（置信度 1.0）
2026-04-27 14:56:57,490 - INFO -   位置27：. → 。（置信度 0.999）
2026-04-27 14:56:57,490 - INFO -   位置2：✅ → "（置信度 1.0）
2026-04-27 14:56:57,490 - INFO -   位置31：. → 。（置信度 0.999）
2026-04-27 14:56:57,490 - INFO -   位置2：✅ → "（置信度 1.0）
2026-04-27 14:56:57,490 - INFO -   位置31：. → 。（置信度 1.0）
2026-04-27 14:56:57,491 - INFO -   位置2：✅ → "（置信度 1.0）
2026-04-27 14:56:57,491 - INFO -   位置29：. → 。（置信度 1.0）
2026-04-27 14:56:57,491 - INFO -   位置2：✅ → "（置信度 1.0）
2026-04-27 14:56:57,491 - INFO -   位置29：. → 。（置信度 0.999）
2026-04-27 14:56:57,491 - INFO -   位置2：✅ → "（置信度 0.999）
2026-04-27 14:56:57,491 - INFO -   位置32：. → 。（置信度 0.997）
2026-04-27 14:56:57,491 - INFO -   位置2：✅ → "（置信度 0.998）
2026-04-27 14:56:57,491 - INFO -   位置32：. → 。（置信度 0.996）
2026-04-27 14:56:57,491 - INFO -   位置2：✅ → "（置信度 1.0）
2026-04-27 14:56:57,491 - INFO -   位置28：. → 。（置信度 0.999）
2026-04-27 14:56:57,491 - INFO -   位置2：✅ → "（置信度 1.0）
2026-04-27 14:56:57,491 - INFO -   位置32：. → 。（置信度 0.998）
2026-04-27 14:56:57,493 - INFO -   位置5：✅ → "（置信度 1.0）
2026-04-27 14:56:57,493 - INFO -   位置26：( → （（置信度 1.0）
2026-04-27 14:56:57,493 - INFO -   位置29：) → ）（置信度 1.0）
2026-04-27 14:56:57,493 - INFO -   位置30：. → 。（置信度 1.0）
2026-04-27 14:56:57,493 - INFO -   位置5：✅ → "（置信度 1.0）
2026-04-27 14:56:57,493 - INFO -   位置42：. → 。（置信度 1.0）
2026-04-27 14:56:57,493 - INFO -   参考文献：2. 文本纠错算法研究进展，李四，计算机科学 → 编号格式建议使用方括号 [2]
2026-04-27 14:56:57,494 - INFO -   参考文献：2. 文本纠错算法研究进展，李四，计算机科学 → 缺少文献类型标识（如[J]期刊、[M]专著、[D]学位论文、[R/OL]电子报告）
2026-04-27 14:56:57,494 - INFO -   参考文献：2. 文本纠错算法研究进展，李四，计算机科学 → 作者后缺少句号分隔符（应为：作者．标题）
2026-04-27 14:56:57,494 - INFO -   参考文献：2. 文本纠错算法研究进展，李四，计算机科学 → 缺少年份（应为4位数字，如2023）
2026-04-27 14:56:57,494 - INFO -   参考文献：2. 文本纠错算法研究进展，李四，计算机科学 → 参考文献末尾建议添加句号
2026-04-27 14:56:57,494 - INFO -   参考文献：3. 深度学习模型优化研究，王五，信息技术，2022 → 编号格式建议使用方括号 [3]
2026-04-27 14:56:57,494 - INFO -   参考文献：3. 深度学习模型优化研究，王五，信息技术，2022 → 缺少文献类型标识（如[J]期刊、[M]专著、[D]学位论文、[R/OL]电子报告）
2026-04-27 14:56:57,494 - INFO -   参考文献：3. 深度学习模型优化研究，王五，信息技术，2022 → 作者后缺少句号分隔符（应为：作者．标题）
2026-04-27 14:56:57,494 - INFO -   参考文献：3. 深度学习模型优化研究，王五，信息技术，2022 → 缺少年份（应为4位数字，如2023）
2026-04-27 14:56:57,494 - INFO -   参考文献：3. 深度学习模型优化研究，王五，信息技术，2022 → 参考文献末尾建议添加句号
2026-04-27 14:56:57,494 - INFO -   参考文献：4. 智能校对系统设计与实现，赵六，软件导刊，2021，30 → 编号格式建议使用方括号 [4]
2026-04-27 14:56:57,494 - INFO -   参考文献：4. 智能校对系统设计与实现，赵六，软件导刊，2021，30 → 缺少文献类型标识（如[J]期刊、[M]专著、[D]学位论文、[R/OL]电子报告）
2026-04-27 14:56:57,494 - INFO -   参考文献：4. 智能校对系统设计与实现，赵六，软件导刊，2021，30 → 作者后缺少句号分隔符（应为：作者．标题）
2026-04-27 14:56:57,494 - INFO -   参考文献：4. 智能校对系统设计与实现，赵六，软件导刊，2021，30 → 缺少年份（应为4位数字，如2023）
2026-04-27 14:56:57,494 - INFO -   参考文献：4. 智能校对系统设计与实现，赵六，软件导刊，2021，30 → 参考文献末尾建议添加句号
2026-04-27 14:56:57,494 - INFO -   参考文献：6. 计算机视觉图表识别研究，孙八，电脑知识与技术，2023，10:20-25 → 编号格式建议使用方括号 [6]
2026-04-27 14:56:57,494 - INFO -   参考文献：6. 计算机视觉图表识别研究，孙八，电脑知识与技术，2023，10:20-25 → 缺少文献类型标识（如[J]期刊、[M]专著、[D]学位论文、[R/OL]电子报告）
2026-04-27 14:56:57,494 - INFO -   参考文献：6. 计算机视觉图表识别研究，孙八，电脑知识与技术，2023，10:20-25 → 作者后缺少句号分隔符（应为：作者．标题）
2026-04-27 14:56:57,494 - INFO -   参考文献：6. 计算机视觉图表识别研究，孙八，电脑知识与技术，2023，10:20-25 → 缺少年份（应为4位数字，如2023）
2026-04-27 14:56:57,494 - INFO -   参考文献：6. 计算机视觉图表识别研究，孙八，电脑知识与技术，2023，10:20-25 → 参考文献末尾建议添加句号
2026-04-27 14:56:57,494 - INFO -   参考文献：7. 学术排版规范研究，周九，教育现代化 → 编号格式建议使用方括号 [7]
2026-04-27 14:56:57,494 - INFO -   参考文献：7. 学术排版规范研究，周九，教育现代化 → 缺少文献类型标识（如[J]期刊、[M]专著、[D]学位论文、[R/OL]电子报告）
2026-04-27 14:56:57,494 - INFO -   参考文献：7. 学术排版规范研究，周九，教育现代化 → 作者后缺少句号分隔符（应为：作者．标题）
2026-04-27 14:56:57,494 - INFO -   参考文献：7. 学术排版规范研究，周九，教育现代化 → 缺少年份（应为4位数字，如2023）
2026-04-27 14:56:57,494 - INFO -   参考文献：7. 学术排版规范研究，周九，教育现代化 → 参考文献末尾建议添加句号
2026-04-27 14:56:57,494 - INFO -   参考文献：2. 自然语言处理基础教程，王五，清华大学出版社 → 编号格式建议使用方括号 [2]
2026-04-27 14:56:57,494 - INFO -   参考文献：2. 自然语言处理基础教程，王五，清华大学出版社 → 缺少文献类型标识（如[J]期刊、[M]专著、[D]学位论文、[R/OL]电子报告）
2026-04-27 14:56:57,494 - INFO -   参考文献：2. 自然语言处理基础教程，王五，清华大学出版社 → 作者后缺少句号分隔符（应为：作者．标题）
2026-04-27 14:56:57,494 - INFO -   参考文献：2. 自然语言处理基础教程，王五，清华大学出版社 → 缺少年份（应为4位数字，如2023）
2026-04-27 14:56:57,494 - INFO -   参考文献：2. 自然语言处理基础教程，王五，清华大学出版社 → 参考文献末尾建议添加句号
2026-04-27 14:56:57,494 - INFO -   参考文献：3. 计算机视觉技术手册，赵六，上海出版社2022 → 编号格式建议使用方括号 [3]
2026-04-27 14:56:57,494 - INFO -   参考文献：3. 计算机视觉技术手册，赵六，上海出版社2022 → 缺少文献类型标识（如[J]期刊、[M]专著、[D]学位论文、[R/OL]电子报告）
2026-04-27 14:56:57,494 - INFO -   参考文献：3. 计算机视觉技术手册，赵六，上海出版社2022 → 作者后缺少句号分隔符（应为：作者．标题）
2026-04-27 14:56:57,498 - INFO -   参考文献：3. 计算机视觉技术手册，赵六，上海出版社2022 → 缺少年份（应为4位数字，如2023）
2026-04-27 14:56:57,498 - INFO -   参考文献：3. 计算机视觉技术手册，赵六，上海出版社2022 → 参考文献末尾建议添加句号
2026-04-27 14:56:57,498 - INFO -   参考文献：4. 学术论文写作规范指南，钱七，教育出版社 → 编号格式建议使用方括号 [4]
2026-04-27 14:56:57,498 - INFO -   参考文献：4. 学术论文写作规范指南，钱七，教育出版社 → 缺少文献类型标识（如[J]期刊、[M]专著、[D]学位论文、[R/OL]电子报告）
2026-04-27 14:56:57,498 - INFO -   参考文献：4. 学术论文写作规范指南，钱七，教育出版社 → 作者后缺少句号分隔符（应为：作者．标题）
2026-04-27 14:56:57,498 - INFO -   参考文献：4. 学术论文写作规范指南，钱七，教育出版社 → 缺少年份（应为4位数字，如2023）
2026-04-27 14:56:57,498 - INFO -   参考文献：4. 学术论文写作规范指南，钱七，教育出版社 → 参考文献末尾建议添加句号
2026-04-27 14:56:57,498 - INFO -   参考文献：5. 人工智能应用实践，孙八，科学出版社2023，北京 → 编号格式建议使用方括号 [5]
2026-04-27 14:56:57,498 - INFO -   参考文献：5. 人工智能应用实践，孙八，科学出版社2023，北京 → 缺少文献类型标识（如[J]期刊、[M]专著、[D]学位论文、[R/OL]电子报告）
2026-04-27 14:56:57,499 - INFO -   参考文献：5. 人工智能应用实践，孙八，科学出版社2023，北京 → 作者后缺少句号分隔符（应为：作者．标题）
2026-04-27 14:56:57,499 - INFO -   参考文献：5. 人工智能应用实践，孙八，科学出版社2023，北京 → 缺少年份（应为4位数字，如2023）
2026-04-27 14:56:57,499 - INFO -   参考文献：5. 人工智能应用实践，孙八，科学出版社2023，北京 → 参考文献末尾建议添加句号
2026-04-27 14:56:57,499 - INFO -   参考文献：2. 赵六.智能校对系统设计，计算机学院2022 → 编号格式建议使用方括号 [2]
2026-04-27 14:56:57,499 - INFO -   参考文献：2. 赵六.智能校对系统设计，计算机学院2022 → 缺少文献类型标识（如[J]期刊、[M]专著、[D]学位论文、[R/OL]电子报告）
2026-04-27 14:56:57,499 - INFO -   参考文献：2. 赵六.智能校对系统设计，计算机学院2022 → 参考文献末尾建议添加句号
2026-04-27 14:56:57,499 - INFO -   参考文献：3. 钱七.图表编号自动检测研究，本科毕业论文 → 编号格式建议使用方括号 [3]
2026-04-27 14:56:57,499 - INFO -   参考文献：3. 钱七.图表编号自动检测研究，本科毕业论文 → 缺少文献类型标识（如[J]期刊、[M]专著、[D]学位论文、[R/OL]电子报告）
2026-04-27 14:56:57,499 - INFO -   参考文献：3. 钱七.图表编号自动检测研究，本科毕业论文 → 缺少年份（应为4位数字，如2023）
2026-04-27 14:56:57,499 - INFO -   参考文献：3. 钱七.图表编号自动检测研究，本科毕业论文 → 参考文献末尾建议添加句号
2026-04-27 14:56:57,499 - INFO -   参考文献：4. 孙八.NLP与CV融合技术研究，硕士论文 → 编号格式建议使用方括号 [4]
2026-04-27 14:56:57,499 - INFO -   参考文献：4. 孙八.NLP与CV融合技术研究，硕士论文 → 缺少文献类型标识（如[J]期刊、[M]专著、[D]学位论文、[R/OL]电子报告）
2026-04-27 14:56:57,499 - INFO -   参考文献：4. 孙八.NLP与CV融合技术研究，硕士论文 → 缺少年份（应为4位数字，如2023）
2026-04-27 14:56:57,499 - INFO -   参考文献：4. 孙八.NLP与CV融合技术研究，硕士论文 → 参考文献末尾建议添加句号
2026-04-27 14:56:57,499 - INFO -   参考文献：5. 周九.学术格式自动校验研究，2023大学 → 编号格式建议使用方括号 [5]
2026-04-27 14:56:57,499 - INFO -   参考文献：5. 周九.学术格式自动校验研究，2023大学 → 缺少文献类型标识（如[J]期刊、[M]专著、[D]学位论文、[R/OL]电子报告）
2026-04-27 14:56:57,499 - INFO -   参考文献：5. 周九.学术格式自动校验研究，2023大学 → 参考文献末尾建议添加句号
2026-04-27 14:56:57,499 - INFO -   参考文献：5. 智能教育发展统计数据，互联网发布资料 → 编号格式建议使用方括号 [5]
2026-04-27 14:56:57,499 - INFO -   参考文献：5. 智能教育发展统计数据，互联网发布资料 → 缺少文献类型标识（如[J]期刊、[M]专著、[D]学位论文、[R/OL]电子报告）
2026-04-27 14:56:57,499 - INFO -   参考文献：5. 智能教育发展统计数据，互联网发布资料 → 作者后缺少句号分隔符（应为：作者．标题）
2026-04-27 14:56:57,500 - INFO -   参考文献：5. 智能教育发展统计数据，互联网发布资料 → 缺少年份（应为4位数字，如2023）
2026-04-27 14:56:57,500 - INFO -   参考文献：5. 智能教育发展统计数据，互联网发布资料 → 参考文献末尾建议添加句号
2026-04-27 14:56:57,500 - INFO -   参考文献：3. NLP技术应用前景广阔，科技报，北京 → 编号格式建议使用方括号 [3]
2026-04-27 14:56:57,500 - INFO -   参考文献：3. NLP技术应用前景广阔，科技报，北京 → 缺少文献类型标识（如[J]期刊、[M]专著、[D]学位论文、[R/OL]电子报告）
2026-04-27 14:56:57,500 - INFO -   参考文献：3. NLP技术应用前景广阔，科技报，北京 → 作者后缺少句号分隔符（应为：作者．标题）
2026-04-27 14:56:57,500 - INFO -   参考文献：3. NLP技术应用前景广阔，科技报，北京 → 缺少年份（应为4位数字，如2023）
2026-04-27 14:56:57,500 - INFO -   参考文献：3. NLP技术应用前景广阔，科技报，北京 → 参考文献末尾建议添加句号
2026-04-27 14:56:57,500 - INFO -   参考文献：4. 论文排版规范管理新规出台，校园报纸2024年发布 → 编号格式建议使用方括号 [4]
2026-04-27 14:56:57,500 - INFO -   参考文献：4. 论文排版规范管理新规出台，校园报纸2024年发布 → 缺少文献类型标识（如[J]期刊、[M]专著、[D]学位论文、[R/OL]电子报告）
2026-04-27 14:56:57,500 - INFO -   参考文献：4. 论文排版规范管理新规出台，校园报纸2024年发布 → 作者后缺少句号分隔符（应为：作者．标题）
2026-04-27 14:56:57,500 - INFO -   参考文献：4. 论文排版规范管理新规出台，校园报纸2024年发布 → 缺少年份（应为4位数字，如2023）
2026-04-27 14:56:57,502 - INFO -   参考文献：4. 论文排版规范管理新规出台，校园报纸2024年发布 → 参考文献末尾建议添加句号
2026-04-27 14:56:57,502 - INFO -   参考文献：5. 智能校对工具助力学术写作，信息化报纸 → 编号格式建议使用方括号 [5]
2026-04-27 14:56:57,502 - INFO -   参考文献：5. 智能校对工具助力学术写作，信息化报纸 → 缺少文献类型标识（如[J]期刊、[M]专著、[D]学位论文、[R/OL]电子报告）
2026-04-27 14:56:57,502 - INFO -   参考文献：5. 智能校对工具助力学术写作，信息化报纸 → 作者后缺少句号分隔符（应为：作者．标题）
2026-04-27 14:56:57,502 - INFO -   参考文献：5. 智能校对工具助力学术写作，信息化报纸 → 缺少年份（应为4位数字，如2023）
2026-04-27 14:56:57,502 - INFO -   参考文献：5. 智能校对工具助力学术写作，信息化报纸 → 参考文献末尾建议添加句号
2026-04-27 14:56:57,502 - INFO -   参考文献：2. CV图表识别技术探讨，李四，计算机学术年会2023 → 编号格式建议使用方括号 [2]
2026-04-27 14:56:57,502 - INFO -   参考文献：2. CV图表识别技术探讨，李四，计算机学术年会2023 → 缺少文献类型标识（如[J]期刊、[M]专著、[D]学位论文、[R/OL]电子报告）
2026-04-27 14:56:57,502 - INFO -   参考文献：2. CV图表识别技术探讨，李四，计算机学术年会2023 → 作者后缺少句号分隔符（应为：作者．标题）
2026-04-27 14:56:57,502 - INFO -   参考文献：2. CV图表识别技术探讨，李四，计算机学术年会2023 → 缺少年份（应为4位数字，如2023）
2026-04-27 14:56:57,502 - INFO -   参考文献：2. CV图表识别技术探讨，李四，计算机学术年会2023 → 参考文献末尾建议添加句号
2026-04-27 14:56:57,503 - INFO -   参考文献：3. NLP与CV融合应用研究，王五，学术交流会议，北京 → 编号格式建议使用方括号 [3]
2026-04-27 14:56:57,503 - INFO -   参考文献：3. NLP与CV融合应用研究，王五，学术交流会议，北京 → 缺少文献类型标识（如[J]期刊、[M]专著、[D]学位论文、[R/OL]电子报告）
2026-04-27 14:56:57,503 - INFO -   参考文献：3. NLP与CV融合应用研究，王五，学术交流会议，北京 → 作者后缺少句号分隔符（应为：作者．标题）
2026-04-27 14:56:57,503 - INFO -   参考文献：3. NLP与CV融合应用研究，王五，学术交流会议，北京 → 缺少年份（应为4位数字，如2023）
2026-04-27 14:56:57,503 - INFO -   参考文献：3. NLP与CV融合应用研究，王五，学术交流会议，北京 → 参考文献末尾建议添加句号
2026-04-27 14:56:57,504 - INFO -   参考文献：4. 论文格式自动校验研究，赵六，工程技术会议论文集 → 编号格式建议使用方括号 [4]
2026-04-27 14:56:57,504 - INFO -   参考文献：4. 论文格式自动校验研究，赵六，工程技术会议论文集 → 缺少文献类型标识（如[J]期刊、[M]专著、[D]学位论文、[R/OL]电子报告）
2026-04-27 14:56:57,504 - INFO -   参考文献：4. 论文格式自动校验研究，赵六，工程技术会议论文集 → 作者后缺少句号分隔符（应为：作者．标题）
2026-04-27 14:56:57,504 - INFO -   参考文献：4. 论文格式自动校验研究，赵六，工程技术会议论文集 → 缺少年份（应为4位数字，如2023）
2026-04-27 14:56:57,504 - INFO -   参考文献：4. 论文格式自动校验研究，赵六，工程技术会议论文集 → 参考文献末尾建议添加句号
2026-04-27 14:56:57,504 - INFO -   参考文献：5. 学术批注系统设计实现，钱七，人工智能研讨会2024 → 编号格式建议使用方括号 [5]
2026-04-27 14:56:57,504 - INFO -   参考文献：5. 学术批注系统设计实现，钱七，人工智能研讨会2024 → 缺少文献类型标识（如[J]期刊、[M]专著、[D]学位论文、[R/OL]电子报告）
2026-04-27 14:56:57,504 - INFO -   参考文献：5. 学术批注系统设计实现，钱七，人工智能研讨会2024 → 作者后缺少句号分隔符（应为：作者．标题）
2026-04-27 14:56:57,504 - INFO -   参考文献：5. 学术批注系统设计实现，钱七，人工智能研讨会2024 → 缺少年份（应为4位数字，如2023）
2026-04-27 14:56:57,504 - INFO -   参考文献：5. 学术批注系统设计实现，钱七，人工智能研讨会2024 → 参考文献末尾建议添加句号
2026-04-27 14:56:57,504 - INFO -   位置6：✅ → "（置信度 0.936）
2026-04-27 14:56:57,504 - INFO -   位置40：( → （（置信度 0.911）
2026-04-27 14:56:57,504 - INFO -   位置137：) → ）（置信度 0.944）
2026-04-27 14:56:57,504 - INFO -   参考文献：【原文】1.✅张三.自然语言处理技术研究[J].计算机工程与应用,2023,45(6):12-18.
【建议】1."张三.自然语言处理技术研究[J].计算机工程与应用,2023,45（6）:12-18。
 → 位置2：✅ → "
 → 位置36：( → （
 → 位置38：) → ）
 → 位置45：. → 。 → 缺少编号，应为 [n] 格式（如 [1]、[2]）
2026-04-27 14:56:57,504 - INFO -   位置6：✅ → "（置信度 0.972）
2026-04-27 14:56:57,504 - INFO -   位置69：✅ → "（置信度 0.986）
2026-04-27 14:56:57,504 - INFO -   参考文献：【原文】2.✅李四.文本纠错算法研究进展[J].计算机科学.
【建议】2."李四.文本纠错算法研究进展[J].计算机科学。
 → 位置2：✅ → "
 → 位置25：. → 。 → 缺少编号，应为 [n] 格式（如 [1]、[2]）
2026-04-27 14:56:57,504 - INFO -   参考文献：【原文】2.✅李四.文本纠错算法研究进展[J].计算机科学.
【建议】2."李四.文本纠错算法研究进展[J].计算机科学。
 → 位置2：✅ → "
 → 位置25：. → 。 → 缺少年份（应为4位数字，如2023）
2026-04-27 14:56:57,504 - INFO -   参考文献：【原文】2.✅李四.文本纠错算法研究进展[J].计算机科学.
【建议】2."李四.文本纠错算法研究进展[J].计算机科学。
 → 位置2：✅ → "
 → 位置25：. → 。 → 期刊文章建议包含卷号（格式：年份后添加 卷号(期号)）
2026-04-27 14:56:57,504 - INFO -   参考文献：【原文】2.✅李四.文本纠错算法研究进展[J].计算机科学.
【建议】2."李四.文本纠错算法研究进展[J].计算机科学。
 → 位置2：✅ → "
 → 位置25：. → 。 → 期刊文章建议包含页码（格式：卷期后添加 :起始页码-结束页码）
2026-04-27 14:56:57,504 - INFO -   位置6：✅ → "（置信度 0.988）
2026-04-27 14:56:57,504 - INFO -   参考文献：【原文】3.✅王五.深度学习模型优化研究[J].信息技术,2022.
【建议】3."王五.深度学习模型优化研究[J].信息技术,2022。
 → 位置2：✅ → "
 → 位置29：. → 。 → 缺少编号，应为 [n] 格式（如 [1]、[2]）
2026-04-27 14:56:57,504 - INFO -   参考文献：【原文】3.✅王五.深度学习模型优化研究[J].信息技术,2022.
【建议】3."王五.深度学习模型优化研究[J].信息技术,2022。
 → 位置2：✅ → "
 → 位置29：. → 。 → 期刊文章建议包含卷号（格式：年份后添加 卷号(期号)）
2026-04-27 14:56:57,504 - INFO -   参考文献：【原文】3.✅王五.深度学习模型优化研究[J].信息技术,2022.
【建议】3."王五.深度学习模型优化研究[J].信息技术,2022。
 → 位置2：✅ → "
 → 位置29：. → 。 → 期刊文章建议包含页码（格式：卷期后添加 :起始页码-结束页码）
2026-04-27 14:56:57,504 - INFO -   参考文献：【原文】4.✅赵六.智能校对系统设计与实现[J].软件导刊,2021,30.
【建议】4."赵六.智能校对系统设计与实现[J].软件导刊,2021,30。
 → 位置2：✅ → "
 → 位置33：. → 。 → 缺少编号，应为 [n] 格式（如 [1]、[2]）
2026-04-27 14:56:57,504 - INFO -   参考文献：【原文】4.✅赵六.智能校对系统设计与实现[J].软件导刊,2021,30.
【建议】4."赵六.智能校对系统设计与实现[J].软件导刊,2021,30。
 → 位置2：✅ → "
 → 位置33：. → 。 → 期刊文章建议包含卷号（格式：年份后添加 卷号(期号)）
2026-04-27 14:56:57,504 - INFO -   参考文献：【原文】4.✅赵六.智能校对系统设计与实现[J].软件导刊,2021,30.
【建议】4."赵六.智能校对系统设计与实现[J].软件导刊,2021,30。
 → 位置2：✅ → "
 → 位置33：. → 。 → 期刊文章建议包含页码（格式：卷期后添加 :起始页码-结束页码）
2026-04-27 14:56:57,504 - INFO -   位置6：✅ → "（置信度 0.977）
2026-04-27 14:56:57,504 - INFO -   位置39：( → （（置信度 0.999）
2026-04-27 14:56:57,504 - INFO -   位置53：. → -（置信度 0.906）
2026-04-27 14:56:57,504 - INFO -   位置109：( → （（置信度 0.934）
2026-04-27 14:56:57,504 - INFO -   参考文献：【原文】5.✅钱七.NLP文本检测技术分析[J].数字技术与应用,2020,2(5).
【建议】5."钱七.NLP文本检测技术分析[J].数字技术与应用,2020,2（5）。
 → 位置2：✅ → "
 → 位置35：( → （
 → 位置37：) → ）
 → 位置38：. → 。 → 缺少编号，应为 [n] 格式（如 [1]、[2]）
2026-04-27 14:56:57,504 - INFO -   参考文献：【原文】5.✅钱七.NLP文本检测技术分析[J].数字技术与应用,2020,2(5).
【建议】5."钱七.NLP文本检测技术分析[J].数字技术与应用,2020,2（5）。
 → 位置2：✅ → "
 → 位置35：( → （
 → 位置37：) → ）
 → 位置38：. → 。 → 期刊文章建议包含页码（格式：卷期后添加 :起始页码-结束页码）
2026-04-27 14:56:57,504 - INFO -   参考文献：【原文】6.✅孙八.计算机视觉图表识别研究[J].电脑知识与技术,2023,10:20-25.
【建议】6."孙八.计算机视觉图表识别研究[J].电脑知识与技术,2023,10:20-25。
 → 位置2：✅ → "
 → 位置42：. → 。 → 缺少编号，应为 [n] 格式（如 [1]、[2]）
2026-04-27 14:56:57,504 - INFO -   参考文献：【原文】6.✅孙八.计算机视觉图表识别研究[J].电脑知识与技术,2023,10:20-25.
【建议】6."孙八.计算机视觉图表识别研究[J].电脑知识与技术,2023,10:20-25。
 → 位置2：✅ → "
 → 位置42：. → 。 → 期刊文章建议包含卷号（格式：年份后添加 卷号(期号)）
2026-04-27 14:56:57,504 - INFO -   位置6：✅ → "（置信度 0.986）
2026-04-27 14:56:57,504 - INFO -   参考文献：【原文】7.✅周九.学术排版规范研究[J].教育现代化.
【建议】7."周九.学术排版规范研究[J].教育现代化。
 → 位置2：✅ → "
 → 位置23：. → 。 → 缺少编号，应为 [n] 格式（如 [1]、[2]）
2026-04-27 14:56:57,504 - INFO -   参考文献：【原文】7.✅周九.学术排版规范研究[J].教育现代化.
【建议】7."周九.学术排版规范研究[J].教育现代化。
 → 位置2：✅ → "
 → 位置23：. → 。 → 缺少年份（应为4位数字，如2023）
2026-04-27 14:56:57,504 - INFO -   参考文献：【原文】7.✅周九.学术排版规范研究[J].教育现代化.
【建议】7."周九.学术排版规范研究[J].教育现代化。
 → 位置2：✅ → "
 → 位置23：. → 。 → 期刊文章建议包含卷号（格式：年份后添加 卷号(期号)）
2026-04-27 14:56:57,507 - INFO -   参考文献：【原文】7.✅周九.学术排版规范研究[J].教育现代化.
【建议】7."周九.学术排版规范研究[J].教育现代化。
 → 位置2：✅ → "
 → 位置23：. → 。 → 期刊文章建议包含页码（格式：卷期后添加 :起始页码-结束页码）
2026-04-27 14:56:57,507 - INFO -   位置6：✅ → "（置信度 0.959）
2026-04-27 14:56:57,507 - INFO -   参考文献：【原文】1.✅李四.深度学习理论与实战[M].北京:机械工业出版社.
【建议】1."李四.深度学习理论与实战[M].北京:机械工业出版社。
 → 位置2：✅ → "
 → 位置29：. → 。 → 缺少编号，应为 [n] 格式（如 [1]、[2]）
2026-04-27 14:56:57,507 - INFO -   参考文献：【原文】1.✅李四.深度学习理论与实战[M].北京:机械工业出版社.
【建议】1."李四.深度学习理论与实战[M].北京:机械工业出版社。
 → 位置2：✅ → "
 → 位置29：. → 。 → 缺少年份（应为4位数字，如2023）
2026-04-27 14:56:57,507 - INFO -   位置6：✅ → "（置信度 0.907）
2026-04-27 14:56:57,507 - INFO -   参考文献：【原文】2.✅王五.自然语言处理基础教程[M].北京:清华大学出版社.
【建议】2."王五.自然语言处理基础教程[M].北京:清华大学出版社。
 → 位置2：✅ → "
 → 位置30：. → 。 → 缺少编号，应为 [n] 格式（如 [1]、[2]）
2026-04-27 14:56:57,507 - INFO -   参考文献：【原文】2.✅王五.自然语言处理基础教程[M].北京:清华大学出版社.
【建议】2."王五.自然语言处理基础教程[M].北京:清华大学出版社。
 → 位置2：✅ → "
 → 位置30：. → 。 → 缺少年份（应为4位数字，如2023）
2026-04-27 14:56:57,507 - INFO -   位置47：. → -（置信度 0.9）
2026-04-27 14:56:57,507 - INFO -   参考文献：【原文】3.✅赵六.计算机视觉技术手册[M].上海:上海出版社,2022.
【建议】3."赵六.计算机视觉技术手册[M].上海:上海出版社,2022。
 → 位置2：✅ → "
 → 位置32：. → 。 → 缺少编号，应为 [n] 格式（如 [1]、[2]）
2026-04-27 14:56:57,507 - INFO -   位置6：✅ → "（置信度 0.937）
2026-04-27 14:56:57,507 - INFO -   参考文献：【原文】4.✅钱七.学术论文写作规范指南[M].北京:教育出版社.
【建议】4."钱七.学术论文写作规范指南[M].北京:教育出版社。
 → 位置2：✅ → "
 → 位置28：. → 。 → 缺少编号，应为 [n] 格式（如 [1]、[2]）
2026-04-27 14:56:57,507 - INFO -   参考文献：【原文】4.✅钱七.学术论文写作规范指南[M].北京:教育出版社.
【建议】4."钱七.学术论文写作规范指南[M].北京:教育出版社。
 → 位置2：✅ → "
 → 位置28：. → 。 → 缺少年份（应为4位数字，如2023）
2026-04-27 14:56:57,507 - INFO -   参考文献：【原文】5.✅孙八.人工智能应用实践[M].北京:科学出版社,2023.
【建议】5."孙八.人工智能应用实践[M].北京:科学出版社,2023。
 → 位置2：✅ → "
 → 位置31：. → 。 → 缺少编号，应为 [n] 格式（如 [1]、[2]）
2026-04-27 14:56:57,507 - INFO -   位置6：✅ → "（置信度 0.993）
2026-04-27 14:56:57,507 - INFO -   位置69：✅ → "（置信度 0.941）
2026-04-27 14:56:57,507 - INFO -   参考文献：【原文】1.✅王五.文本纠错算法研究[D].济南:山东大学.
【建议】1."王五.文本纠错算法研究[D].济南:山东大学。
 → 位置2：✅ → "
 → 位置25：. → 。 → 缺少编号，应为 [n] 格式（如 [1]、[2]）
2026-04-27 14:56:57,507 - INFO -   参考文献：【原文】1.✅王五.文本纠错算法研究[D].济南:山东大学.
【建议】1."王五.文本纠错算法研究[D].济南:山东大学。
 → 位置2：✅ → "
 → 位置25：. → 。 → 缺少年份（应为4位数字，如2023）
2026-04-27 14:56:57,507 - INFO -   位置6：✅ → "（置信度 0.983）
2026-04-27 14:56:57,509 - INFO -   参考文献：【原文】2.✅赵六.智能校对系统设计[D].XX大学,2022.
【建议】2."赵六.智能校对系统设计[D].XX大学,2022。
 → 位置2：✅ → "
 → 位置27：. → 。 → 缺少编号，应为 [n] 格式（如 [1]、[2]）
2026-04-27 14:56:57,509 - INFO -   位置6：✅ → "（置信度 0.954）
2026-04-27 14:56:57,509 - INFO -   参考文献：【原文】3.✅钱七.图表编号自动检测研究[D].XX本科院校,2023.
【建议】3."钱七.图表编号自动检测研究[D].XX本科院校,2023。
 → 位置2：✅ → "
 → 位置31：. → 。 → 缺少编号，应为 [n] 格式（如 [1]、[2]）
2026-04-27 14:56:57,509 - INFO -   参考文献：【原文】3.✅钱七.图表编号自动检测研究[D].XX本科院校,2023.
【建议】3."钱七.图表编号自动检测研究[D].XX本科院校,2023。
 → 位置2：✅ → "
 → 位置31：. → 。 → 学位论文缺少培养单位（如XX大学、XX研究院）
2026-04-27 14:56:57,509 - INFO -   位置6：✅ → "（置信度 0.998）
2026-04-27 14:56:57,509 - INFO -   位置46：. → -（置信度 0.943）
2026-04-27 14:56:57,509 - INFO -   参考文献：【原文】4.✅孙八.NLP与CV融合技术研究[D].XX大学,2023.
【建议】4."孙八.NLP与CV融合技术研究[D].XX大学,2023。
 → 位置2：✅ → "
 → 位置31：. → 。 → 缺少编号，应为 [n] 格式（如 [1]、[2]）
2026-04-27 14:56:57,509 - INFO -   位置6：✅ → "（置信度 0.998）
2026-04-27 14:56:57,509 - INFO -   参考文献：【原文】5.✅周九.学术格式自动校验研究[D].XX大学,2023.
【建议】5."周九.学术格式自动校验研究[D].XX大学,2023。
 → 位置2：✅ → "
 → 位置29：. → 。 → 缺少编号，应为 [n] 格式（如 [1]、[2]）
2026-04-27 14:56:57,509 - INFO -   位置30：( → （（置信度 0.999）
2026-04-27 14:56:57,509 - INFO -   位置33：) → ）（置信度 0.999）
2026-04-27 14:56:57,509 - INFO -   位置53：[ → -（置信度 0.907）
2026-04-27 14:56:57,509 - INFO -   位置93：( → （（置信度 0.954）
2026-04-27 14:56:57,509 - INFO -   位置107：) → ）（置信度 0.979）
2026-04-27 14:56:57,509 - INFO -   参考文献：【原文】报纸示例：✅作者.文章题名[N].报纸名称,出版日期(版次).
【建议】报纸示例："作者.文章题名[N].报纸名称,出版日期（版次）。
 → 位置5：✅ → "
 → 位置26：( → （
 → 位置29：) → ）
 → 位置30：. → 。 → 缺少编号，应为 [n] 格式（如 [1]、[2]）
2026-04-27 14:56:57,509 - INFO -   参考文献：【原文】报纸示例：✅作者.文章题名[N].报纸名称,出版日期(版次).
【建议】报纸示例："作者.文章题名[N].报纸名称,出版日期（版次）。
 → 位置5：✅ → "
 → 位置26：( → （
 → 位置29：) → ）
 → 位置30：. → 。 → 缺少年份（应为4位数字，如2023）
2026-04-27 14:56:57,509 - INFO -   位置9：✅ → "（置信度 0.948）
2026-04-27 14:56:57,509 - INFO -   位置60：. → 们（置信度 0.921）
2026-04-27 14:56:57,509 - INFO -   参考文献：【原文】会议示例：✅作者.论文题名[C]//会议名称.会议地点:出版单位,出版年份:起止页码.
【建议】会议示例："作者.论文题名[C]//会议名称.会议地点:出版单位,出版年份:起止页码。
 → 位置5：✅ → "
 → 位置42：. → 。 → 缺少编号，应为 [n] 格式（如 [1]、[2]）
2026-04-27 14:56:57,509 - INFO -   参考文献：【原文】会议示例：✅作者.论文题名[C]//会议名称.会议地点:出版单位,出版年份:起止页码.
【建议】会议示例："作者.论文题名[C]//会议名称.会议地点:出版单位,出版年份:起止页码。
 → 位置5：✅ → "
 → 位置42：. → 。 → 缺少年份（应为4位数字，如2023）
2026-04-27 14:56:57,511 - INFO - ============================================================
2026-04-27 14:56:57,511 - INFO - 
🎉 检测完成！结果已保存到: test_files/articles_error_result.docx
2026-04-27 20:14:24,988 - INFO - 使用设备: cpu
2026-04-27 20:14:24,989 - INFO - [INFO] 加载模型中... (模式: dual)
2026-04-27 20:14:24,989 - INFO - [INFO] 加载双模型: macbert4mdcspell_v3 + pycorrector
2026-04-27 20:14:25,232 - INFO - [OK] 模型加载完成
2026-04-27 20:14:25,232 - INFO - 📄 读取文件: d:\check_teset\test_files\articles_error.docx
2026-04-27 20:14:25,269 - INFO - ✅ 读取成功，共 104 段
2026-04-27 20:14:25,269 - INFO - 📝 开始文本纠错...
2026-04-27 20:15:14,869 - INFO - ✅ 文本纠错完成，发现 96 个错别字
2026-04-27 20:15:14,882 - INFO - 🔍 开始语法检测...
2026-04-27 20:15:14,945 - INFO - ✅ 语法检测完成，发现 5 个语法问题，0 个语义问题
2026-04-27 20:15:14,945 - INFO - 📊 处理表格...
2026-04-27 20:15:14,950 - INFO - ✅ 表格处理完成
2026-04-27 20:15:14,950 - INFO - 🖼 处理文档内图片...
2026-04-27 20:15:14,961 - INFO - 📸 提取到 1 张图片
2026-04-27 20:15:14,972 - WARNING - Using CPU. Note: This module is much faster with a GPU.
2026-04-27 20:15:20,266 - INFO - ✅ 图片OCR处理完成
2026-04-27 20:15:20,266 - INFO - 🔢 检测图片编号...
2026-04-27 20:15:20,306 - INFO - ✅ 图片编号检测完成，发现 0 个问题
2026-04-27 20:15:20,307 - INFO - 📋 检测表格编号...
2026-04-27 20:15:20,307 - INFO - ✅ 表格编号检测完成，发现 0 个问题
2026-04-27 20:15:20,307 - INFO - 📚 检测参考文献...
2026-04-27 20:15:20,350 - INFO - 发现 95 条参考文献
2026-04-27 20:16:19,622 - INFO - ✅ 参考文献检测完成，发现 368 个问题
2026-04-27 20:16:19,622 - INFO - 💾 保存结果到: d:\check_teset\output\articles_result.docx
2026-04-27 20:16:19,667 - INFO - ✅ 文件保存成功
2026-04-27 20:16:19,668 - INFO - 
============================================================
2026-04-27 20:16:19,668 - INFO - 📊 智能检测报告
2026-04-27 20:16:19,668 - INFO - ============================================================
2026-04-27 20:16:19,668 - INFO - 错别字: 167
2026-04-27 20:16:19,668 - INFO - 参考文献错误: 368
2026-04-27 20:16:19,668 - INFO - 总错误: 535
2026-04-27 20:16:19,668 - INFO - 
📄 错误详情：
2026-04-27 20:16:19,668 - INFO -   位置63：期 → 积（置信度 1.0）
2026-04-27 20:16:19,673 - INFO -   位置37：( → （（置信度 0.999）
2026-04-27 20:16:19,673 - INFO -   位置0：✅ → "（置信度 0.978）
2026-04-27 20:16:19,673 - INFO -   位置53：( → （（置信度 1.0）
2026-04-27 20:16:19,673 - INFO -   位置0：📌 → "（置信度 1.0）
2026-04-27 20:16:19,673 - INFO -   位置0：✅ → "（置信度 1.0）
2026-04-27 20:16:19,673 - INFO -   位置0：📌 → "（置信度 1.0）
2026-04-27 20:16:19,673 - INFO -   位置0：✅ → "（置信度 1.0）
2026-04-27 20:16:19,673 - INFO -   位置0：📌 → "（置信度 1.0）
2026-04-27 20:16:19,673 - INFO -   位置0：✅ → "（置信度 1.0）
2026-04-27 20:16:19,674 - INFO -   位置0：📌 → "（置信度 1.0）
2026-04-27 20:16:19,674 - INFO -   位置36：( → （（置信度 0.999）
2026-04-27 20:16:19,674 - INFO -   位置0：✅ → "（置信度 0.998）
2026-04-27 20:16:19,674 - INFO -   位置52：( → （（置信度 1.0）
2026-04-27 20:16:19,674 - INFO -   位置0：📌 → "（置信度 1.0）
2026-04-27 20:16:19,674 - INFO -   位置27：隔 → 割（置信度 0.914）
2026-04-27 20:16:19,674 - INFO -   位置0：✅ → "（置信度 0.99）
2026-04-27 20:16:19,674 - INFO -   位置53：( → （（置信度 1.0）
2026-04-27 20:16:19,674 - INFO -   位置0：📌 → "（置信度 1.0）
2026-04-27 20:16:19,674 - INFO -   位置9：期 → 积（置信度 1.0）
2026-04-27 20:16:19,674 - INFO -   位置0：✅ → "（置信度 1.0）
2026-04-27 20:16:19,674 - INFO -   位置0：📌 → "（置信度 1.0）
2026-04-27 20:16:19,674 - INFO -   位置0：✅ → "（置信度 1.0）
2026-04-27 20:16:19,674 - INFO -   位置0：📌 → "（置信度 1.0）
2026-04-27 20:16:19,674 - INFO -   位置0：✅ → "（置信度 0.999）
2026-04-27 20:16:19,674 - INFO -   位置0：📌 → "（置信度 1.0）
2026-04-27 20:16:19,674 - INFO -   位置0：✅ → "（置信度 0.999）
2026-04-27 20:16:19,674 - INFO -   位置0：📌 → "（置信度 1.0）
2026-04-27 20:16:19,674 - INFO -   位置0：✅ → "（置信度 1.0）
2026-04-27 20:16:19,674 - INFO -   位置0：📌 → "（置信度 1.0）
2026-04-27 20:16:19,674 - INFO -   位置0：✅ → "（置信度 1.0）
2026-04-27 20:16:19,674 - INFO -   位置0：📌 → "（置信度 1.0）
2026-04-27 20:16:19,674 - INFO -   位置0：✅ → "（置信度 1.0）
2026-04-27 20:16:19,674 - INFO -   位置0：📌 → "（置信度 1.0）
2026-04-27 20:16:19,674 - INFO -   位置31：地 → 的（置信度 0.99）
2026-04-27 20:16:19,674 - INFO -   位置0：✅ → "（置信度 0.999）
2026-04-27 20:16:19,674 - INFO -   位置0：📌 → "（置信度 1.0）
2026-04-27 20:16:19,674 - INFO -   位置0：✅ → "（置信度 0.999）
2026-04-27 20:16:19,674 - INFO -   位置0：📌 → "（置信度 1.0）
2026-04-27 20:16:19,674 - INFO -   位置0：✅ → "（置信度 0.999）
2026-04-27 20:16:19,674 - INFO -   位置0：📌 → "（置信度 1.0）
2026-04-27 20:16:19,674 - INFO -   位置0：✅ → "（置信度 0.999）
2026-04-27 20:16:19,674 - INFO -   位置0：📌 → "（置信度 1.0）
2026-04-27 20:16:19,674 - INFO -   位置0：✅ → "（置信度 0.999）
2026-04-27 20:16:19,674 - INFO -   位置43：. → 。（置信度 0.995）
2026-04-27 20:16:19,674 - INFO -   位置0：📌 → "（置信度 1.0）
2026-04-27 20:16:19,678 - INFO -   位置0：✅ → "（置信度 1.0）
2026-04-27 20:16:19,678 - INFO -   位置46：. → 。（置信度 0.999）
2026-04-27 20:16:19,678 - INFO -   位置0：📌 → "（置信度 1.0）
2026-04-27 20:16:19,678 - INFO -   位置0：✅ → "（置信度 0.999）
2026-04-27 20:16:19,678 - INFO -   位置49：. → 。（置信度 0.996）
2026-04-27 20:16:19,678 - INFO -   位置0：📌 → "（置信度 1.0）
2026-04-27 20:16:19,678 - INFO -   位置0：✅ → "（置信度 0.999）
2026-04-27 20:16:19,678 - INFO -   位置42：. → 。（置信度 0.998）
2026-04-27 20:16:19,678 - INFO -   位置0：📌 → "（置信度 1.0）
2026-04-27 20:16:19,678 - INFO -   位置0：✅ → "（置信度 0.998）
2026-04-27 20:16:19,678 - INFO -   位置48：. → 。（置信度 0.998）
2026-04-27 20:16:19,678 - INFO -   位置0：📌 → "（置信度 1.0）
2026-04-27 20:16:19,679 - INFO -   位置52：( → （（置信度 0.987）
2026-04-27 20:16:19,679 - INFO -   位置56：) → ）（置信度 0.936）
2026-04-27 20:16:19,679 - INFO -   位置57：. → 。（置信度 1.0）
2026-04-27 20:16:19,679 - INFO -   位置0：📌 → "（置信度 1.0）
2026-04-27 20:16:19,679 - INFO -   位置0：✅ → "（置信度 0.921）
2026-04-27 20:16:19,679 - INFO -   位置52：( → （（置信度 0.994）
2026-04-27 20:16:19,679 - INFO -   位置56：) → ）（置信度 0.973）
2026-04-27 20:16:19,679 - INFO -   位置57：. → 。（置信度 1.0）
2026-04-27 20:16:19,679 - INFO -   位置0：📌 → "（置信度 1.0）
2026-04-27 20:16:19,681 - INFO -   位置52：( → （（置信度 0.987）
2026-04-27 20:16:19,681 - INFO -   位置56：) → ）（置信度 0.963）
2026-04-27 20:16:19,681 - INFO -   位置57：. → 。（置信度 1.0）
2026-04-27 20:16:19,681 - INFO -   位置0：📌 → "（置信度 1.0）
2026-04-27 20:16:19,681 - INFO -   位置0：✅ → "（置信度 0.928）
2026-04-27 20:16:19,681 - INFO -   位置54：( → （（置信度 0.988）
2026-04-27 20:16:19,681 - INFO -   位置58：) → ）（置信度 0.93）
2026-04-27 20:16:19,681 - INFO -   位置59：. → 。（置信度 1.0）
2026-04-27 20:16:19,681 - INFO -   位置0：📌 → "（置信度 1.0）
2026-04-27 20:16:19,681 - INFO -   位置0：✅ → "（置信度 0.918）
2026-04-27 20:16:19,681 - INFO -   位置55：( → （（置信度 0.987）
2026-04-27 20:16:19,683 - INFO -   位置59：) → ）（置信度 0.941）
2026-04-27 20:16:19,683 - INFO -   位置60：. → 。（置信度 1.0）
2026-04-27 20:16:19,683 - INFO -   位置0：📌 → "（置信度 1.0）
2026-04-27 20:16:19,683 - INFO -   位置0：✅ → "（置信度 0.998）
2026-04-27 20:16:19,683 - INFO -   位置65：. → 。（置信度 1.0）
2026-04-27 20:16:19,683 - INFO -   位置0：📌 → "（置信度 1.0）
2026-04-27 20:16:19,683 - INFO -   位置0：✅ → "（置信度 0.995）
2026-04-27 20:16:19,683 - INFO -   位置63：. → 。（置信度 1.0）
2026-04-27 20:16:19,684 - INFO -   位置0：📌 → "（置信度 1.0）
2026-04-27 20:16:19,684 - INFO -   位置0：✅ → "（置信度 0.999）
2026-04-27 20:16:19,684 - INFO -   位置64：. → 。（置信度 1.0）
2026-04-27 20:16:19,684 - INFO -   位置0：📌 → "（置信度 1.0）
2026-04-27 20:16:19,684 - INFO -   位置0：✅ → "（置信度 0.999）
2026-04-27 20:16:19,684 - INFO -   位置62：. → 。（置信度 0.999）
2026-04-27 20:16:19,684 - INFO -   位置0：📌 → "（置信度 1.0）
2026-04-27 20:16:19,684 - INFO -   位置0：✅ → "（置信度 1.0）
2026-04-27 20:16:19,684 - INFO -   位置63：. → 。（置信度 1.0）
2026-04-27 20:16:19,684 - INFO -   位置0：📌 → "（置信度 1.0）
2026-04-27 20:16:19,684 - INFO -   位置57：( → （（置信度 0.995）
2026-04-27 20:16:19,684 - INFO -   位置59：) → ）（置信度 0.998）
2026-04-27 20:16:19,684 - INFO -   位置126：) → ）（置信度 0.963）
2026-04-27 20:16:19,684 - INFO -   位置155：( → （（置信度 0.989）
2026-04-27 20:16:19,684 - INFO -   参考文献：【原文】✅ GB/T 7714国标正确格式：张三. 自然语言处理技术研究[J]. 计算机工程与应用,2023,45(6):12-18
【建议】" GB/T 7714国标正确格式：张三. 自然语言处理技术研究[J]. 计算机工程与应用,2023,45（6):12-18
 → 位置0：✅ → "
 → 位置53：( → （ → 缺少编号，应为 [n] 格式（如 [1]、[2]）
2026-04-27 20:16:19,684 - INFO -   参考文献：【原文】✅ GB/T 7714国标正确格式：张三. 自然语言处理技术研究[J]. 计算机工程与应用,2023,45(6):12-18
【建议】" GB/T 7714国标正确格式：张三. 自然语言处理技术研究[J]. 计算机工程与应用,2023,45（6):12-18
 → 位置0：✅ → "
 → 位置53：( → （ → 作者与文献题名顺序颠倒，应改为：作者.标题[类型]
2026-04-27 20:16:19,684 - INFO -   参考文献：【原文】✅ GB/T 7714国标正确格式：张三. 自然语言处理技术研究[J]. 计算机工程与应用,2023,45(6):12-18
【建议】" GB/T 7714国标正确格式：张三. 自然语言处理技术研究[J]. 计算机工程与应用,2023,45（6):12-18
 → 位置0：✅ → "
 → 位置53：( → （ → 作者后缺少句号分隔符（应为：作者.标题）
2026-04-27 20:16:19,684 - INFO -   位置4：📌 → "（置信度 0.999）
2026-04-27 20:16:19,684 - INFO -   位置125：📌 → 。（置信度 0.956）
2026-04-27 20:16:19,684 - INFO -   位置127：→ → 。（置信度 0.962）
2026-04-27 20:16:19,684 - INFO -   参考文献：【原文】📌 格式违规点：未标注期刊文献必备标识[J]、作者与文献题名顺序颠倒、字段分隔使用全角逗号不符合国标标点规范
【建议】" 格式违规点：未标注期刊文献必备标识[J]、作者与文献题名顺序颠倒、字段分隔使用全校逗号不符合国标标点规范
 → 位置0：📌 → " → 缺少编号，应为 [n] 格式（如 [1]、[2]）
2026-04-27 20:16:19,688 - INFO -   参考文献：【原文】📌 格式违规点：未标注期刊文献必备标识[J]、作者与文献题名顺序颠倒、字段分隔使用全角逗号不符合国标标点规范
【建议】" 格式违规点：未标注期刊文献必备标识[J]、作者与文献题名顺序颠倒、字段分隔使用全校逗号不符合国标标点规范
 → 位置0：📌 → " → 期刊文章缺少出版年份信息
2026-04-27 20:16:19,688 - INFO -   参考文献：2、错误原文：文本纠错算法研究进展，李四，计算机科学 → 缺少文献类型标识（如[J]期刊、[M]专著、[D]学位论文、[R]报告、[N]报纸、[C]会议论文）
2026-04-27 20:16:19,688 - INFO -   参考文献：2、错误原文：文本纠错算法研究进展，李四，计算机科学 → 作者与文献题名顺序颠倒，应改为：作者.标题[类型]
2026-04-27 20:16:19,688 - INFO -   参考文献：2、错误原文：文本纠错算法研究进展，李四，计算机科学 → 作者后缺少句号分隔符（应为：作者.标题）
2026-04-27 20:16:19,688 - INFO -   参考文献：2、错误原文：文本纠错算法研究进展，李四，计算机科学 → 期刊文章缺少出版年份信息
2026-04-27 20:16:19,688 - INFO -   参考文献：2、错误原文：文本纠错算法研究进展，李四，计算机科学 → 字段分隔使用全角逗号，建议使用半角逗号（英文逗号）
2026-04-27 20:16:19,688 - INFO -   参考文献：【原文】✅ GB/T 7714国标正确格式：李四. 文本纠错算法研究进展[J]. 计算机科学
【建议】" GB/T 7714国标正确格式：李四. 文本纠错算法研究进展[J]. 计算机科学
 → 位置0：✅ → " → 缺少编号，应为 [n] 格式（如 [1]、[2]）
2026-04-27 20:16:19,688 - INFO -   参考文献：【原文】✅ GB/T 7714国标正确格式：李四. 文本纠错算法研究进展[J]. 计算机科学
【建议】" GB/T 7714国标正确格式：李四. 文本纠错算法研究进展[J]. 计算机科学
 → 位置0：✅ → " → 期刊文章缺少出版年份信息
2026-04-27 20:16:19,688 - INFO -   位置4：📌 → "（置信度 1.0）
2026-04-27 20:16:19,688 - INFO -   参考文献：【原文】📌 格式违规点：缺失期刊文献类型标识[J]，缺少出版年份、卷号、期号、正文起止页码等国标必填核心字段
【建议】" 格式违规点：缺失期刊文献类型标识[J]，缺少出版年份、卷号、期号、正文起止页码等国标必填核心字段
 → 位置0：📌 → " → 缺少编号，应为 [n] 格式（如 [1]、[2]）
2026-04-27 20:16:19,688 - INFO -   参考文献：【原文】📌 格式违规点：缺失期刊文献类型标识[J]，缺少出版年份、卷号、期号、正文起止页码等国标必填核心字段
【建议】" 格式违规点：缺失期刊文献类型标识[J]，缺少出版年份、卷号、期号、正文起止页码等国标必填核心字段
 → 位置0：📌 → " → 作者与文献题名顺序颠倒，应改为：作者.标题[类型]
2026-04-27 20:16:19,688 - INFO -   参考文献：【原文】📌 格式违规点：缺失期刊文献类型标识[J]，缺少出版年份、卷号、期号、正文起止页码等国标必填核心字段
【建议】" 格式违规点：缺失期刊文献类型标识[J]，缺少出版年份、卷号、期号、正文起止页码等国标必填核心字段
 → 位置0：📌 → " → 期刊文章缺少出版年份信息
2026-04-27 20:16:19,688 - INFO -   参考文献：【原文】📌 格式违规点：缺失期刊文献类型标识[J]，缺少出版年份、卷号、期号、正文起止页码等国标必填核心字段
【建议】" 格式违规点：缺失期刊文献类型标识[J]，缺少出版年份、卷号、期号、正文起止页码等国标必填核心字段
 → 位置0：📌 → " → 字段分隔使用全角逗号，建议使用半角逗号（英文逗号）
2026-04-27 20:16:19,688 - INFO -   参考文献：3、错误原文：深度学习模型优化研究，王五，信息技术，2022 → 缺少文献类型标识（如[J]期刊、[M]专著、[D]学位论文、[R]报告、[N]报纸、[C]会议论文）
2026-04-27 20:16:19,688 - INFO -   参考文献：3、错误原文：深度学习模型优化研究，王五，信息技术，2022 → 作者与文献题名顺序颠倒，应改为：作者.标题[类型]
2026-04-27 20:16:19,688 - INFO -   参考文献：3、错误原文：深度学习模型优化研究，王五，信息技术，2022 → 作者后缺少句号分隔符（应为：作者.标题）
2026-04-27 20:16:19,690 - INFO -   参考文献：3、错误原文：深度学习模型优化研究，王五，信息技术，2022 → 字段分隔使用全角逗号，建议使用半角逗号（英文逗号）
2026-04-27 20:16:19,690 - INFO -   位置96：, → ci（置信度 0.911）
2026-04-27 20:16:19,690 - INFO -   参考文献：【原文】✅ GB/T 7714国标正确格式：王五. 深度学习模型优化研究[J]. 信息技术,2022
【建议】" GB/T 7714国标正确格式：王五. 深度学习模型优化研究[J]. 信息技术,2022
 → 位置0：✅ → " → 缺少编号，应为 [n] 格式（如 [1]、[2]）
2026-04-27 20:16:19,690 - INFO -   位置4：📌 → "（置信度 1.0）
2026-04-27 20:16:19,690 - INFO -   参考文献：【原文】📌 格式违规点：无期刊文献专属标识[J]，仅标注出版年份，缺失卷号、期号、论文起止关键页码信息
【建议】" 格式违规点：无期刊文献专属标识[J]，仅标注出版年份，缺失卷号、期号、论文起止关键页码信息
 → 位置0：📌 → " → 缺少编号，应为 [n] 格式（如 [1]、[2]）
2026-04-27 20:16:19,690 - INFO -   参考文献：【原文】📌 格式违规点：无期刊文献专属标识[J]，仅标注出版年份，缺失卷号、期号、论文起止关键页码信息
【建议】" 格式违规点：无期刊文献专属标识[J]，仅标注出版年份，缺失卷号、期号、论文起止关键页码信息
 → 位置0：📌 → " → 作者与文献题名顺序颠倒，应改为：作者.标题[类型]
2026-04-27 20:16:19,690 - INFO -   参考文献：【原文】📌 格式违规点：无期刊文献专属标识[J]，仅标注出版年份，缺失卷号、期号、论文起止关键页码信息
【建议】" 格式违规点：无期刊文献专属标识[J]，仅标注出版年份，缺失卷号、期号、论文起止关键页码信息
 → 位置0：📌 → " → 期刊文章缺少出版年份信息
2026-04-27 20:16:19,690 - INFO -   参考文献：【原文】📌 格式违规点：无期刊文献专属标识[J]，仅标注出版年份，缺失卷号、期号、论文起止关键页码信息
【建议】" 格式违规点：无期刊文献专属标识[J]，仅标注出版年份，缺失卷号、期号、论文起止关键页码信息
 → 位置0：📌 → " → 字段分隔使用全角逗号，建议使用半角逗号（英文逗号）
2026-04-27 20:16:19,690 - INFO -   参考文献：4、错误原文：智能校对系统设计与实现，赵六，软件导刊，2021，30 → 缺少文献类型标识（如[J]期刊、[M]专著、[D]学位论文、[R]报告、[N]报纸、[C]会议论文）
2026-04-27 20:16:19,690 - INFO -   参考文献：4、错误原文：智能校对系统设计与实现，赵六，软件导刊，2021，30 → 作者与文献题名顺序颠倒，应改为：作者.标题[类型]
2026-04-27 20:16:19,690 - INFO -   参考文献：4、错误原文：智能校对系统设计与实现，赵六，软件导刊，2021，30 → 作者后缺少句号分隔符（应为：作者.标题）
2026-04-27 20:16:19,690 - INFO -   参考文献：4、错误原文：智能校对系统设计与实现，赵六，软件导刊，2021，30 → 期刊文章有卷号无期号，建议补充期号（格式：卷号(期号)）
2026-04-27 20:16:19,690 - INFO -   参考文献：4、错误原文：智能校对系统设计与实现，赵六，软件导刊，2021，30 → 字段分隔使用全角逗号，建议使用半角逗号（英文逗号）
2026-04-27 20:16:19,692 - INFO -   参考文献：【原文】✅ GB/T 7714国标正确格式：赵六. 智能校对系统设计与实现[J]. 软件导刊,2021,30
【建议】" GB/T 7714国标正确格式：赵六. 智能校对系统设计与实现[J]. 软件导刊,2021,30
 → 位置0：✅ → " → 缺少编号，应为 [n] 格式（如 [1]、[2]）
2026-04-27 20:16:19,692 - INFO -   参考文献：【原文】✅ GB/T 7714国标正确格式：赵六. 智能校对系统设计与实现[J]. 软件导刊,2021,30
【建议】" GB/T 7714国标正确格式：赵六. 智能校对系统设计与实现[J]. 软件导刊,2021,30
 → 位置0：✅ → " → 作者与文献题名顺序颠倒，应改为：作者.标题[类型]
2026-04-27 20:16:19,692 - INFO -   参考文献：【原文】✅ GB/T 7714国标正确格式：赵六. 智能校对系统设计与实现[J]. 软件导刊,2021,30
【建议】" GB/T 7714国标正确格式：赵六. 智能校对系统设计与实现[J]. 软件导刊,2021,30
 → 位置0：✅ → " → 作者后缺少句号分隔符（应为：作者.标题）
2026-04-27 20:16:19,692 - INFO -   位置4：📌 → "（置信度 0.999）
2026-04-27 20:16:19,692 - INFO -   参考文献：【原文】📌 格式违规点：未添加国标要求[J]文献标识，仅填写期刊卷号，缺失期号和论文参考文献必备页码内容
【建议】" 格式违规点：未添加国标要求[J]文献标识，仅填写期刊卷号，缺失期号和论文参考文献必备页码内容
 → 位置0：📌 → " → 缺少编号，应为 [n] 格式（如 [1]、[2]）
2026-04-27 20:16:19,692 - INFO -   参考文献：【原文】📌 格式违规点：未添加国标要求[J]文献标识，仅填写期刊卷号，缺失期号和论文参考文献必备页码内容
【建议】" 格式违规点：未添加国标要求[J]文献标识，仅填写期刊卷号，缺失期号和论文参考文献必备页码内容
 → 位置0：📌 → " → 作者与文献题名顺序颠倒，应改为：作者.标题[类型]
2026-04-27 20:16:19,692 - INFO -   参考文献：【原文】📌 格式违规点：未添加国标要求[J]文献标识，仅填写期刊卷号，缺失期号和论文参考文献必备页码内容
【建议】" 格式违规点：未添加国标要求[J]文献标识，仅填写期刊卷号，缺失期号和论文参考文献必备页码内容
 → 位置0：📌 → " → 期刊文章缺少出版年份信息
2026-04-27 20:16:19,692 - INFO -   参考文献：【原文】📌 格式违规点：未添加国标要求[J]文献标识，仅填写期刊卷号，缺失期号和论文参考文献必备页码内容
【建议】" 格式违规点：未添加国标要求[J]文献标识，仅填写期刊卷号，缺失期号和论文参考文献必备页码内容
 → 位置0：📌 → " → 字段分隔使用全角逗号，建议使用半角逗号（英文逗号）
2026-04-27 20:16:19,694 - INFO -   位置56：( → （（置信度 1.0）
2026-04-27 20:16:19,694 - INFO -   位置58：) → ）（置信度 0.991）
2026-04-27 20:16:19,694 - INFO -   位置127：✅ → 和（置信度 0.999）
2026-04-27 20:16:19,694 - INFO -   位置141：( → （（置信度 0.999）
2026-04-27 20:16:19,694 - INFO -   参考文献：【原文】✅ GB/T 7714国标正确格式：钱七. NLP文本检测技术分析[J]. 数字技术与应用,2020,2(5)
【建议】" GB/T 7714国标正确格式：钱七. NLP文本检测技术分析[J]. 数字技术与应用,2020,2（5)
 → 位置0：✅ → "
 → 位置52：( → （ → 缺少编号，应为 [n] 格式（如 [1]、[2]）
2026-04-27 20:16:19,694 - INFO -   参考文献：【原文】✅ GB/T 7714国标正确格式：钱七. NLP文本检测技术分析[J]. 数字技术与应用,2020,2(5)
【建议】" GB/T 7714国标正确格式：钱七. NLP文本检测技术分析[J]. 数字技术与应用,2020,2（5)
 → 位置0：✅ → "
 → 位置52：( → （ → 作者与文献题名顺序颠倒，应改为：作者.标题[类型]
2026-04-27 20:16:19,694 - INFO -   参考文献：【原文】✅ GB/T 7714国标正确格式：钱七. NLP文本检测技术分析[J]. 数字技术与应用,2020,2(5)
【建议】" GB/T 7714国标正确格式：钱七. NLP文本检测技术分析[J]. 数字技术与应用,2020,2（5)
 → 位置0：✅ → "
 → 位置52：( → （ → 作者后缺少句号分隔符（应为：作者.标题）
2026-04-27 20:16:19,694 - INFO -   位置4：📌 → "（置信度 0.986）
2026-04-27 20:16:19,694 - INFO -   参考文献：【原文】📌 格式违规点：缺少期刊文献法定标识[J]，全文字段分隔标点混用全角符号，不符合GB/T 7714标点排版规范
【建议】" 格式违规点：缺少期刊文献法定标识[J]，全文字段分割标点混用全角符号，不符合GB/T 7714标点排版规范
 → 位置0：📌 → "
 → 位置27：隔 → 割 → 缺少编号，应为 [n] 格式（如 [1]、[2]）
2026-04-27 20:16:19,694 - INFO -   参考文献：【原文】📌 格式违规点：缺少期刊文献法定标识[J]，全文字段分隔标点混用全角符号，不符合GB/T 7714标点排版规范
【建议】" 格式违规点：缺少期刊文献法定标识[J]，全文字段分割标点混用全角符号，不符合GB/T 7714标点排版规范
 → 位置0：📌 → "
 → 位置27：隔 → 割 → 作者与文献题名顺序颠倒，应改为：作者.标题[类型]
2026-04-27 20:16:19,694 - INFO -   参考文献：【原文】📌 格式违规点：缺少期刊文献法定标识[J]，全文字段分隔标点混用全角符号，不符合GB/T 7714标点排版规范
【建议】" 格式违规点：缺少期刊文献法定标识[J]，全文字段分割标点混用全角符号，不符合GB/T 7714标点排版规范
 → 位置0：📌 → "
 → 位置27：隔 → 割 → 期刊文章缺少出版年份信息
2026-04-27 20:16:19,696 - INFO -   参考文献：【原文】📌 格式违规点：缺少期刊文献法定标识[J]，全文字段分隔标点混用全角符号，不符合GB/T 7714标点排版规范
【建议】" 格式违规点：缺少期刊文献法定标识[J]，全文字段分割标点混用全角符号，不符合GB/T 7714标点排版规范
 → 位置0：📌 → "
 → 位置27：隔 → 割 → 字段分隔使用全角逗号，建议使用半角逗号（英文逗号）
2026-04-27 20:16:19,696 - INFO -   参考文献：6、错误原文：计算机视觉图表识别研究，孙八，电脑知识与技术，2023，10:20-25 → 缺少文献类型标识（如[J]期刊、[M]专著、[D]学位论文、[R]报告、[N]报纸、[C]会议论文）
2026-04-27 20:16:19,696 - INFO -   参考文献：6、错误原文：计算机视觉图表识别研究，孙八，电脑知识与技术，2023，10:20-25 → 作者与文献题名顺序颠倒，应改为：作者.标题[类型]
2026-04-27 20:16:19,696 - INFO -   参考文献：6、错误原文：计算机视觉图表识别研究，孙八，电脑知识与技术，2023，10:20-25 → 作者后缺少句号分隔符（应为：作者.标题）
2026-04-27 20:16:19,697 - INFO -   参考文献：6、错误原文：计算机视觉图表识别研究，孙八，电脑知识与技术，2023，10:20-25 → 字段分隔使用全角逗号，建议使用半角逗号（英文逗号）
2026-04-27 20:16:19,697 - INFO -   位置57：( → （（置信度 0.998）
2026-04-27 20:16:19,697 - INFO -   位置59：) → ）（置信度 0.983）
2026-04-27 20:16:19,698 - INFO -   位置141：✅ → 和（置信度 0.93）
2026-04-27 20:16:19,698 - INFO -   位置155：( → （（置信度 0.979）
2026-04-27 20:16:19,699 - INFO -   参考文献：【原文】✅ GB/T 7714国标正确格式：孙八. 计算机视觉图表识别研究[J]. 电脑知识与技术,2023,10(5):20-25
【建议】" GB/T 7714国标正确格式：孙八. 计算机视觉图表识别研究[J]. 电脑知识与技术,2023,10（5):20-25
 → 位置0：✅ → "
 → 位置53：( → （ → 缺少编号，应为 [n] 格式（如 [1]、[2]）
2026-04-27 20:16:19,699 - INFO -   参考文献：【原文】✅ GB/T 7714国标正确格式：孙八. 计算机视觉图表识别研究[J]. 电脑知识与技术,2023,10(5):20-25
【建议】" GB/T 7714国标正确格式：孙八. 计算机视觉图表识别研究[J]. 电脑知识与技术,2023,10（5):20-25
 → 位置0：✅ → "
 → 位置53：( → （ → 作者与文献题名顺序颠倒，应改为：作者.标题[类型]
2026-04-27 20:16:19,699 - INFO -   参考文献：【原文】✅ GB/T 7714国标正确格式：孙八. 计算机视觉图表识别研究[J]. 电脑知识与技术,2023,10(5):20-25
【建议】" GB/T 7714国标正确格式：孙八. 计算机视觉图表识别研究[J]. 电脑知识与技术,2023,10（5):20-25
 → 位置0：✅ → "
 → 位置53：( → （ → 作者后缺少句号分隔符（应为：作者.标题）
2026-04-27 20:16:19,699 - INFO -   参考文献：7、错误原文：学术排版规范研究，周九，教育现代化 → 缺少文献类型标识（如[J]期刊、[M]专著、[D]学位论文、[R]报告、[N]报纸、[C]会议论文）
2026-04-27 20:16:19,699 - INFO -   参考文献：7、错误原文：学术排版规范研究，周九，教育现代化 → 作者与文献题名顺序颠倒，应改为：作者.标题[类型]
2026-04-27 20:16:19,699 - INFO -   参考文献：7、错误原文：学术排版规范研究，周九，教育现代化 → 作者后缺少句号分隔符（应为：作者.标题）
2026-04-27 20:16:19,699 - INFO -   参考文献：7、错误原文：学术排版规范研究，周九，教育现代化 → 期刊文章缺少出版年份信息
2026-04-27 20:16:19,699 - INFO -   参考文献：7、错误原文：学术排版规范研究，周九，教育现代化 → 字段分隔使用全角逗号，建议使用半角逗号（英文逗号）
2026-04-27 20:16:19,699 - INFO -   参考文献：【原文】✅ GB/T 7714国标正确格式：周九. 学术排版规范研究[J]. 教育现代化
【建议】" GB/T 7714国标正确格式：周九. 学术排版规范研究[J]. 教育现代化
 → 位置0：✅ → " → 缺少编号，应为 [n] 格式（如 [1]、[2]）
2026-04-27 20:16:19,699 - INFO -   参考文献：【原文】✅ GB/T 7714国标正确格式：周九. 学术排版规范研究[J]. 教育现代化
【建议】" GB/T 7714国标正确格式：周九. 学术排版规范研究[J]. 教育现代化
 → 位置0：✅ → " → 期刊文章缺少出版年份信息
2026-04-27 20:16:19,699 - INFO -   位置4：📌 → "（置信度 0.999）
2026-04-27 20:16:19,699 - INFO -   位置115：📌 → "（置信度 0.961）
2026-04-27 20:16:19,699 - INFO -   参考文献：【原文】📌 格式违规点：缺失期刊文献核心标识[J]，未填写出版年份、卷次、期次及论文页码，关键信息严重缺失
【建议】" 格式违规点：缺失期刊文献核心标识[J]，未填写出版年份、捐资、集资及论文页码，关键信息严重缺失
 → 位置0：📌 → " → 缺少编号，应为 [n] 格式（如 [1]、[2]）
2026-04-27 20:16:19,699 - INFO -   参考文献：【原文】📌 格式违规点：缺失期刊文献核心标识[J]，未填写出版年份、卷次、期次及论文页码，关键信息严重缺失
【建议】" 格式违规点：缺失期刊文献核心标识[J]，未填写出版年份、捐资、集资及论文页码，关键信息严重缺失
 → 位置0：📌 → " → 作者与文献题名顺序颠倒，应改为：作者.标题[类型]
2026-04-27 20:16:19,699 - INFO -   参考文献：【原文】📌 格式违规点：缺失期刊文献核心标识[J]，未填写出版年份、卷次、期次及论文页码，关键信息严重缺失
【建议】" 格式违规点：缺失期刊文献核心标识[J]，未填写出版年份、捐资、集资及论文页码，关键信息严重缺失
 → 位置0：📌 → " → 期刊文章缺少出版年份信息
2026-04-27 20:16:19,699 - INFO -   参考文献：【原文】📌 格式违规点：缺失期刊文献核心标识[J]，未填写出版年份、卷次、期次及论文页码，关键信息严重缺失
【建议】" 格式违规点：缺失期刊文献核心标识[J]，未填写出版年份、捐资、集资及论文页码，关键信息严重缺失
 → 位置0：📌 → " → 字段分隔使用全角逗号，建议使用半角逗号（英文逗号）
2026-04-27 20:16:19,699 - INFO -   参考文献：1、错误原文：深度学习理论与实战，李四，北京机械工业出版社 → 缺少文献类型标识（如[J]期刊、[M]专著、[D]学位论文、[R]报告、[N]报纸、[C]会议论文）
2026-04-27 20:16:19,699 - INFO -   参考文献：1、错误原文：深度学习理论与实战，李四，北京机械工业出版社 → 作者与文献题名顺序颠倒，应改为：作者.标题[类型]
2026-04-27 20:16:19,699 - INFO -   参考文献：1、错误原文：深度学习理论与实战，李四，北京机械工业出版社 → 作者后缺少句号分隔符（应为：作者.标题）
2026-04-27 20:16:19,699 - INFO -   参考文献：1、错误原文：深度学习理论与实战，李四，北京机械工业出版社 → 专著缺少出版年份信息
2026-04-27 20:16:19,699 - INFO -   参考文献：1、错误原文：深度学习理论与实战，李四，北京机械工业出版社 → 字段分隔使用全角逗号，建议使用半角逗号（英文逗号）
2026-04-27 20:16:19,702 - INFO -   参考文献：【原文】✅ GB/T 7714国标正确格式：李四. 深度学习理论与实战[M]. 北京:机械工业出版社
【建议】" GB/T 7714国标正确格式：李四. 深度学习理论与实战[M]. 北京:机械工业出版社
 → 位置0：✅ → " → 缺少编号，应为 [n] 格式（如 [1]、[2]）
2026-04-27 20:16:19,702 - INFO -   参考文献：【原文】✅ GB/T 7714国标正确格式：李四. 深度学习理论与实战[M]. 北京:机械工业出版社
【建议】" GB/T 7714国标正确格式：李四. 深度学习理论与实战[M]. 北京:机械工业出版社
 → 位置0：✅ → " → 专著缺少出版地信息
2026-04-27 20:16:19,702 - INFO -   参考文献：【原文】✅ GB/T 7714国标正确格式：李四. 深度学习理论与实战[M]. 北京:机械工业出版社
【建议】" GB/T 7714国标正确格式：李四. 深度学习理论与实战[M]. 北京:机械工业出版社
 → 位置0：✅ → " → 专著缺少出版年份信息
2026-04-27 20:16:19,702 - INFO -   位置4：📌 → "（置信度 1.0）
2026-04-27 20:16:19,702 - INFO -   参考文献：【原文】📌 格式违规点：未标注图书专著必备标识[M]，出版地与出版社之间未按国标用冒号分隔，缺失图书出版年份
【建议】" 格式违规点：未标注图书专著必备标识[M]，出版地与出版社之间未按国标用冒号分隔，缺失图书出版年份
 → 位置0：📌 → " → 缺少编号，应为 [n] 格式（如 [1]、[2]）
2026-04-27 20:16:19,702 - INFO -   参考文献：【原文】📌 格式违规点：未标注图书专著必备标识[M]，出版地与出版社之间未按国标用冒号分隔，缺失图书出版年份
【建议】" 格式违规点：未标注图书专著必备标识[M]，出版地与出版社之间未按国标用冒号分隔，缺失图书出版年份
 → 位置0：📌 → " → 作者与文献题名顺序颠倒，应改为：作者.标题[类型]
2026-04-27 20:16:19,702 - INFO -   参考文献：【原文】📌 格式违规点：未标注图书专著必备标识[M]，出版地与出版社之间未按国标用冒号分隔，缺失图书出版年份
【建议】" 格式违规点：未标注图书专著必备标识[M]，出版地与出版社之间未按国标用冒号分隔，缺失图书出版年份
 → 位置0：📌 → " → 专著缺少出版地信息
2026-04-27 20:16:19,702 - INFO -   参考文献：【原文】📌 格式违规点：未标注图书专著必备标识[M]，出版地与出版社之间未按国标用冒号分隔，缺失图书出版年份
【建议】" 格式违规点：未标注图书专著必备标识[M]，出版地与出版社之间未按国标用冒号分隔，缺失图书出版年份
 → 位置0：📌 → " → 专著缺少出版年份信息
2026-04-27 20:16:19,702 - INFO -   参考文献：【原文】📌 格式违规点：未标注图书专著必备标识[M]，出版地与出版社之间未按国标用冒号分隔，缺失图书出版年份
【建议】" 格式违规点：未标注图书专著必备标识[M]，出版地与出版社之间未按国标用冒号分隔，缺失图书出版年份
 → 位置0：📌 → " → 字段分隔使用全角逗号，建议使用半角逗号（英文逗号）
2026-04-27 20:16:19,702 - INFO -   参考文献：2、错误原文：自然语言处理基础教程，王五，清华大学出版社 → 缺少文献类型标识（如[J]期刊、[M]专著、[D]学位论文、[R]报告、[N]报纸、[C]会议论文）
2026-04-27 20:16:19,702 - INFO -   参考文献：2、错误原文：自然语言处理基础教程，王五，清华大学出版社 → 作者与文献题名顺序颠倒，应改为：作者.标题[类型]
2026-04-27 20:16:19,702 - INFO -   参考文献：2、错误原文：自然语言处理基础教程，王五，清华大学出版社 → 作者后缺少句号分隔符（应为：作者.标题）
2026-04-27 20:16:19,702 - INFO -   参考文献：2、错误原文：自然语言处理基础教程，王五，清华大学出版社 → 专著缺少出版年份信息
2026-04-27 20:16:19,702 - INFO -   参考文献：2、错误原文：自然语言处理基础教程，王五，清华大学出版社 → 字段分隔使用全角逗号，建议使用半角逗号（英文逗号）
2026-04-27 20:16:19,702 - INFO -   参考文献：【原文】✅ GB/T 7714国标正确格式：王五. 自然语言处理基础教程[M]. 北京:清华大学出版社
【建议】" GB/T 7714国标正确格式：王五. 自然语言处理基础教程[M]. 北京:清华大学出版社
 → 位置0：✅ → " → 缺少编号，应为 [n] 格式（如 [1]、[2]）
2026-04-27 20:16:19,702 - INFO -   参考文献：【原文】✅ GB/T 7714国标正确格式：王五. 自然语言处理基础教程[M]. 北京:清华大学出版社
【建议】" GB/T 7714国标正确格式：王五. 自然语言处理基础教程[M]. 北京:清华大学出版社
 → 位置0：✅ → " → 专著缺少出版年份信息
2026-04-27 20:16:19,704 - INFO -   位置4：📌 → "（置信度 1.0）
2026-04-27 20:16:19,704 - INFO -   参考文献：【原文】📌 格式违规点：缺少图书专著国标标识[M]，缺失出版地核心信息，未填写图书正式出版年份
【建议】" 格式违规点：缺少图书专著国标标识[M]，缺失出版地核心信息，未填写图书正式出版年份
 → 位置0：📌 → " → 缺少编号，应为 [n] 格式（如 [1]、[2]）
2026-04-27 20:16:19,704 - INFO -   参考文献：【原文】📌 格式违规点：缺少图书专著国标标识[M]，缺失出版地核心信息，未填写图书正式出版年份
【建议】" 格式违规点：缺少图书专著国标标识[M]，缺失出版地核心信息，未填写图书正式出版年份
 → 位置0：📌 → " → 作者与文献题名顺序颠倒，应改为：作者.标题[类型]
2026-04-27 20:16:19,704 - INFO -   参考文献：【原文】📌 格式违规点：缺少图书专著国标标识[M]，缺失出版地核心信息，未填写图书正式出版年份
【建议】" 格式违规点：缺少图书专著国标标识[M]，缺失出版地核心信息，未填写图书正式出版年份
 → 位置0：📌 → " → 专著缺少出版社信息（格式：出版地:出版社）
2026-04-27 20:16:19,704 - INFO -   参考文献：【原文】📌 格式违规点：缺少图书专著国标标识[M]，缺失出版地核心信息，未填写图书正式出版年份
【建议】" 格式违规点：缺少图书专著国标标识[M]，缺失出版地核心信息，未填写图书正式出版年份
 → 位置0：📌 → " → 专著缺少出版年份信息
2026-04-27 20:16:19,704 - INFO -   参考文献：【原文】📌 格式违规点：缺少图书专著国标标识[M]，缺失出版地核心信息，未填写图书正式出版年份
【建议】" 格式违规点：缺少图书专著国标标识[M]，缺失出版地核心信息，未填写图书正式出版年份
 → 位置0：📌 → " → 字段分隔使用全角逗号，建议使用半角逗号（英文逗号）
2026-04-27 20:16:19,704 - INFO -   参考文献：3、错误原文：计算机视觉技术手册，赵六，上海出版社2022 → 缺少文献类型标识（如[J]期刊、[M]专著、[D]学位论文、[R]报告、[N]报纸、[C]会议论文）
2026-04-27 20:16:19,704 - INFO -   参考文献：3、错误原文：计算机视觉技术手册，赵六，上海出版社2022 → 作者与文献题名顺序颠倒，应改为：作者.标题[类型]
2026-04-27 20:16:19,704 - INFO -   参考文献：3、错误原文：计算机视觉技术手册，赵六，上海出版社2022 → 作者后缺少句号分隔符（应为：作者.标题）
2026-04-27 20:16:19,704 - INFO -   参考文献：3、错误原文：计算机视觉技术手册，赵六，上海出版社2022 → 字段分隔使用全角逗号，建议使用半角逗号（英文逗号）
2026-04-27 20:16:19,704 - INFO -   参考文献：【原文】✅ GB/T 7714国标正确格式：赵六. 计算机视觉技术手册[M]. 上海:出版社,2022
【建议】" GB/T 7714国标正确格式：赵六. 计算机视觉技术手册[M]. 上海:出版社,2022
 → 位置0：✅ → " → 缺少编号，应为 [n] 格式（如 [1]、[2]）
2026-04-27 20:16:19,704 - INFO -   参考文献：【原文】✅ GB/T 7714国标正确格式：赵六. 计算机视觉技术手册[M]. 上海:出版社,2022
【建议】" GB/T 7714国标正确格式：赵六. 计算机视觉技术手册[M]. 上海:出版社,2022
 → 位置0：✅ → " → 专著缺少出版社信息（格式：出版地:出版社）
2026-04-27 20:16:19,704 - INFO -   位置4：📌 → "（置信度 1.0）
2026-04-27 20:16:19,704 - INFO -   参考文献：【原文】📌 格式违规点：无图书专属标识[M]，出版社与出版年份之间未用国标逗号分隔，出版信息排版顺序混乱
【建议】" 格式违规点：于图书专属标识[M]，出版社与出版年份之间未用国标逗号分隔，出版信息排版顺序混乱
 → 位置0：📌 → " → 缺少编号，应为 [n] 格式（如 [1]、[2]）
2026-04-27 20:16:19,704 - INFO -   参考文献：【原文】📌 格式违规点：无图书专属标识[M]，出版社与出版年份之间未用国标逗号分隔，出版信息排版顺序混乱
【建议】" 格式违规点：于图书专属标识[M]，出版社与出版年份之间未用国标逗号分隔，出版信息排版顺序混乱
 → 位置0：📌 → " → 作者与文献题名顺序颠倒，应改为：作者.标题[类型]
2026-04-27 20:16:19,707 - INFO -   参考文献：【原文】📌 格式违规点：无图书专属标识[M]，出版社与出版年份之间未用国标逗号分隔，出版信息排版顺序混乱
【建议】" 格式违规点：于图书专属标识[M]，出版社与出版年份之间未用国标逗号分隔，出版信息排版顺序混乱
 → 位置0：📌 → " → 专著缺少出版社信息（格式：出版地:出版社）
2026-04-27 20:16:19,707 - INFO -   参考文献：【原文】📌 格式违规点：无图书专属标识[M]，出版社与出版年份之间未用国标逗号分隔，出版信息排版顺序混乱
【建议】" 格式违规点：于图书专属标识[M]，出版社与出版年份之间未用国标逗号分隔，出版信息排版顺序混乱
 → 位置0：📌 → " → 专著缺少出版年份信息
2026-04-27 20:16:19,707 - INFO -   参考文献：【原文】📌 格式违规点：无图书专属标识[M]，出版社与出版年份之间未用国标逗号分隔，出版信息排版顺序混乱
【建议】" 格式违规点：于图书专属标识[M]，出版社与出版年份之间未用国标逗号分隔，出版信息排版顺序混乱
 → 位置0：📌 → " → 字段分隔使用全角逗号，建议使用半角逗号（英文逗号）
2026-04-27 20:16:19,707 - INFO -   参考文献：4、错误原文：学术论文写作规范指南，钱七，教育出版社 → 缺少文献类型标识（如[J]期刊、[M]专著、[D]学位论文、[R]报告、[N]报纸、[C]会议论文）
2026-04-27 20:16:19,707 - INFO -   参考文献：4、错误原文：学术论文写作规范指南，钱七，教育出版社 → 作者与文献题名顺序颠倒，应改为：作者.标题[类型]
2026-04-27 20:16:19,707 - INFO -   参考文献：4、错误原文：学术论文写作规范指南，钱七，教育出版社 → 作者后缺少句号分隔符（应为：作者.标题）
2026-04-27 20:16:19,707 - INFO -   参考文献：4、错误原文：学术论文写作规范指南，钱七，教育出版社 → 专著缺少出版地信息
2026-04-27 20:16:19,707 - INFO -   参考文献：4、错误原文：学术论文写作规范指南，钱七，教育出版社 → 专著缺少出版年份信息
2026-04-27 20:16:19,707 - INFO -   参考文献：4、错误原文：学术论文写作规范指南，钱七，教育出版社 → 字段分隔使用全角逗号，建议使用半角逗号（英文逗号）
2026-04-27 20:16:19,707 - INFO -   参考文献：【原文】✅ GB/T 7714国标正确格式：钱七. 学术论文写作规范指南[M]. 北京:教育出版社
【建议】" GB/T 7714国标正确格式：钱七. 学术论文写作规范指南[M]. 北京:教育出版社
 → 位置0：✅ → " → 缺少编号，应为 [n] 格式（如 [1]、[2]）
2026-04-27 20:16:19,707 - INFO -   参考文献：【原文】✅ GB/T 7714国标正确格式：钱七. 学术论文写作规范指南[M]. 北京:教育出版社
【建议】" GB/T 7714国标正确格式：钱七. 学术论文写作规范指南[M]. 北京:教育出版社
 → 位置0：✅ → " → 专著缺少出版地信息
2026-04-27 20:16:19,707 - INFO -   参考文献：【原文】✅ GB/T 7714国标正确格式：钱七. 学术论文写作规范指南[M]. 北京:教育出版社
【建议】" GB/T 7714国标正确格式：钱七. 学术论文写作规范指南[M]. 北京:教育出版社
 → 位置0：✅ → " → 专著缺少出版年份信息
2026-04-27 20:16:19,707 - INFO -   位置4：📌 → "（置信度 0.999）
2026-04-27 20:16:19,707 - INFO -   参考文献：【原文】📌 格式违规点：未添加图书专著标识[M]，缺失出版地必填信息，无图书出版年份，核心字段残缺
【建议】" 格式违规点：未添加图书专著标识[M]，缺失出版地必填信息，无图书出版年份，核心字段残缺
 → 位置0：📌 → " → 缺少编号，应为 [n] 格式（如 [1]、[2]）
2026-04-27 20:16:19,707 - INFO -   参考文献：【原文】📌 格式违规点：未添加图书专著标识[M]，缺失出版地必填信息，无图书出版年份，核心字段残缺
【建议】" 格式违规点：未添加图书专著标识[M]，缺失出版地必填信息，无图书出版年份，核心字段残缺
 → 位置0：📌 → " → 作者与文献题名顺序颠倒，应改为：作者.标题[类型]
2026-04-27 20:16:19,709 - INFO -   参考文献：【原文】📌 格式违规点：未添加图书专著标识[M]，缺失出版地必填信息，无图书出版年份，核心字段残缺
【建议】" 格式违规点：未添加图书专著标识[M]，缺失出版地必填信息，无图书出版年份，核心字段残缺
 → 位置0：📌 → " → 专著缺少出版社信息（格式：出版地:出版社）
2026-04-27 20:16:19,709 - INFO -   参考文献：【原文】📌 格式违规点：未添加图书专著标识[M]，缺失出版地必填信息，无图书出版年份，核心字段残缺
【建议】" 格式违规点：未添加图书专著标识[M]，缺失出版地必填信息，无图书出版年份，核心字段残缺
 → 位置0：📌 → " → 专著缺少出版年份信息
2026-04-27 20:16:19,709 - INFO -   参考文献：【原文】📌 格式违规点：未添加图书专著标识[M]，缺失出版地必填信息，无图书出版年份，核心字段残缺
【建议】" 格式违规点：未添加图书专著标识[M]，缺失出版地必填信息，无图书出版年份，核心字段残缺
 → 位置0：📌 → " → 字段分隔使用全角逗号，建议使用半角逗号（英文逗号）
2026-04-27 20:16:19,709 - INFO -   参考文献：5、错误原文：人工智能应用实践，孙八，科学出版社2023，北京 → 缺少文献类型标识（如[J]期刊、[M]专著、[D]学位论文、[R]报告、[N]报纸、[C]会议论文）
2026-04-27 20:16:19,709 - INFO -   参考文献：5、错误原文：人工智能应用实践，孙八，科学出版社2023，北京 → 作者与文献题名顺序颠倒，应改为：作者.标题[类型]
2026-04-27 20:16:19,709 - INFO -   参考文献：5、错误原文：人工智能应用实践，孙八，科学出版社2023，北京 → 作者后缺少句号分隔符（应为：作者.标题）
2026-04-27 20:16:19,709 - INFO -   参考文献：5、错误原文：人工智能应用实践，孙八，科学出版社2023，北京 → 字段分隔使用全角逗号，建议使用半角逗号（英文逗号）
2026-04-27 20:16:19,709 - INFO -   参考文献：【原文】✅ GB/T 7714国标正确格式：孙八. 人工智能应用实践[M]. 北京:科学出版社,2023
【建议】" GB/T 7714国标正确格式：孙八. 人工智能应用实践[M]. 北京:科学出版社,2023
 → 位置0：✅ → " → 缺少编号，应为 [n] 格式（如 [1]、[2]）
2026-04-27 20:16:19,709 - INFO -   参考文献：【原文】✅ GB/T 7714国标正确格式：孙八. 人工智能应用实践[M]. 北京:科学出版社,2023
【建议】" GB/T 7714国标正确格式：孙八. 人工智能应用实践[M]. 北京:科学出版社,2023
 → 位置0：✅ → " → 专著缺少出版地信息
2026-04-27 20:16:19,709 - INFO -   位置4：📌 → "（置信度 1.0）
2026-04-27 20:16:19,709 - INFO -   参考文献：【原文】📌 格式违规点：缺失图书国标标识[M]，出版地与出版社信息顺序颠倒，字段分隔标点使用错误
【建议】" 格式违规点：缺失图书国标标识[M]，出版地与出版社信息顺序颠倒，字段分隔标点使用错误
 → 位置0：📌 → " → 缺少编号，应为 [n] 格式（如 [1]、[2]）
2026-04-27 20:16:19,709 - INFO -   参考文献：【原文】📌 格式违规点：缺失图书国标标识[M]，出版地与出版社信息顺序颠倒，字段分隔标点使用错误
【建议】" 格式违规点：缺失图书国标标识[M]，出版地与出版社信息顺序颠倒，字段分隔标点使用错误
 → 位置0：📌 → " → 作者与文献题名顺序颠倒，应改为：作者.标题[类型]
2026-04-27 20:16:19,709 - INFO -   参考文献：【原文】📌 格式违规点：缺失图书国标标识[M]，出版地与出版社信息顺序颠倒，字段分隔标点使用错误
【建议】" 格式违规点：缺失图书国标标识[M]，出版地与出版社信息顺序颠倒，字段分隔标点使用错误
 → 位置0：📌 → " → 专著缺少出版地信息
2026-04-27 20:16:19,709 - INFO -   参考文献：【原文】📌 格式违规点：缺失图书国标标识[M]，出版地与出版社信息顺序颠倒，字段分隔标点使用错误
【建议】" 格式违规点：缺失图书国标标识[M]，出版地与出版社信息顺序颠倒，字段分隔标点使用错误
 → 位置0：📌 → " → 专著缺少出版年份信息
2026-04-27 20:16:19,709 - INFO -   参考文献：【原文】📌 格式违规点：缺失图书国标标识[M]，出版地与出版社信息顺序颠倒，字段分隔标点使用错误
【建议】" 格式违规点：缺失图书国标标识[M]，出版地与出版社信息顺序颠倒，字段分隔标点使用错误
 → 位置0：📌 → " → 字段分隔使用全角逗号，建议使用半角逗号（英文逗号）
2026-04-27 20:16:19,709 - INFO -   参考文献：1、错误原文：王五.文本纠错算法研究，山东大学 → 缺少文献类型标识（如[J]期刊、[M]专著、[D]学位论文、[R]报告、[N]报纸、[C]会议论文）
2026-04-27 20:16:19,709 - INFO -   参考文献：1、错误原文：王五.文本纠错算法研究，山东大学 → 学位论文缺少论文答辩毕业年份
2026-04-27 20:16:19,709 - INFO -   参考文献：1、错误原文：王五.文本纠错算法研究，山东大学 → 字段分隔使用全角逗号，建议使用半角逗号（英文逗号）
2026-04-27 20:16:19,709 - INFO -   参考文献：【原文】✅ GB/T 7714国标正确格式：王五. 文本纠错算法研究[D]. 济南:山东大学
【建议】" GB/T 7714国标正确格式：王五. 文本纠错算法研究[D]. 济南:山东大学
 → 位置0：✅ → " → 缺少编号，应为 [n] 格式（如 [1]、[2]）
2026-04-27 20:16:19,709 - INFO -   参考文献：【原文】✅ GB/T 7714国标正确格式：王五. 文本纠错算法研究[D]. 济南:山东大学
【建议】" GB/T 7714国标正确格式：王五. 文本纠错算法研究[D]. 济南:山东大学
 → 位置0：✅ → " → 学位论文缺少论文答辩毕业年份
2026-04-27 20:16:19,709 - INFO -   位置4：📌 → "（置信度 0.989）
2026-04-27 20:16:19,709 - INFO -   位置35：地 → 的（置信度 0.997）
2026-04-27 20:16:19,709 - INFO -   参考文献：【原文】📌 格式违规点：未标注学位论文专属标识[D]，缺失培养单位所在地信息，未填写论文答辩毕业年份
【建议】" 格式违规点：未标注学位论文专属标识[D]，缺失培养单位所在的信息，未填写论文答辩毕业年份
 → 位置0：📌 → "
 → 位置31：地 → 的 → 缺少编号，应为 [n] 格式（如 [1]、[2]）
2026-04-27 20:16:19,709 - INFO -   参考文献：【原文】📌 格式违规点：未标注学位论文专属标识[D]，缺失培养单位所在地信息，未填写论文答辩毕业年份
【建议】" 格式违规点：未标注学位论文专属标识[D]，缺失培养单位所在的信息，未填写论文答辩毕业年份
 → 位置0：📌 → "
 → 位置31：地 → 的 → 作者与文献题名顺序颠倒，应改为：作者.标题[类型]
2026-04-27 20:16:19,709 - INFO -   参考文献：【原文】📌 格式违规点：未标注学位论文专属标识[D]，缺失培养单位所在地信息，未填写论文答辩毕业年份
【建议】" 格式违规点：未标注学位论文专属标识[D]，缺失培养单位所在的信息，未填写论文答辩毕业年份
 → 位置0：📌 → "
 → 位置31：地 → 的 → 学位论文缺少培养单位（如XX大学、XX研究院）
2026-04-27 20:16:19,709 - INFO -   参考文献：【原文】📌 格式违规点：未标注学位论文专属标识[D]，缺失培养单位所在地信息，未填写论文答辩毕业年份
【建议】" 格式违规点：未标注学位论文专属标识[D]，缺失培养单位所在的信息，未填写论文答辩毕业年份
 → 位置0：📌 → "
 → 位置31：地 → 的 → 学位论文缺少论文答辩毕业年份
2026-04-27 20:16:19,712 - INFO -   参考文献：【原文】📌 格式违规点：未标注学位论文专属标识[D]，缺失培养单位所在地信息，未填写论文答辩毕业年份
【建议】" 格式违规点：未标注学位论文专属标识[D]，缺失培养单位所在的信息，未填写论文答辩毕业年份
 → 位置0：📌 → "
 → 位置31：地 → 的 → 字段分隔使用全角逗号，建议使用半角逗号（英文逗号）
2026-04-27 20:16:19,712 - INFO -   参考文献：2、错误原文：赵六.智能校对系统设计，计算机学院2022 → 缺少文献类型标识（如[J]期刊、[M]专著、[D]学位论文、[R]报告、[N]报纸、[C]会议论文）
2026-04-27 20:16:19,712 - INFO -   参考文献：2、错误原文：赵六.智能校对系统设计，计算机学院2022 → 学位论文缺少培养单位所在地信息
2026-04-27 20:16:19,712 - INFO -   参考文献：2、错误原文：赵六.智能校对系统设计，计算机学院2022 → 字段分隔使用全角逗号，建议使用半角逗号（英文逗号）
2026-04-27 20:16:19,712 - INFO -   参考文献：【原文】✅ GB/T 7714国标正确格式：赵六. 智能校对系统设计[D]. XX:XX大学计算机学院,2022
【建议】" GB/T 7714国标正确格式：赵六. 智能校对系统设计[D]. XX:XX大学计算机学院,2022
 → 位置0：✅ → " → 缺少编号，应为 [n] 格式（如 [1]、[2]）
2026-04-27 20:16:19,712 - INFO -   参考文献：【原文】✅ GB/T 7714国标正确格式：赵六. 智能校对系统设计[D]. XX:XX大学计算机学院,2022
【建议】" GB/T 7714国标正确格式：赵六. 智能校对系统设计[D]. XX:XX大学计算机学院,2022
 → 位置0：✅ → " → 学位论文缺少培养单位所在地信息
2026-04-27 20:16:19,712 - INFO -   位置4：📌 → "（置信度 0.996）
2026-04-27 20:16:19,712 - INFO -   参考文献：【原文】📌 格式违规点：缺少学位论文国标标识[D]，培养单位信息残缺不全，整体排版格式不符合学位论文参考文献规范
【建议】" 格式违规点：缺少学位论文国标标识[D]，培养单位信息残缺不全，整体排版格式不符合学位论文参考文献规范
 → 位置0：📌 → " → 缺少编号，应为 [n] 格式（如 [1]、[2]）
2026-04-27 20:16:19,712 - INFO -   参考文献：【原文】📌 格式违规点：缺少学位论文国标标识[D]，培养单位信息残缺不全，整体排版格式不符合学位论文参考文献规范
【建议】" 格式违规点：缺少学位论文国标标识[D]，培养单位信息残缺不全，整体排版格式不符合学位论文参考文献规范
 → 位置0：📌 → " → 作者与文献题名顺序颠倒，应改为：作者.标题[类型]
2026-04-27 20:16:19,712 - INFO -   参考文献：【原文】📌 格式违规点：缺少学位论文国标标识[D]，培养单位信息残缺不全，整体排版格式不符合学位论文参考文献规范
【建议】" 格式违规点：缺少学位论文国标标识[D]，培养单位信息残缺不全，整体排版格式不符合学位论文参考文献规范
 → 位置0：📌 → " → 学位论文缺少培养单位（如XX大学、XX研究院）
2026-04-27 20:16:19,712 - INFO -   参考文献：【原文】📌 格式违规点：缺少学位论文国标标识[D]，培养单位信息残缺不全，整体排版格式不符合学位论文参考文献规范
【建议】" 格式违规点：缺少学位论文国标标识[D]，培养单位信息残缺不全，整体排版格式不符合学位论文参考文献规范
 → 位置0：📌 → " → 学位论文缺少论文答辩毕业年份
2026-04-27 20:16:19,714 - INFO -   参考文献：【原文】📌 格式违规点：缺少学位论文国标标识[D]，培养单位信息残缺不全，整体排版格式不符合学位论文参考文献规范
【建议】" 格式违规点：缺少学位论文国标标识[D]，培养单位信息残缺不全，整体排版格式不符合学位论文参考文献规范
 → 位置0：📌 → " → 字段分隔使用全角逗号，建议使用半角逗号（英文逗号）
2026-04-27 20:16:19,714 - INFO -   参考文献：3、错误原文：钱七.图表编号自动检测研究，本科毕业论文 → 缺少文献类型标识（如[J]期刊、[M]专著、[D]学位论文、[R]报告、[N]报纸、[C]会议论文）
2026-04-27 20:16:19,714 - INFO -   参考文献：3、错误原文：钱七.图表编号自动检测研究，本科毕业论文 → 学位论文缺少培养单位（如XX大学、XX研究院）
2026-04-27 20:16:19,715 - INFO -   参考文献：3、错误原文：钱七.图表编号自动检测研究，本科毕业论文 → 学位论文缺少论文答辩毕业年份
2026-04-27 20:16:19,715 - INFO -   参考文献：3、错误原文：钱七.图表编号自动检测研究，本科毕业论文 → 字段分隔使用全角逗号，建议使用半角逗号（英文逗号）
2026-04-27 20:16:19,715 - INFO -   参考文献：【原文】✅ GB/T 7714国标正确格式：钱七. 图表编号自动检测研究[D]. XX:XX院校,XXXX
【建议】" GB/T 7714国标正确格式：钱七. 图表编号自动检测研究[D]. XX:XX院校,XXXX
 → 位置0：✅ → " → 缺少编号，应为 [n] 格式（如 [1]、[2]）
2026-04-27 20:16:19,715 - INFO -   参考文献：【原文】✅ GB/T 7714国标正确格式：钱七. 图表编号自动检测研究[D]. XX:XX院校,XXXX
【建议】" GB/T 7714国标正确格式：钱七. 图表编号自动检测研究[D]. XX:XX院校,XXXX
 → 位置0：✅ → " → 学位论文缺少培养单位（如XX大学、XX研究院）
2026-04-27 20:16:19,715 - INFO -   参考文献：【原文】✅ GB/T 7714国标正确格式：钱七. 图表编号自动检测研究[D]. XX:XX院校,XXXX
【建议】" GB/T 7714国标正确格式：钱七. 图表编号自动检测研究[D]. XX:XX院校,XXXX
 → 位置0：✅ → " → 学位论文缺少论文答辩毕业年份
2026-04-27 20:16:19,715 - INFO -   位置4：📌 → "（置信度 0.999）
2026-04-27 20:16:19,715 - INFO -   参考文献：【原文】📌 格式违规点：无学位论文必备标识[D]，缺失院校名称、所在地、毕业年份等所有核心必填字段
【建议】" 格式违规点：无学位论文必备标识[D]，缺失院校名称、所在地、毕业年份等所有核心必填字段
 → 位置0：📌 → " → 缺少编号，应为 [n] 格式（如 [1]、[2]）
2026-04-27 20:16:19,715 - INFO -   参考文献：【原文】📌 格式违规点：无学位论文必备标识[D]，缺失院校名称、所在地、毕业年份等所有核心必填字段
【建议】" 格式违规点：无学位论文必备标识[D]，缺失院校名称、所在地、毕业年份等所有核心必填字段
 → 位置0：📌 → " → 作者与文献题名顺序颠倒，应改为：作者.标题[类型]
2026-04-27 20:16:19,716 - INFO -   参考文献：【原文】📌 格式违规点：无学位论文必备标识[D]，缺失院校名称、所在地、毕业年份等所有核心必填字段
【建议】" 格式违规点：无学位论文必备标识[D]，缺失院校名称、所在地、毕业年份等所有核心必填字段
 → 位置0：📌 → " → 学位论文缺少培养单位（如XX大学、XX研究院）
2026-04-27 20:16:19,716 - INFO -   参考文献：【原文】📌 格式违规点：无学位论文必备标识[D]，缺失院校名称、所在地、毕业年份等所有核心必填字段
【建议】" 格式违规点：无学位论文必备标识[D]，缺失院校名称、所在地、毕业年份等所有核心必填字段
 → 位置0：📌 → " → 学位论文缺少论文答辩毕业年份
2026-04-27 20:16:19,716 - INFO -   参考文献：【原文】📌 格式违规点：无学位论文必备标识[D]，缺失院校名称、所在地、毕业年份等所有核心必填字段
【建议】" 格式违规点：无学位论文必备标识[D]，缺失院校名称、所在地、毕业年份等所有核心必填字段
 → 位置0：📌 → " → 字段分隔使用全角逗号，建议使用半角逗号（英文逗号）
2026-04-27 20:16:19,716 - INFO -   参考文献：4、错误原文：孙八.NLP与CV融合技术研究，硕士论文 → 缺少文献类型标识（如[J]期刊、[M]专著、[D]学位论文、[R]报告、[N]报纸、[C]会议论文）
2026-04-27 20:16:19,716 - INFO -   参考文献：4、错误原文：孙八.NLP与CV融合技术研究，硕士论文 → 学位论文缺少培养单位（如XX大学、XX研究院）
2026-04-27 20:16:19,716 - INFO -   参考文献：4、错误原文：孙八.NLP与CV融合技术研究，硕士论文 → 学位论文缺少论文答辩毕业年份
2026-04-27 20:16:19,716 - INFO -   参考文献：4、错误原文：孙八.NLP与CV融合技术研究，硕士论文 → 字段分隔使用全角逗号，建议使用半角逗号（英文逗号）
2026-04-27 20:16:19,717 - INFO -   参考文献：【原文】✅ GB/T 7714国标正确格式：孙八. NLP与CV融合技术研究[D]. XX:XX院校,XXXX
【建议】" GB/T 7714国标正确格式：孙八. NLP与CV融合技术研究[D]. XX:XX院校,XXXX
 → 位置0：✅ → " → 缺少编号，应为 [n] 格式（如 [1]、[2]）
2026-04-27 20:16:19,717 - INFO -   参考文献：【原文】✅ GB/T 7714国标正确格式：孙八. NLP与CV融合技术研究[D]. XX:XX院校,XXXX
【建议】" GB/T 7714国标正确格式：孙八. NLP与CV融合技术研究[D]. XX:XX院校,XXXX
 → 位置0：✅ → " → 学位论文缺少培养单位（如XX大学、XX研究院）
2026-04-27 20:16:19,717 - INFO -   参考文献：【原文】✅ GB/T 7714国标正确格式：孙八. NLP与CV融合技术研究[D]. XX:XX院校,XXXX
【建议】" GB/T 7714国标正确格式：孙八. NLP与CV融合技术研究[D]. XX:XX院校,XXXX
 → 位置0：✅ → " → 学位论文缺少论文答辩毕业年份
2026-04-27 20:16:19,717 - INFO -   位置4：📌 → "（置信度 0.999）
2026-04-27 20:16:19,717 - INFO -   参考文献：【原文】📌 格式违规点：未添加学位论文国标标识[D]，缺失培养院校、所在地、毕业答辩年份关键信息
【建议】" 格式违规点：未添加学位论文国标标识[D]，缺失培养院校、所在地、毕业答辩年份关键信息
 → 位置0：📌 → " → 缺少编号，应为 [n] 格式（如 [1]、[2]）
2026-04-27 20:16:19,717 - INFO -   参考文献：【原文】📌 格式违规点：未添加学位论文国标标识[D]，缺失培养院校、所在地、毕业答辩年份关键信息
【建议】" 格式违规点：未添加学位论文国标标识[D]，缺失培养院校、所在地、毕业答辩年份关键信息
 → 位置0：📌 → " → 作者与文献题名顺序颠倒，应改为：作者.标题[类型]
2026-04-27 20:16:19,717 - INFO -   参考文献：【原文】📌 格式违规点：未添加学位论文国标标识[D]，缺失培养院校、所在地、毕业答辩年份关键信息
【建议】" 格式违规点：未添加学位论文国标标识[D]，缺失培养院校、所在地、毕业答辩年份关键信息
 → 位置0：📌 → " → 学位论文缺少培养单位（如XX大学、XX研究院）
2026-04-27 20:16:19,718 - INFO -   参考文献：【原文】📌 格式违规点：未添加学位论文国标标识[D]，缺失培养院校、所在地、毕业答辩年份关键信息
【建议】" 格式违规点：未添加学位论文国标标识[D]，缺失培养院校、所在地、毕业答辩年份关键信息
 → 位置0：📌 → " → 学位论文缺少论文答辩毕业年份
2026-04-27 20:16:19,718 - INFO -   参考文献：【原文】📌 格式违规点：未添加学位论文国标标识[D]，缺失培养院校、所在地、毕业答辩年份关键信息
【建议】" 格式违规点：未添加学位论文国标标识[D]，缺失培养院校、所在地、毕业答辩年份关键信息
 → 位置0：📌 → " → 字段分隔使用全角逗号，建议使用半角逗号（英文逗号）
2026-04-27 20:16:19,718 - INFO -   参考文献：5、错误原文：周九.学术格式自动校验研究，2023大学 → 缺少文献类型标识（如[J]期刊、[M]专著、[D]学位论文、[R]报告、[N]报纸、[C]会议论文）
2026-04-27 20:16:19,718 - INFO -   参考文献：5、错误原文：周九.学术格式自动校验研究，2023大学 → 学位论文缺少培养单位（如XX大学、XX研究院）
2026-04-27 20:16:19,718 - INFO -   参考文献：5、错误原文：周九.学术格式自动校验研究，2023大学 → 字段分隔使用全角逗号，建议使用半角逗号（英文逗号）
2026-04-27 20:16:19,718 - INFO -   参考文献：【原文】✅ GB/T 7714国标正确格式：周九. 学术格式自动校验研究[D]. XX:XX大学,2023
【建议】" GB/T 7714国标正确格式：周九. 学术格式自动校验研究[D]. XX:XX大学,2023
 → 位置0：✅ → " → 缺少编号，应为 [n] 格式（如 [1]、[2]）
2026-04-27 20:16:19,718 - INFO -   参考文献：【原文】✅ GB/T 7714国标正确格式：周九. 学术格式自动校验研究[D]. XX:XX大学,2023
【建议】" GB/T 7714国标正确格式：周九. 学术格式自动校验研究[D]. XX:XX大学,2023
 → 位置0：✅ → " → 学位论文缺少培养单位（如XX大学、XX研究院）
2026-04-27 20:16:19,718 - INFO -   位置4：📌 → "（置信度 1.0）
2026-04-27 20:16:19,719 - INFO -   参考文献：【原文】📌 格式违规点：缺失学位论文专属标识[D]，院校名称与毕业年份语序错乱，表述格式不规范
【建议】" 格式违规点：缺失学位论文专属标识[D]，院校名称与毕业年份语序错乱，表述格式不规范
 → 位置0：📌 → " → 缺少编号，应为 [n] 格式（如 [1]、[2]）
2026-04-27 20:16:19,719 - INFO -   参考文献：【原文】📌 格式违规点：缺失学位论文专属标识[D]，院校名称与毕业年份语序错乱，表述格式不规范
【建议】" 格式违规点：缺失学位论文专属标识[D]，院校名称与毕业年份语序错乱，表述格式不规范
 → 位置0：📌 → " → 作者与文献题名顺序颠倒，应改为：作者.标题[类型]
2026-04-27 20:16:19,719 - INFO -   参考文献：【原文】📌 格式违规点：缺失学位论文专属标识[D]，院校名称与毕业年份语序错乱，表述格式不规范
【建议】" 格式违规点：缺失学位论文专属标识[D]，院校名称与毕业年份语序错乱，表述格式不规范
 → 位置0：📌 → " → 学位论文缺少培养单位（如XX大学、XX研究院）
2026-04-27 20:16:19,719 - INFO -   参考文献：【原文】📌 格式违规点：缺失学位论文专属标识[D]，院校名称与毕业年份语序错乱，表述格式不规范
【建议】" 格式违规点：缺失学位论文专属标识[D]，院校名称与毕业年份语序错乱，表述格式不规范
 → 位置0：📌 → " → 学位论文缺少论文答辩毕业年份
2026-04-27 20:16:19,719 - INFO -   参考文献：【原文】📌 格式违规点：缺失学位论文专属标识[D]，院校名称与毕业年份语序错乱，表述格式不规范
【建议】" 格式违规点：缺失学位论文专属标识[D]，院校名称与毕业年份语序错乱，表述格式不规范
 → 位置0：📌 → " → 字段分隔使用全角逗号，建议使用半角逗号（英文逗号）
2026-04-27 20:16:19,719 - INFO -   参考文献：1、错误原文：人工智能发展白皮书，百度研究院2024 → 缺少文献类型标识（如[J]期刊、[M]专著、[D]学位论文、[R]报告、[N]报纸、[C]会议论文）
2026-04-27 20:16:19,719 - INFO -   参考文献：1、错误原文：人工智能发展白皮书，百度研究院2024 → 作者与文献题名顺序颠倒，应改为：作者.标题[类型]
2026-04-27 20:16:19,719 - INFO -   参考文献：1、错误原文：人工智能发展白皮书，百度研究院2024 → 报告缺少编制机构信息
2026-04-27 20:16:19,719 - INFO -   参考文献：1、错误原文：人工智能发展白皮书，百度研究院2024 → 字段分隔使用全角逗号，建议使用半角逗号（英文逗号）
2026-04-27 20:16:19,719 - INFO -   位置38：[ → -（置信度 0.96）
2026-04-27 20:16:19,719 - INFO -   参考文献：【原文】✅ GB/T 7714国标正确格式：百度研究院. 人工智能发展白皮书[R]. 2024.
【建议】" GB/T 7714国标正确格式：百度研究院. 人工智能发展白皮书[R]. 2024。
 → 位置0：✅ → "
 → 位置43：. → 。 → 缺少编号，应为 [n] 格式（如 [1]、[2]）
2026-04-27 20:16:19,719 - INFO -   位置4：📌 → "（置信度 1.0）
2026-04-27 20:16:19,719 - INFO -   参考文献：【原文】📌 格式违规点：未标注报告文献标识[R]，编制机构与报告题名顺序颠倒，标点收尾不符合国标要求
【建议】" 格式违规点：未标注报告文献标识[R]，编制机构与报告题名顺序颠倒，标点收尾不符合国标要求
 → 位置0：📌 → " → 缺少编号，应为 [n] 格式（如 [1]、[2]）
2026-04-27 20:16:19,719 - INFO -   参考文献：【原文】📌 格式违规点：未标注报告文献标识[R]，编制机构与报告题名顺序颠倒，标点收尾不符合国标要求
【建议】" 格式违规点：未标注报告文献标识[R]，编制机构与报告题名顺序颠倒，标点收尾不符合国标要求
 → 位置0：📌 → " → 作者与文献题名顺序颠倒，应改为：作者.标题[类型]
2026-04-27 20:16:19,719 - INFO -   参考文献：【原文】📌 格式违规点：未标注报告文献标识[R]，编制机构与报告题名顺序颠倒，标点收尾不符合国标要求
【建议】" 格式违规点：未标注报告文献标识[R]，编制机构与报告题名顺序颠倒，标点收尾不符合国标要求
 → 位置0：📌 → " → 报告缺少发布年份信息
2026-04-27 20:16:19,720 - INFO -   参考文献：【原文】📌 格式违规点：未标注报告文献标识[R]，编制机构与报告题名顺序颠倒，标点收尾不符合国标要求
【建议】" 格式违规点：未标注报告文献标识[R]，编制机构与报告题名顺序颠倒，标点收尾不符合国标要求
 → 位置0：📌 → " → 报告缺少编制机构信息
2026-04-27 20:16:19,720 - INFO -   参考文献：【原文】📌 格式违规点：未标注报告文献标识[R]，编制机构与报告题名顺序颠倒，标点收尾不符合国标要求
【建议】" 格式违规点：未标注报告文献标识[R]，编制机构与报告题名顺序颠倒，标点收尾不符合国标要求
 → 位置0：📌 → " → 字段分隔使用全角逗号，建议使用半角逗号（英文逗号）
2026-04-27 20:16:19,720 - INFO -   参考文献：2、错误原文：大学生论文排版现状调查报告，教育部门 → 缺少文献类型标识（如[J]期刊、[M]专著、[D]学位论文、[R]报告、[N]报纸、[C]会议论文）
2026-04-27 20:16:19,720 - INFO -   参考文献：2、错误原文：大学生论文排版现状调查报告，教育部门 → 作者与文献题名顺序颠倒，应改为：作者.标题[类型]
2026-04-27 20:16:19,720 - INFO -   参考文献：2、错误原文：大学生论文排版现状调查报告，教育部门 → 作者后缺少句号分隔符（应为：作者.标题）
2026-04-27 20:16:19,720 - INFO -   参考文献：2、错误原文：大学生论文排版现状调查报告，教育部门 → 报告缺少发布年份信息
2026-04-27 20:16:19,720 - INFO -   参考文献：2、错误原文：大学生论文排版现状调查报告，教育部门 → 字段分隔使用全角逗号，建议使用半角逗号（英文逗号）
2026-04-27 20:16:19,720 - INFO -   参考文献：【原文】✅ GB/T 7714国标正确格式：教育部门. 大学生论文排版现状调查报告[R]. XXXX.
【建议】" GB/T 7714国标正确格式：教育部门. 大学生论文排版现状调查报告[R]. XXXX。
 → 位置0：✅ → "
 → 位置46：. → 。 → 缺少编号，应为 [n] 格式（如 [1]、[2]）
2026-04-27 20:16:19,720 - INFO -   参考文献：【原文】✅ GB/T 7714国标正确格式：教育部门. 大学生论文排版现状调查报告[R]. XXXX.
【建议】" GB/T 7714国标正确格式：教育部门. 大学生论文排版现状调查报告[R]. XXXX。
 → 位置0：✅ → "
 → 位置46：. → 。 → 报告缺少发布年份信息
2026-04-27 20:16:19,721 - INFO -   位置4：📌 → "（置信度 1.0）
2026-04-27 20:16:19,721 - INFO -   参考文献：【原文】📌 格式违规点：缺失报告类文献标识[R]，缺失发布年份、发布地点，核心归档信息不全
【建议】" 格式违规点：缺失报告类文献标识[R]，缺失发布年份、发布地点，核心归档信息不全
 → 位置0：📌 → " → 缺少编号，应为 [n] 格式（如 [1]、[2]）
2026-04-27 20:16:19,721 - INFO -   参考文献：【原文】📌 格式违规点：缺失报告类文献标识[R]，缺失发布年份、发布地点，核心归档信息不全
【建议】" 格式违规点：缺失报告类文献标识[R]，缺失发布年份、发布地点，核心归档信息不全
 → 位置0：📌 → " → 作者与文献题名顺序颠倒，应改为：作者.标题[类型]
2026-04-27 20:16:19,721 - INFO -   参考文献：【原文】📌 格式违规点：缺失报告类文献标识[R]，缺失发布年份、发布地点，核心归档信息不全
【建议】" 格式违规点：缺失报告类文献标识[R]，缺失发布年份、发布地点，核心归档信息不全
 → 位置0：📌 → " → 报告缺少发布年份信息
2026-04-27 20:16:19,721 - INFO -   参考文献：【原文】📌 格式违规点：缺失报告类文献标识[R]，缺失发布年份、发布地点，核心归档信息不全
【建议】" 格式违规点：缺失报告类文献标识[R]，缺失发布年份、发布地点，核心归档信息不全
 → 位置0：📌 → " → 报告缺少编制机构信息
2026-04-27 20:16:19,721 - INFO -   参考文献：【原文】📌 格式违规点：缺失报告类文献标识[R]，缺失发布年份、发布地点，核心归档信息不全
【建议】" 格式违规点：缺失报告类文献标识[R]，缺失发布年份、发布地点，核心归档信息不全
 → 位置0：📌 → " → 字段分隔使用全角逗号，建议使用半角逗号（英文逗号）
2026-04-27 20:16:19,721 - INFO -   参考文献：3、错误原文：NLP技术发展趋势报告，网络公开资料 → 缺少文献类型标识（如[J]期刊、[M]专著、[D]学位论文、[R]报告、[N]报纸、[C]会议论文）
2026-04-27 20:16:19,721 - INFO -   参考文献：3、错误原文：NLP技术发展趋势报告，网络公开资料 → 作者与文献题名顺序颠倒，应改为：作者.标题[类型]
2026-04-27 20:16:19,721 - INFO -   参考文献：3、错误原文：NLP技术发展趋势报告，网络公开资料 → 报告缺少发布年份信息
2026-04-27 20:16:19,721 - INFO -   参考文献：3、错误原文：NLP技术发展趋势报告，网络公开资料 → 报告缺少编制机构信息
2026-04-27 20:16:19,721 - INFO -   参考文献：3、错误原文：NLP技术发展趋势报告，网络公开资料 → 字段分隔使用全角逗号，建议使用半角逗号（英文逗号）
2026-04-27 20:16:19,721 - INFO -   参考文献：【原文】✅ GB/T 7714国标正确格式：网络公开资料编制组. NLP技术发展趋势报告[R]. XXXX.
【建议】" GB/T 7714国标正确格式：网络公开资料编制组. NLP技术发展趋势报告[R]. XXXX。
 → 位置0：✅ → "
 → 位置49：. → 。 → 缺少编号，应为 [n] 格式（如 [1]、[2]）
2026-04-27 20:16:19,721 - INFO -   参考文献：【原文】✅ GB/T 7714国标正确格式：网络公开资料编制组. NLP技术发展趋势报告[R]. XXXX.
【建议】" GB/T 7714国标正确格式：网络公开资料编制组. NLP技术发展趋势报告[R]. XXXX。
 → 位置0：✅ → "
 → 位置49：. → 。 → 报告缺少发布年份信息
2026-04-27 20:16:19,721 - INFO -   位置4：📌 → "（置信度 1.0）
2026-04-27 20:16:19,721 - INFO -   参考文献：【原文】📌 格式违规点：无报告国标标识[R]，无编制责任单位、无发布年份，信息过于简略不规范
【建议】" 格式违规点：无报告国标标识[R]，无编制责任单位、无发布年份，信息过于简略不规范
 → 位置0：📌 → " → 缺少编号，应为 [n] 格式（如 [1]、[2]）
2026-04-27 20:16:19,723 - INFO -   参考文献：【原文】📌 格式违规点：无报告国标标识[R]，无编制责任单位、无发布年份，信息过于简略不规范
【建议】" 格式违规点：无报告国标标识[R]，无编制责任单位、无发布年份，信息过于简略不规范
 → 位置0：📌 → " → 作者与文献题名顺序颠倒，应改为：作者.标题[类型]
2026-04-27 20:16:19,723 - INFO -   参考文献：【原文】📌 格式违规点：无报告国标标识[R]，无编制责任单位、无发布年份，信息过于简略不规范
【建议】" 格式违规点：无报告国标标识[R]，无编制责任单位、无发布年份，信息过于简略不规范
 → 位置0：📌 → " → 报告缺少发布年份信息
2026-04-27 20:16:19,723 - INFO -   参考文献：【原文】📌 格式违规点：无报告国标标识[R]，无编制责任单位、无发布年份，信息过于简略不规范
【建议】" 格式违规点：无报告国标标识[R]，无编制责任单位、无发布年份，信息过于简略不规范
 → 位置0：📌 → " → 报告缺少编制机构信息
2026-04-27 20:16:19,723 - INFO -   参考文献：【原文】📌 格式违规点：无报告国标标识[R]，无编制责任单位、无发布年份，信息过于简略不规范
【建议】" 格式违规点：无报告国标标识[R]，无编制责任单位、无发布年份，信息过于简略不规范
 → 位置0：📌 → " → 字段分隔使用全角逗号，建议使用半角逗号（英文逗号）
2026-04-27 20:16:19,723 - INFO -   参考文献：4、错误原文：学术规范建设指南，高校教务处2023 → 缺少文献类型标识（如[J]期刊、[M]专著、[D]学位论文、[R]报告、[N]报纸、[C]会议论文）
2026-04-27 20:16:19,723 - INFO -   参考文献：4、错误原文：学术规范建设指南，高校教务处2023 → 作者与文献题名顺序颠倒，应改为：作者.标题[类型]
2026-04-27 20:16:19,723 - INFO -   参考文献：4、错误原文：学术规范建设指南，高校教务处2023 → 报告缺少编制机构信息
2026-04-27 20:16:19,723 - INFO -   参考文献：4、错误原文：学术规范建设指南，高校教务处2023 → 字段分隔使用全角逗号，建议使用半角逗号（英文逗号）
2026-04-27 20:16:19,723 - INFO -   参考文献：【原文】✅ GB/T 7714国标正确格式：高校教务处. 学术规范建设指南[R]. 2023.
【建议】" GB/T 7714国标正确格式：高校教务处. 学术规范建设指南[R]. 2023。
 → 位置0：✅ → "
 → 位置42：. → 。 → 缺少编号，应为 [n] 格式（如 [1]、[2]）
2026-04-27 20:16:19,723 - INFO -   位置4：📌 → "（置信度 1.0）
2026-04-27 20:16:19,723 - INFO -   参考文献：【原文】📌 格式违规点：缺失报告文献必备标识[R]，编制单位与年份排版混乱，标点使用不规范
【建议】" 格式违规点：缺失报告文献必备标识[R]，编制单位与年份排版混乱，标点使用不规范
 → 位置0：📌 → " → 缺少编号，应为 [n] 格式（如 [1]、[2]）
2026-04-27 20:16:19,723 - INFO -   参考文献：【原文】📌 格式违规点：缺失报告文献必备标识[R]，编制单位与年份排版混乱，标点使用不规范
【建议】" 格式违规点：缺失报告文献必备标识[R]，编制单位与年份排版混乱，标点使用不规范
 → 位置0：📌 → " → 作者与文献题名顺序颠倒，应改为：作者.标题[类型]
2026-04-27 20:16:19,724 - INFO -   参考文献：【原文】📌 格式违规点：缺失报告文献必备标识[R]，编制单位与年份排版混乱，标点使用不规范
【建议】" 格式违规点：缺失报告文献必备标识[R]，编制单位与年份排版混乱，标点使用不规范
 → 位置0：📌 → " → 报告缺少发布年份信息
2026-04-27 20:16:19,724 - INFO -   参考文献：【原文】📌 格式违规点：缺失报告文献必备标识[R]，编制单位与年份排版混乱，标点使用不规范
【建议】" 格式违规点：缺失报告文献必备标识[R]，编制单位与年份排版混乱，标点使用不规范
 → 位置0：📌 → " → 报告缺少编制机构信息
2026-04-27 20:16:19,724 - INFO -   参考文献：【原文】📌 格式违规点：缺失报告文献必备标识[R]，编制单位与年份排版混乱，标点使用不规范
【建议】" 格式违规点：缺失报告文献必备标识[R]，编制单位与年份排版混乱，标点使用不规范
 → 位置0：📌 → " → 字段分隔使用全角逗号，建议使用半角逗号（英文逗号）
2026-04-27 20:16:19,724 - INFO -   参考文献：5、错误原文：智能教育发展统计数据，互联网发布资料 → 缺少文献类型标识（如[J]期刊、[M]专著、[D]学位论文、[R]报告、[N]报纸、[C]会议论文）
2026-04-27 20:16:19,724 - INFO -   参考文献：5、错误原文：智能教育发展统计数据，互联网发布资料 → 作者与文献题名顺序颠倒，应改为：作者.标题[类型]
2026-04-27 20:16:19,724 - INFO -   参考文献：5、错误原文：智能教育发展统计数据，互联网发布资料 → 报告缺少发布年份信息
2026-04-27 20:16:19,724 - INFO -   参考文献：5、错误原文：智能教育发展统计数据，互联网发布资料 → 报告缺少编制机构信息
2026-04-27 20:16:19,724 - INFO -   参考文献：5、错误原文：智能教育发展统计数据，互联网发布资料 → 字段分隔使用全角逗号，建议使用半角逗号（英文逗号）
2026-04-27 20:16:19,725 - INFO -   参考文献：【原文】✅ GB/T 7714国标正确格式：互联网资料编制团队. 智能教育发展统计数据[R]. XXXX.
【建议】" GB/T 7714国标正确格式：互联网资料编制团队. 智能教育发展统计数据[R]. XXXX。
 → 位置0：✅ → "
 → 位置48：. → 。 → 缺少编号，应为 [n] 格式（如 [1]、[2]）
2026-04-27 20:16:19,725 - INFO -   参考文献：【原文】✅ GB/T 7714国标正确格式：互联网资料编制团队. 智能教育发展统计数据[R]. XXXX.
【建议】" GB/T 7714国标正确格式：互联网资料编制团队. 智能教育发展统计数据[R]. XXXX。
 → 位置0：✅ → "
 → 位置48：. → 。 → 报告缺少发布年份信息
2026-04-27 20:16:19,725 - INFO -   位置4：📌 → "（置信度 1.0）
2026-04-27 20:16:19,725 - INFO -   参考文献：【原文】📌 格式违规点：未标注报告标识[R]，缺失发布年份、编制主体，不符合网络报告参考文献著录规范
【建议】" 格式违规点：未标注报告标识[R]，缺失发布年份、编制主体，不符合网络报告参考文献著录规范
 → 位置0：📌 → " → 缺少编号，应为 [n] 格式（如 [1]、[2]）
2026-04-27 20:16:19,725 - INFO -   参考文献：【原文】📌 格式违规点：未标注报告标识[R]，缺失发布年份、编制主体，不符合网络报告参考文献著录规范
【建议】" 格式违规点：未标注报告标识[R]，缺失发布年份、编制主体，不符合网络报告参考文献著录规范
 → 位置0：📌 → " → 作者与文献题名顺序颠倒，应改为：作者.标题[类型]
2026-04-27 20:16:19,726 - INFO -   参考文献：【原文】📌 格式违规点：未标注报告标识[R]，缺失发布年份、编制主体，不符合网络报告参考文献著录规范
【建议】" 格式违规点：未标注报告标识[R]，缺失发布年份、编制主体，不符合网络报告参考文献著录规范
 → 位置0：📌 → " → 报告缺少发布年份信息
2026-04-27 20:16:19,726 - INFO -   参考文献：【原文】📌 格式违规点：未标注报告标识[R]，缺失发布年份、编制主体，不符合网络报告参考文献著录规范
【建议】" 格式违规点：未标注报告标识[R]，缺失发布年份、编制主体，不符合网络报告参考文献著录规范
 → 位置0：📌 → " → 报告缺少编制机构信息
2026-04-27 20:16:19,726 - INFO -   参考文献：【原文】📌 格式违规点：未标注报告标识[R]，缺失发布年份、编制主体，不符合网络报告参考文献著录规范
【建议】" 格式违规点：未标注报告标识[R]，缺失发布年份、编制主体，不符合网络报告参考文献著录规范
 → 位置0：📌 → " → 字段分隔使用全角逗号，建议使用半角逗号（英文逗号）
2026-04-27 20:16:19,726 - INFO -   参考文献：1、错误原文：人工智能教育快速发展，人民日报，2024年5月10日 → 缺少文献类型标识（如[J]期刊、[M]专著、[D]学位论文、[R]报告、[N]报纸、[C]会议论文）
2026-04-27 20:16:19,726 - INFO -   参考文献：1、错误原文：人工智能教育快速发展，人民日报，2024年5月10日 → 作者与文献题名顺序颠倒，应改为：作者.标题[类型]
2026-04-27 20:16:19,726 - INFO -   参考文献：1、错误原文：人工智能教育快速发展，人民日报，2024年5月10日 → 日期格式不规范，应为：年-月-日
2026-04-27 20:16:19,726 - INFO -   参考文献：1、错误原文：人工智能教育快速发展，人民日报，2024年5月10日 → 报纸文章缺少作者信息，默认使用佚名
2026-04-27 20:16:19,726 - INFO -   参考文献：1、错误原文：人工智能教育快速发展，人民日报，2024年5月10日 → 字段分隔使用全角逗号，建议使用半角逗号（英文逗号）
2026-04-27 20:16:19,727 - INFO -   位置56：( → （（置信度 0.996）
2026-04-27 20:16:19,727 - INFO -   位置60：) → ）（置信度 0.967）
2026-04-27 20:16:19,727 - INFO -   位置134：( → （（置信度 0.997）
2026-04-27 20:16:19,727 - INFO -   位置148：) → ）（置信度 1.0）
2026-04-27 20:16:19,727 - INFO -   参考文献：【原文】✅ GB/T 7714国标正确格式：佚名. 人工智能教育快速发展[N]. 人民日报,2024-05-10(版面号).
【建议】✅ GB/T 7714国标正确格式：佚名. 人工智能教育快速发展[N]. 人民日报,2024-05-10（版面号）。
 → 位置52：( → （
 → 位置56：) → ）
 → 位置57：. → 。 → 缺少编号，应为 [n] 格式（如 [1]、[2]）
2026-04-27 20:16:19,727 - INFO -   参考文献：【原文】✅ GB/T 7714国标正确格式：佚名. 人工智能教育快速发展[N]. 人民日报,2024-05-10(版面号).
【建议】✅ GB/T 7714国标正确格式：佚名. 人工智能教育快速发展[N]. 人民日报,2024-05-10（版面号）。
 → 位置52：( → （
 → 位置56：) → ）
 → 位置57：. → 。 → 报纸文章缺少作者信息，默认使用佚名
2026-04-27 20:16:19,727 - INFO -   位置4：📌 → "（置信度 1.0）
2026-04-27 20:16:19,727 - INFO -   参考文献：【原文】📌 格式违规点：未标注报纸文献标识[N]，缺失文章作者、报纸版面号，日期格式不符合国标统一规范
【建议】" 格式违规点：未标注报纸文献标识[N]，缺失文章作者、报纸版面号，日期格式不符合国标统一规范
 → 位置0：📌 → " → 缺少编号，应为 [n] 格式（如 [1]、[2]）
2026-04-27 20:16:19,727 - INFO -   参考文献：【原文】📌 格式违规点：未标注报纸文献标识[N]，缺失文章作者、报纸版面号，日期格式不符合国标统一规范
【建议】" 格式违规点：未标注报纸文献标识[N]，缺失文章作者、报纸版面号，日期格式不符合国标统一规范
 → 位置0：📌 → " → 作者与文献题名顺序颠倒，应改为：作者.标题[类型]
2026-04-27 20:16:19,727 - INFO -   参考文献：【原文】📌 格式违规点：未标注报纸文献标识[N]，缺失文章作者、报纸版面号，日期格式不符合国标统一规范
【建议】" 格式违规点：未标注报纸文献标识[N]，缺失文章作者、报纸版面号，日期格式不符合国标统一规范
 → 位置0：📌 → " → 报纸文章缺少作者信息，默认使用佚名
2026-04-27 20:16:19,729 - INFO -   参考文献：【原文】📌 格式违规点：未标注报纸文献标识[N]，缺失文章作者、报纸版面号，日期格式不符合国标统一规范
【建议】" 格式违规点：未标注报纸文献标识[N]，缺失文章作者、报纸版面号，日期格式不符合国标统一规范
 → 位置0：📌 → " → 报纸文章缺少发布日期，格式应为：年-月-日
2026-04-27 20:16:19,730 - INFO -   参考文献：【原文】📌 格式违规点：未标注报纸文献标识[N]，缺失文章作者、报纸版面号，日期格式不符合国标统一规范
【建议】" 格式违规点：未标注报纸文献标识[N]，缺失文章作者、报纸版面号，日期格式不符合国标统一规范
 → 位置0：📌 → " → 字段分隔使用全角逗号，建议使用半角逗号（英文逗号）
2026-04-27 20:16:19,730 - INFO -   参考文献：2、错误原文：高校学术规范建设加强，教育日报，2023 → 缺少文献类型标识（如[J]期刊、[M]专著、[D]学位论文、[R]报告、[N]报纸、[C]会议论文）
2026-04-27 20:16:19,730 - INFO -   参考文献：2、错误原文：高校学术规范建设加强，教育日报，2023 → 作者与文献题名顺序颠倒，应改为：作者.标题[类型]
2026-04-27 20:16:19,730 - INFO -   参考文献：2、错误原文：高校学术规范建设加强，教育日报，2023 → 报纸文章缺少作者信息，默认使用佚名
2026-04-27 20:16:19,730 - INFO -   参考文献：2、错误原文：高校学术规范建设加强，教育日报，2023 → 字段分隔使用全角逗号，建议使用半角逗号（英文逗号）
2026-04-27 20:16:19,730 - INFO -   位置56：( → （（置信度 0.987）
2026-04-27 20:16:19,730 - INFO -   位置60：) → ）（置信度 0.989）
2026-04-27 20:16:19,731 - INFO -   位置147：( → （（置信度 0.993）
2026-04-27 20:16:19,731 - INFO -   位置161：) → ）（置信度 1.0）
2026-04-27 20:16:19,731 - INFO -   参考文献：【原文】✅ GB/T 7714国标正确格式：佚名. 高校学术规范建设加强[N]. 教育日报,2023-XX-XX(版面号).
【建议】" GB/T 7714国标正确格式：佚名. 高校学术规范建设加强[N]. 教育日报,2023-XX-XX（版面号）。
 → 位置0：✅ → "
 → 位置52：( → （
 → 位置56：) → ）
 → 位置57：. → 。 → 缺少编号，应为 [n] 格式（如 [1]、[2]）
2026-04-27 20:16:19,731 - INFO -   参考文献：【原文】✅ GB/T 7714国标正确格式：佚名. 高校学术规范建设加强[N]. 教育日报,2023-XX-XX(版面号).
【建议】" GB/T 7714国标正确格式：佚名. 高校学术规范建设加强[N]. 教育日报,2023-XX-XX（版面号）。
 → 位置0：✅ → "
 → 位置52：( → （
 → 位置56：) → ）
 → 位置57：. → 。 → 报纸文章缺少作者信息，默认使用佚名
2026-04-27 20:16:19,731 - INFO -   位置4：📌 → "（置信度 1.0）
2026-04-27 20:16:19,731 - INFO -   参考文献：【原文】📌 格式违规点：缺失报纸专属标识[N]，无具体发布月日、报纸版面号，必填字段大量缺失
【建议】" 格式违规点：缺失报纸专属标识[N]，无具体发布月日、报纸版面号，必填字段大量缺失
 → 位置0：📌 → " → 缺少编号，应为 [n] 格式（如 [1]、[2]）
2026-04-27 20:16:19,731 - INFO -   参考文献：【原文】📌 格式违规点：缺失报纸专属标识[N]，无具体发布月日、报纸版面号，必填字段大量缺失
【建议】" 格式违规点：缺失报纸专属标识[N]，无具体发布月日、报纸版面号，必填字段大量缺失
 → 位置0：📌 → " → 作者与文献题名顺序颠倒，应改为：作者.标题[类型]
2026-04-27 20:16:19,731 - INFO -   参考文献：【原文】📌 格式违规点：缺失报纸专属标识[N]，无具体发布月日、报纸版面号，必填字段大量缺失
【建议】" 格式违规点：缺失报纸专属标识[N]，无具体发布月日、报纸版面号，必填字段大量缺失
 → 位置0：📌 → " → 报纸文章缺少作者信息，默认使用佚名
2026-04-27 20:16:19,731 - INFO -   参考文献：【原文】📌 格式违规点：缺失报纸专属标识[N]，无具体发布月日、报纸版面号，必填字段大量缺失
【建议】" 格式违规点：缺失报纸专属标识[N]，无具体发布月日、报纸版面号，必填字段大量缺失
 → 位置0：📌 → " → 报纸文章缺少发布日期，格式应为：年-月-日
2026-04-27 20:16:19,731 - INFO -   参考文献：【原文】📌 格式违规点：缺失报纸专属标识[N]，无具体发布月日、报纸版面号，必填字段大量缺失
【建议】" 格式违规点：缺失报纸专属标识[N]，无具体发布月日、报纸版面号，必填字段大量缺失
 → 位置0：📌 → " → 字段分隔使用全角逗号，建议使用半角逗号（英文逗号）
2026-04-27 20:16:19,731 - INFO -   参考文献：3、错误原文：NLP技术应用前景广阔，科技报，北京 → 缺少文献类型标识（如[J]期刊、[M]专著、[D]学位论文、[R]报告、[N]报纸、[C]会议论文）
2026-04-27 20:16:19,733 - INFO -   参考文献：3、错误原文：NLP技术应用前景广阔，科技报，北京 → 作者与文献题名顺序颠倒，应改为：作者.标题[类型]
2026-04-27 20:16:19,733 - INFO -   参考文献：3、错误原文：NLP技术应用前景广阔，科技报，北京 → 报纸文章缺少作者信息，默认使用佚名
2026-04-27 20:16:19,733 - INFO -   参考文献：3、错误原文：NLP技术应用前景广阔，科技报，北京 → 报纸文章缺少发布日期，格式应为：年-月-日
2026-04-27 20:16:19,733 - INFO -   参考文献：3、错误原文：NLP技术应用前景广阔，科技报，北京 → 字段分隔使用全角逗号，建议使用半角逗号（英文逗号）
2026-04-27 20:16:19,733 - INFO -   位置56：( → （（置信度 0.996）
2026-04-27 20:16:19,733 - INFO -   位置60：) → ）（置信度 0.98）
2026-04-27 20:16:19,733 - INFO -   位置134：( → （（置信度 0.986）
2026-04-27 20:16:19,734 - INFO -   位置148：) → ）（置信度 0.999）
2026-04-27 20:16:19,734 - INFO -   参考文献：【原文】✅ GB/T 7714国标正确格式：佚名. NLP技术应用前景广阔[N]. 科技报,XXXX-XX-XX(版面号).
【建议】✅ GB/T 7714国标正确格式：佚名. NLP技术应用前景广阔[N]. 科技报,XXXX-XX-XX（版面号）。
 → 位置52：( → （
 → 位置56：) → ）
 → 位置57：. → 。 → 缺少编号，应为 [n] 格式（如 [1]、[2]）
2026-04-27 20:16:19,734 - INFO -   参考文献：【原文】✅ GB/T 7714国标正确格式：佚名. NLP技术应用前景广阔[N]. 科技报,XXXX-XX-XX(版面号).
【建议】✅ GB/T 7714国标正确格式：佚名. NLP技术应用前景广阔[N]. 科技报,XXXX-XX-XX（版面号）。
 → 位置52：( → （
 → 位置56：) → ）
 → 位置57：. → 。 → 报纸文章缺少作者信息，默认使用佚名
2026-04-27 20:16:19,734 - INFO -   参考文献：【原文】✅ GB/T 7714国标正确格式：佚名. NLP技术应用前景广阔[N]. 科技报,XXXX-XX-XX(版面号).
【建议】✅ GB/T 7714国标正确格式：佚名. NLP技术应用前景广阔[N]. 科技报,XXXX-XX-XX（版面号）。
 → 位置52：( → （
 → 位置56：) → ）
 → 位置57：. → 。 → 报纸文章缺少发布日期，格式应为：年-月-日
2026-04-27 20:16:19,734 - INFO -   位置4：📌 → "（置信度 1.0）
2026-04-27 20:16:19,734 - INFO -   参考文献：【原文】📌 格式违规点：无报纸文献国标标识[N]，缺失发布日期、版面号，多余标注无关出版地点
【建议】" 格式违规点：无报纸文献国标标识[N]，缺失发布日期、版面号，多余标注无关出版地点
 → 位置0：📌 → " → 缺少编号，应为 [n] 格式（如 [1]、[2]）
2026-04-27 20:16:19,734 - INFO -   参考文献：【原文】📌 格式违规点：无报纸文献国标标识[N]，缺失发布日期、版面号，多余标注无关出版地点
【建议】" 格式违规点：无报纸文献国标标识[N]，缺失发布日期、版面号，多余标注无关出版地点
 → 位置0：📌 → " → 作者与文献题名顺序颠倒，应改为：作者.标题[类型]
2026-04-27 20:16:19,734 - INFO -   参考文献：【原文】📌 格式违规点：无报纸文献国标标识[N]，缺失发布日期、版面号，多余标注无关出版地点
【建议】" 格式违规点：无报纸文献国标标识[N]，缺失发布日期、版面号，多余标注无关出版地点
 → 位置0：📌 → " → 报纸文章缺少作者信息，默认使用佚名
2026-04-27 20:16:19,734 - INFO -   参考文献：【原文】📌 格式违规点：无报纸文献国标标识[N]，缺失发布日期、版面号，多余标注无关出版地点
【建议】" 格式违规点：无报纸文献国标标识[N]，缺失发布日期、版面号，多余标注无关出版地点
 → 位置0：📌 → " → 报纸文章缺少发布日期，格式应为：年-月-日
2026-04-27 20:16:19,734 - INFO -   参考文献：【原文】📌 格式违规点：无报纸文献国标标识[N]，缺失发布日期、版面号，多余标注无关出版地点
【建议】" 格式违规点：无报纸文献国标标识[N]，缺失发布日期、版面号，多余标注无关出版地点
 → 位置0：📌 → " → 字段分隔使用全角逗号，建议使用半角逗号（英文逗号）
2026-04-27 20:16:19,735 - INFO -   参考文献：4、错误原文：论文排版规范管理新规出台，校园报纸2024年发布 → 缺少文献类型标识（如[J]期刊、[M]专著、[D]学位论文、[R]报告、[N]报纸、[C]会议论文）
2026-04-27 20:16:19,735 - INFO -   参考文献：4、错误原文：论文排版规范管理新规出台，校园报纸2024年发布 → 作者与文献题名顺序颠倒，应改为：作者.标题[类型]
2026-04-27 20:16:19,735 - INFO -   参考文献：4、错误原文：论文排版规范管理新规出台，校园报纸2024年发布 → 报纸文章缺少作者信息，默认使用佚名
2026-04-27 20:16:19,735 - INFO -   参考文献：4、错误原文：论文排版规范管理新规出台，校园报纸2024年发布 → 字段分隔使用全角逗号，建议使用半角逗号（英文逗号）
2026-04-27 20:16:19,735 - INFO -   位置58：( → （（置信度 0.994）
2026-04-27 20:16:19,735 - INFO -   位置62：) → ）（置信度 0.997）
2026-04-27 20:16:19,736 - INFO -   位置151：( → （（置信度 0.992）
2026-04-27 20:16:19,736 - INFO -   位置165：) → ）（置信度 0.93）
2026-04-27 20:16:19,736 - INFO -   参考文献：【原文】✅ GB/T 7714国标正确格式：佚名. 论文排版规范管理新规出台[N]. 校园报纸,2024-XX-XX(版面号).
【建议】" GB/T 7714国标正确格式：佚名. 论文排版规范管理新规出台[N]. 校园报纸,2024-XX-XX（版面号）。
 → 位置0：✅ → "
 → 位置54：( → （
 → 位置58：) → ）
 → 位置59：. → 。 → 缺少编号，应为 [n] 格式（如 [1]、[2]）
2026-04-27 20:16:19,736 - INFO -   参考文献：【原文】✅ GB/T 7714国标正确格式：佚名. 论文排版规范管理新规出台[N]. 校园报纸,2024-XX-XX(版面号).
【建议】" GB/T 7714国标正确格式：佚名. 论文排版规范管理新规出台[N]. 校园报纸,2024-XX-XX（版面号）。
 → 位置0：✅ → "
 → 位置54：( → （
 → 位置58：) → ）
 → 位置59：. → 。 → 报纸文章缺少作者信息，默认使用佚名
2026-04-27 20:16:19,736 - INFO -   位置4：📌 → "（置信度 1.0）
2026-04-27 20:16:19,736 - INFO -   参考文献：【原文】📌 格式违规点：缺失报纸标识[N]，日期表述口语化不规范，未标注报纸刊发版面编号
【建议】" 格式违规点：缺失报纸标识[N]，日期表述口语化不规范，未标注报纸刊发版面编号
 → 位置0：📌 → " → 缺少编号，应为 [n] 格式（如 [1]、[2]）
2026-04-27 20:16:19,736 - INFO -   参考文献：【原文】📌 格式违规点：缺失报纸标识[N]，日期表述口语化不规范，未标注报纸刊发版面编号
【建议】" 格式违规点：缺失报纸标识[N]，日期表述口语化不规范，未标注报纸刊发版面编号
 → 位置0：📌 → " → 作者与文献题名顺序颠倒，应改为：作者.标题[类型]
2026-04-27 20:16:19,736 - INFO -   参考文献：【原文】📌 格式违规点：缺失报纸标识[N]，日期表述口语化不规范，未标注报纸刊发版面编号
【建议】" 格式违规点：缺失报纸标识[N]，日期表述口语化不规范，未标注报纸刊发版面编号
 → 位置0：📌 → " → 报纸文章缺少作者信息，默认使用佚名
2026-04-27 20:16:19,736 - INFO -   参考文献：【原文】📌 格式违规点：缺失报纸标识[N]，日期表述口语化不规范，未标注报纸刊发版面编号
【建议】" 格式违规点：缺失报纸标识[N]，日期表述口语化不规范，未标注报纸刊发版面编号
 → 位置0：📌 → " → 报纸文章缺少发布日期，格式应为：年-月-日
2026-04-27 20:16:19,736 - INFO -   参考文献：【原文】📌 格式违规点：缺失报纸标识[N]，日期表述口语化不规范，未标注报纸刊发版面编号
【建议】" 格式违规点：缺失报纸标识[N]，日期表述口语化不规范，未标注报纸刊发版面编号
 → 位置0：📌 → " → 字段分隔使用全角逗号，建议使用半角逗号（英文逗号）
2026-04-27 20:16:19,736 - INFO -   参考文献：5、错误原文：智能校对工具助力学术写作，信息化报纸 → 缺少文献类型标识（如[J]期刊、[M]专著、[D]学位论文、[R]报告、[N]报纸、[C]会议论文）
2026-04-27 20:16:19,736 - INFO -   参考文献：5、错误原文：智能校对工具助力学术写作，信息化报纸 → 作者与文献题名顺序颠倒，应改为：作者.标题[类型]
2026-04-27 20:16:19,736 - INFO -   参考文献：5、错误原文：智能校对工具助力学术写作，信息化报纸 → 报纸文章缺少作者信息，默认使用佚名
2026-04-27 20:16:19,736 - INFO -   参考文献：5、错误原文：智能校对工具助力学术写作，信息化报纸 → 报纸文章缺少发布日期，格式应为：年-月-日
2026-04-27 20:16:19,736 - INFO -   参考文献：5、错误原文：智能校对工具助力学术写作，信息化报纸 → 字段分隔使用全角逗号，建议使用半角逗号（英文逗号）
2026-04-27 20:16:19,736 - INFO -   位置59：( → （（置信度 0.995）
2026-04-27 20:16:19,736 - INFO -   位置63：) → ）（置信度 0.998）
2026-04-27 20:16:19,736 - INFO -   位置153：( → （（置信度 0.995）
2026-04-27 20:16:19,736 - INFO -   位置167：) → ）（置信度 0.958）
2026-04-27 20:16:19,736 - INFO -   参考文献：【原文】✅ GB/T 7714国标正确格式：佚名. 智能校对工具助力学术写作[N]. 信息化报纸,XXXX-XX-XX(版面号).
【建议】" GB/T 7714国标正确格式：佚名. 智能校对工具助力学术写作[N]. 信息化报纸,XXXX-XX-XX（版面号）。
 → 位置0：✅ → "
 → 位置55：( → （
 → 位置59：) → ）
 → 位置60：. → 。 → 缺少编号，应为 [n] 格式（如 [1]、[2]）
2026-04-27 20:16:19,739 - INFO -   参考文献：【原文】✅ GB/T 7714国标正确格式：佚名. 智能校对工具助力学术写作[N]. 信息化报纸,XXXX-XX-XX(版面号).
【建议】" GB/T 7714国标正确格式：佚名. 智能校对工具助力学术写作[N]. 信息化报纸,XXXX-XX-XX（版面号）。
 → 位置0：✅ → "
 → 位置55：( → （
 → 位置59：) → ）
 → 位置60：. → 。 → 报纸文章缺少作者信息，默认使用佚名
2026-04-27 20:16:19,739 - INFO -   参考文献：【原文】✅ GB/T 7714国标正确格式：佚名. 智能校对工具助力学术写作[N]. 信息化报纸,XXXX-XX-XX(版面号).
【建议】" GB/T 7714国标正确格式：佚名. 智能校对工具助力学术写作[N]. 信息化报纸,XXXX-XX-XX（版面号）。
 → 位置0：✅ → "
 → 位置55：( → （
 → 位置59：) → ）
 → 位置60：. → 。 → 报纸文章缺少发布日期，格式应为：年-月-日
2026-04-27 20:16:19,739 - INFO -   位置4：📌 → "（置信度 1.0）
2026-04-27 20:16:19,739 - INFO -   参考文献：【原文】📌 格式违规点：未添加报纸文献标识[N]，缺失发布年月日、版面号，核心著录信息不全
【建议】" 格式违规点：未添加报纸文献标识[N]，缺失发布年月日、版面号，核心著录信息不全
 → 位置0：📌 → " → 缺少编号，应为 [n] 格式（如 [1]、[2]）
2026-04-27 20:16:19,740 - INFO -   参考文献：【原文】📌 格式违规点：未添加报纸文献标识[N]，缺失发布年月日、版面号，核心著录信息不全
【建议】" 格式违规点：未添加报纸文献标识[N]，缺失发布年月日、版面号，核心著录信息不全
 → 位置0：📌 → " → 作者与文献题名顺序颠倒，应改为：作者.标题[类型]
2026-04-27 20:16:19,740 - INFO -   参考文献：【原文】📌 格式违规点：未添加报纸文献标识[N]，缺失发布年月日、版面号，核心著录信息不全
【建议】" 格式违规点：未添加报纸文献标识[N]，缺失发布年月日、版面号，核心著录信息不全
 → 位置0：📌 → " → 报纸文章缺少作者信息，默认使用佚名
2026-04-27 20:16:19,740 - INFO -   参考文献：【原文】📌 格式违规点：未添加报纸文献标识[N]，缺失发布年月日、版面号，核心著录信息不全
【建议】" 格式违规点：未添加报纸文献标识[N]，缺失发布年月日、版面号，核心著录信息不全
 → 位置0：📌 → " → 报纸文章缺少发布日期，格式应为：年-月-日
2026-04-27 20:16:19,740 - INFO -   参考文献：【原文】📌 格式违规点：未添加报纸文献标识[N]，缺失发布年月日、版面号，核心著录信息不全
【建议】" 格式违规点：未添加报纸文献标识[N]，缺失发布年月日、版面号，核心著录信息不全
 → 位置0：📌 → " → 字段分隔使用全角逗号，建议使用半角逗号（英文逗号）
2026-04-27 20:16:19,740 - INFO -   参考文献：1、错误原文：智能文本检测算法研究，张三，全国人工智能会议 → 缺少文献类型标识（如[J]期刊、[M]专著、[D]学位论文、[R]报告、[N]报纸、[C]会议论文）
2026-04-27 20:16:19,740 - INFO -   参考文献：1、错误原文：智能文本检测算法研究，张三，全国人工智能会议 → 作者与文献题名顺序颠倒，应改为：作者.标题[类型]
2026-04-27 20:16:19,740 - INFO -   参考文献：1、错误原文：智能文本检测算法研究，张三，全国人工智能会议 → 作者后缺少句号分隔符（应为：作者.标题）
2026-04-27 20:16:19,740 - INFO -   参考文献：1、错误原文：智能文本检测算法研究，张三，全国人工智能会议 → 会议论文缺少会议年份信息
2026-04-27 20:16:19,740 - INFO -   参考文献：1、错误原文：智能文本检测算法研究，张三，全国人工智能会议 → 会议论文缺少会议举办地信息
2026-04-27 20:16:19,740 - INFO -   参考文献：1、错误原文：智能文本检测算法研究，张三，全国人工智能会议 → 字段分隔使用全角逗号，建议使用半角逗号（英文逗号）
2026-04-27 20:16:19,740 - INFO -   参考文献：【原文】✅ GB/T 7714国标正确格式：张三. 智能文本检测算法研究[C]//全国人工智能会议论文集. 会议举办地:举办单位,XXXX.
【建议】" GB/T 7714国标正确格式：张三. 智能文本检测算法研究[C]//全国人工智能会议论文集. 会议举办地:举办单位,XXXX。
 → 位置0：✅ → "
 → 位置65：. → 。 → 缺少编号，应为 [n] 格式（如 [1]、[2]）
2026-04-27 20:16:19,740 - INFO -   参考文献：【原文】✅ GB/T 7714国标正确格式：张三. 智能文本检测算法研究[C]//全国人工智能会议论文集. 会议举办地:举办单位,XXXX.
【建议】" GB/T 7714国标正确格式：张三. 智能文本检测算法研究[C]//全国人工智能会议论文集. 会议举办地:举办单位,XXXX。
 → 位置0：✅ → "
 → 位置65：. → 。 → 会议论文缺少会议年份信息
2026-04-27 20:16:19,740 - INFO -   参考文献：【原文】✅ GB/T 7714国标正确格式：张三. 智能文本检测算法研究[C]//全国人工智能会议论文集. 会议举办地:举办单位,XXXX.
【建议】" GB/T 7714国标正确格式：张三. 智能文本检测算法研究[C]//全国人工智能会议论文集. 会议举办地:举办单位,XXXX。
 → 位置0：✅ → "
 → 位置65：. → 。 → 会议论文缺少会议举办地信息
2026-04-27 20:16:19,740 - INFO -   位置4：📌 → "（置信度 1.0）
2026-04-27 20:16:19,740 - INFO -   参考文献：【原文】📌 格式违规点：未标注会议论文标识[C]，缺失会议论文集、举办地、举办单位、会议年份等必填信息
【建议】" 格式违规点：未标注会议论文标识[C]，缺失会议论文集、举办地、举办单位、会议年份等必填信息
 → 位置0：📌 → " → 缺少编号，应为 [n] 格式（如 [1]、[2]）
2026-04-27 20:16:19,740 - INFO -   参考文献：【原文】📌 格式违规点：未标注会议论文标识[C]，缺失会议论文集、举办地、举办单位、会议年份等必填信息
【建议】" 格式违规点：未标注会议论文标识[C]，缺失会议论文集、举办地、举办单位、会议年份等必填信息
 → 位置0：📌 → " → 作者与文献题名顺序颠倒，应改为：作者.标题[类型]
2026-04-27 20:16:19,740 - INFO -   参考文献：【原文】📌 格式违规点：未标注会议论文标识[C]，缺失会议论文集、举办地、举办单位、会议年份等必填信息
【建议】" 格式违规点：未标注会议论文标识[C]，缺失会议论文集、举办地、举办单位、会议年份等必填信息
 → 位置0：📌 → " → 会议论文缺少会议年份信息
2026-04-27 20:16:19,740 - INFO -   参考文献：【原文】📌 格式违规点：未标注会议论文标识[C]，缺失会议论文集、举办地、举办单位、会议年份等必填信息
【建议】" 格式违规点：未标注会议论文标识[C]，缺失会议论文集、举办地、举办单位、会议年份等必填信息
 → 位置0：📌 → " → 会议论文缺少会议举办地信息
2026-04-27 20:16:19,740 - INFO -   参考文献：【原文】📌 格式违规点：未标注会议论文标识[C]，缺失会议论文集、举办地、举办单位、会议年份等必填信息
【建议】" 格式违规点：未标注会议论文标识[C]，缺失会议论文集、举办地、举办单位、会议年份等必填信息
 → 位置0：📌 → " → 字段分隔使用全角逗号，建议使用半角逗号（英文逗号）
2026-04-27 20:16:19,742 - INFO -   参考文献：2、错误原文：CV图表识别技术探讨，李四，计算机学术年会2023 → 缺少文献类型标识（如[J]期刊、[M]专著、[D]学位论文、[R]报告、[N]报纸、[C]会议论文）
2026-04-27 20:16:19,742 - INFO -   参考文献：2、错误原文：CV图表识别技术探讨，李四，计算机学术年会2023 → 作者与文献题名顺序颠倒，应改为：作者.标题[类型]
2026-04-27 20:16:19,742 - INFO -   参考文献：2、错误原文：CV图表识别技术探讨，李四，计算机学术年会2023 → 作者后缺少句号分隔符（应为：作者.标题）
2026-04-27 20:16:19,742 - INFO -   参考文献：2、错误原文：CV图表识别技术探讨，李四，计算机学术年会2023 → 会议论文缺少会议举办地信息
2026-04-27 20:16:19,742 - INFO -   参考文献：2、错误原文：CV图表识别技术探讨，李四，计算机学术年会2023 → 字段分隔使用全角逗号，建议使用半角逗号（英文逗号）
2026-04-27 20:16:19,742 - INFO -   参考文献：【原文】✅ GB/T 7714国标正确格式：李四. CV图表识别技术探讨[C]//计算机学术年会论文集. XX:XX举办单位,2023.
【建议】" GB/T 7714国标正确格式：李四. CV图表识别技术探讨[C]//计算机学术年会论文集. XX:XX举办单位,2023。
 → 位置0：✅ → "
 → 位置63：. → 。 → 缺少编号，应为 [n] 格式（如 [1]、[2]）
2026-04-27 20:16:19,742 - INFO -   参考文献：【原文】✅ GB/T 7714国标正确格式：李四. CV图表识别技术探讨[C]//计算机学术年会论文集. XX:XX举办单位,2023.
【建议】" GB/T 7714国标正确格式：李四. CV图表识别技术探讨[C]//计算机学术年会论文集. XX:XX举办单位,2023。
 → 位置0：✅ → "
 → 位置63：. → 。 → 会议论文缺少会议举办地信息
2026-04-27 20:16:19,742 - INFO -   位置4：📌 → "（置信度 1.0）
2026-04-27 20:16:19,742 - INFO -   参考文献：【原文】📌 格式违规点：缺失会议论文国标标识[C]，无论文集标注、会议举办地及承办单位，格式残缺
【建议】" 格式违规点：缺失会议论文国标标识[C]，无论文集标注、会议举办地及承办单位，格式残缺
 → 位置0：📌 → " → 缺少编号，应为 [n] 格式（如 [1]、[2]）
2026-04-27 20:16:19,742 - INFO -   参考文献：【原文】📌 格式违规点：缺失会议论文国标标识[C]，无论文集标注、会议举办地及承办单位，格式残缺
【建议】" 格式违规点：缺失会议论文国标标识[C]，无论文集标注、会议举办地及承办单位，格式残缺
 → 位置0：📌 → " → 作者与文献题名顺序颠倒，应改为：作者.标题[类型]
2026-04-27 20:16:19,742 - INFO -   参考文献：【原文】📌 格式违规点：缺失会议论文国标标识[C]，无论文集标注、会议举办地及承办单位，格式残缺
【建议】" 格式违规点：缺失会议论文国标标识[C]，无论文集标注、会议举办地及承办单位，格式残缺
 → 位置0：📌 → " → 会议论文缺少会议年份信息
2026-04-27 20:16:19,742 - INFO -   参考文献：【原文】📌 格式违规点：缺失会议论文国标标识[C]，无论文集标注、会议举办地及承办单位，格式残缺
【建议】" 格式违规点：缺失会议论文国标标识[C]，无论文集标注、会议举办地及承办单位，格式残缺
 → 位置0：📌 → " → 会议论文缺少会议举办地信息
2026-04-27 20:16:19,744 - INFO -   参考文献：【原文】📌 格式违规点：缺失会议论文国标标识[C]，无论文集标注、会议举办地及承办单位，格式残缺
【建议】" 格式违规点：缺失会议论文国标标识[C]，无论文集标注、会议举办地及承办单位，格式残缺
 → 位置0：📌 → " → 字段分隔使用全角逗号，建议使用半角逗号（英文逗号）
2026-04-27 20:16:19,744 - INFO -   参考文献：3、错误原文：NLP与CV融合应用研究，王五，学术交流会议，北京 → 缺少文献类型标识（如[J]期刊、[M]专著、[D]学位论文、[R]报告、[N]报纸、[C]会议论文）
2026-04-27 20:16:19,744 - INFO -   参考文献：3、错误原文：NLP与CV融合应用研究，王五，学术交流会议，北京 → 作者与文献题名顺序颠倒，应改为：作者.标题[类型]
2026-04-27 20:16:19,744 - INFO -   参考文献：3、错误原文：NLP与CV融合应用研究，王五，学术交流会议，北京 → 作者后缺少句号分隔符（应为：作者.标题）
2026-04-27 20:16:19,744 - INFO -   参考文献：3、错误原文：NLP与CV融合应用研究，王五，学术交流会议，北京 → 会议论文缺少会议年份信息
2026-04-27 20:16:19,744 - INFO -   参考文献：3、错误原文：NLP与CV融合应用研究，王五，学术交流会议，北京 → 字段分隔使用全角逗号，建议使用半角逗号（英文逗号）
2026-04-27 20:16:19,744 - INFO -   参考文献：【原文】✅ GB/T 7714国标正确格式：王五. NLP与CV融合应用研究[C]//学术交流会议论文集. 北京:XX举办单位,XXXX.
【建议】" GB/T 7714国标正确格式：王五. NLP与CV融合应用研究[C]//学术交流会议论文集. 北京:XX举办单位,XXXX。
 → 位置0：✅ → "
 → 位置64：. → 。 → 缺少编号，应为 [n] 格式（如 [1]、[2]）
2026-04-27 20:16:19,744 - INFO -   参考文献：【原文】✅ GB/T 7714国标正确格式：王五. NLP与CV融合应用研究[C]//学术交流会议论文集. 北京:XX举办单位,XXXX.
【建议】" GB/T 7714国标正确格式：王五. NLP与CV融合应用研究[C]//学术交流会议论文集. 北京:XX举办单位,XXXX。
 → 位置0：✅ → "
 → 位置64：. → 。 → 会议论文缺少会议年份信息
2026-04-27 20:16:19,744 - INFO -   参考文献：【原文】✅ GB/T 7714国标正确格式：王五. NLP与CV融合应用研究[C]//学术交流会议论文集. 北京:XX举办单位,XXXX.
【建议】" GB/T 7714国标正确格式：王五. NLP与CV融合应用研究[C]//学术交流会议论文集. 北京:XX举办单位,XXXX。
 → 位置0：✅ → "
 → 位置64：. → 。 → 会议论文缺少会议举办地信息
2026-04-27 20:16:19,744 - INFO -   位置4：📌 → "（置信度 1.0）
2026-04-27 20:16:19,744 - INFO -   参考文献：【原文】📌 格式违规点：无会议论文专属标识[C]，缺少论文集后缀、举办单位、会议召开年份，著录不完整
【建议】" 格式违规点：无会议论文专属标识[C]，缺少论文集后缀、举办单位、会议召开年份，著录不完整
 → 位置0：📌 → " → 缺少编号，应为 [n] 格式（如 [1]、[2]）
2026-04-27 20:16:19,744 - INFO -   参考文献：【原文】📌 格式违规点：无会议论文专属标识[C]，缺少论文集后缀、举办单位、会议召开年份，著录不完整
【建议】" 格式违规点：无会议论文专属标识[C]，缺少论文集后缀、举办单位、会议召开年份，著录不完整
 → 位置0：📌 → " → 作者与文献题名顺序颠倒，应改为：作者.标题[类型]
2026-04-27 20:16:19,745 - INFO -   参考文献：【原文】📌 格式违规点：无会议论文专属标识[C]，缺少论文集后缀、举办单位、会议召开年份，著录不完整
【建议】" 格式违规点：无会议论文专属标识[C]，缺少论文集后缀、举办单位、会议召开年份，著录不完整
 → 位置0：📌 → " → 会议论文缺少会议年份信息
2026-04-27 20:16:19,745 - INFO -   参考文献：【原文】📌 格式违规点：无会议论文专属标识[C]，缺少论文集后缀、举办单位、会议召开年份，著录不完整
【建议】" 格式违规点：无会议论文专属标识[C]，缺少论文集后缀、举办单位、会议召开年份，著录不完整
 → 位置0：📌 → " → 会议论文缺少会议举办地信息
2026-04-27 20:16:19,745 - INFO -   参考文献：【原文】📌 格式违规点：无会议论文专属标识[C]，缺少论文集后缀、举办单位、会议召开年份，著录不完整
【建议】" 格式违规点：无会议论文专属标识[C]，缺少论文集后缀、举办单位、会议召开年份，著录不完整
 → 位置0：📌 → " → 字段分隔使用全角逗号，建议使用半角逗号（英文逗号）
2026-04-27 20:16:19,745 - INFO -   参考文献：4、错误原文：论文格式自动校验研究，赵六，工程技术会议论文集 → 缺少文献类型标识（如[J]期刊、[M]专著、[D]学位论文、[R]报告、[N]报纸、[C]会议论文）
2026-04-27 20:16:19,745 - INFO -   参考文献：4、错误原文：论文格式自动校验研究，赵六，工程技术会议论文集 → 作者与文献题名顺序颠倒，应改为：作者.标题[类型]
2026-04-27 20:16:19,745 - INFO -   参考文献：4、错误原文：论文格式自动校验研究，赵六，工程技术会议论文集 → 作者后缺少句号分隔符（应为：作者.标题）
2026-04-27 20:16:19,745 - INFO -   参考文献：4、错误原文：论文格式自动校验研究，赵六，工程技术会议论文集 → 会议论文缺少会议年份信息
2026-04-27 20:16:19,745 - INFO -   参考文献：4、错误原文：论文格式自动校验研究，赵六，工程技术会议论文集 → 会议论文缺少会议举办地信息
2026-04-27 20:16:19,745 - INFO -   参考文献：4、错误原文：论文格式自动校验研究，赵六，工程技术会议论文集 → 字段分隔使用全角逗号，建议使用半角逗号（英文逗号）
2026-04-27 20:16:19,745 - INFO -   参考文献：【原文】✅ GB/T 7714国标正确格式：赵六. 论文格式自动校验研究[C]//工程技术会议论文集. XX:XX举办单位,XXXX.
【建议】" GB/T 7714国标正确格式：赵六. 论文格式自动校验研究[C]//工程技术会议论文集. XX:XX举办单位,XXXX。
 → 位置0：✅ → "
 → 位置62：. → 。 → 缺少编号，应为 [n] 格式（如 [1]、[2]）
2026-04-27 20:16:19,745 - INFO -   参考文献：【原文】✅ GB/T 7714国标正确格式：赵六. 论文格式自动校验研究[C]//工程技术会议论文集. XX:XX举办单位,XXXX.
【建议】" GB/T 7714国标正确格式：赵六. 论文格式自动校验研究[C]//工程技术会议论文集. XX:XX举办单位,XXXX。
 → 位置0：✅ → "
 → 位置62：. → 。 → 会议论文缺少会议年份信息
2026-04-27 20:16:19,747 - INFO -   参考文献：【原文】✅ GB/T 7714国标正确格式：赵六. 论文格式自动校验研究[C]//工程技术会议论文集. XX:XX举办单位,XXXX.
【建议】" GB/T 7714国标正确格式：赵六. 论文格式自动校验研究[C]//工程技术会议论文集. XX:XX举办单位,XXXX。
 → 位置0：✅ → "
 → 位置62：. → 。 → 会议论文缺少会议举办地信息
2026-04-27 20:16:19,747 - INFO -   位置4：📌 → "（置信度 1.0）
2026-04-27 20:16:19,747 - INFO -   参考文献：【原文】📌 格式违规点：缺失会议论文必备标识[C]，无会议举办地、承办单位、召开年份，核心信息缺失
【建议】" 格式违规点：缺失会议论文必备标识[C]，无会议举办地、承办单位、召开年份，核心信息缺失
 → 位置0：📌 → " → 缺少编号，应为 [n] 格式（如 [1]、[2]）
2026-04-27 20:16:19,747 - INFO -   参考文献：【原文】📌 格式违规点：缺失会议论文必备标识[C]，无会议举办地、承办单位、召开年份，核心信息缺失
【建议】" 格式违规点：缺失会议论文必备标识[C]，无会议举办地、承办单位、召开年份，核心信息缺失
 → 位置0：📌 → " → 作者与文献题名顺序颠倒，应改为：作者.标题[类型]
2026-04-27 20:16:19,747 - INFO -   参考文献：【原文】📌 格式违规点：缺失会议论文必备标识[C]，无会议举办地、承办单位、召开年份，核心信息缺失
【建议】" 格式违规点：缺失会议论文必备标识[C]，无会议举办地、承办单位、召开年份，核心信息缺失
 → 位置0：📌 → " → 会议论文缺少会议年份信息
2026-04-27 20:16:19,748 - INFO -   参考文献：【原文】📌 格式违规点：缺失会议论文必备标识[C]，无会议举办地、承办单位、召开年份，核心信息缺失
【建议】" 格式违规点：缺失会议论文必备标识[C]，无会议举办地、承办单位、召开年份，核心信息缺失
 → 位置0：📌 → " → 会议论文缺少会议举办地信息
2026-04-27 20:16:19,748 - INFO -   参考文献：【原文】📌 格式违规点：缺失会议论文必备标识[C]，无会议举办地、承办单位、召开年份，核心信息缺失
【建议】" 格式违规点：缺失会议论文必备标识[C]，无会议举办地、承办单位、召开年份，核心信息缺失
 → 位置0：📌 → " → 字段分隔使用全角逗号，建议使用半角逗号（英文逗号）
2026-04-27 20:16:19,748 - INFO -   参考文献：5、错误原文：学术批注系统设计实现，钱七，人工智能研讨会2024 → 缺少文献类型标识（如[J]期刊、[M]专著、[D]学位论文、[R]报告、[N]报纸、[C]会议论文）
2026-04-27 20:16:19,748 - INFO -   参考文献：5、错误原文：学术批注系统设计实现，钱七，人工智能研讨会2024 → 作者与文献题名顺序颠倒，应改为：作者.标题[类型]
2026-04-27 20:16:19,749 - INFO -   参考文献：5、错误原文：学术批注系统设计实现，钱七，人工智能研讨会2024 → 作者后缺少句号分隔符（应为：作者.标题）
2026-04-27 20:16:19,749 - INFO -   参考文献：5、错误原文：学术批注系统设计实现，钱七，人工智能研讨会2024 → 会议论文缺少会议举办地信息
2026-04-27 20:16:19,749 - INFO -   参考文献：5、错误原文：学术批注系统设计实现，钱七，人工智能研讨会2024 → 字段分隔使用全角逗号，建议使用半角逗号（英文逗号）
2026-04-27 20:16:19,750 - INFO -   参考文献：【原文】✅ GB/T 7714国标正确格式：钱七. 学术批注系统设计实现[C]//人工智能研讨会论文集. XX:XX举办单位,2024.
【建议】" GB/T 7714国标正确格式：钱七. 学术批注系统设计实现[C]//人工智能研讨会论文集. XX:XX举办单位,2024。
 → 位置0：✅ → "
 → 位置63：. → 。 → 缺少编号，应为 [n] 格式（如 [1]、[2]）
2026-04-27 20:16:19,750 - INFO -   参考文献：【原文】✅ GB/T 7714国标正确格式：钱七. 学术批注系统设计实现[C]//人工智能研讨会论文集. XX:XX举办单位,2024.
【建议】" GB/T 7714国标正确格式：钱七. 学术批注系统设计实现[C]//人工智能研讨会论文集. XX:XX举办单位,2024。
 → 位置0：✅ → "
 → 位置63：. → 。 → 会议论文缺少会议举办地信息
2026-04-27 20:16:19,750 - INFO -   位置4：📌 → "（置信度 0.997）
2026-04-27 20:16:19,750 - INFO -   参考文献：【原文】📌 格式违规点：未标注会议论文国标标识[C]，缺少标准论文集标注格式、举办地及承办单位信息
【建议】" 格式违规点：未标注会议论文国际标识[C]，缺少标准论文集标注格式、举办地及承办单位信息
 → 位置0：📌 → " → 缺少编号，应为 [n] 格式（如 [1]、[2]）
2026-04-27 20:16:19,750 - INFO -   参考文献：【原文】📌 格式违规点：未标注会议论文国标标识[C]，缺少标准论文集标注格式、举办地及承办单位信息
【建议】" 格式违规点：未标注会议论文国际标识[C]，缺少标准论文集标注格式、举办地及承办单位信息
 → 位置0：📌 → " → 作者与文献题名顺序颠倒，应改为：作者.标题[类型]
2026-04-27 20:16:19,750 - INFO -   参考文献：【原文】📌 格式违规点：未标注会议论文国标标识[C]，缺少标准论文集标注格式、举办地及承办单位信息
【建议】" 格式违规点：未标注会议论文国际标识[C]，缺少标准论文集标注格式、举办地及承办单位信息
 → 位置0：📌 → " → 会议论文缺少会议年份信息
2026-04-27 20:16:19,750 - INFO -   参考文献：【原文】📌 格式违规点：未标注会议论文国标标识[C]，缺少标准论文集标注格式、举办地及承办单位信息
【建议】" 格式违规点：未标注会议论文国际标识[C]，缺少标准论文集标注格式、举办地及承办单位信息
 → 位置0：📌 → " → 会议论文缺少会议举办地信息
2026-04-27 20:16:19,750 - INFO -   参考文献：【原文】📌 格式违规点：未标注会议论文国标标识[C]，缺少标准论文集标注格式、举办地及承办单位信息
【建议】" 格式违规点：未标注会议论文国际标识[C]，缺少标准论文集标注格式、举办地及承办单位信息
 → 位置0：📌 → " → 字段分隔使用全角逗号，建议使用半角逗号（英文逗号）
2026-04-27 20:16:19,750 - INFO -   位置8：📌 → "（置信度 0.998）
2026-04-27 20:16:19,750 - INFO -   参考文献：【原句】【原文】📌 格式违规点：未添加图书专著标识[M]，缺失出版地必填信息，无图书出版年份，核心字段残缺
【建议】" 格式违规点：未添加图书专著标识[M]，缺失出版地必填信息，无图书出版年份，核心字段残缺
 → 位置0：📌 → " → 缺少编号，应为 [n] 格式（如 [1]、[2]）
2026-04-27 20:16:19,750 - INFO -   参考文献：【原句】【原文】📌 格式违规点：未添加图书专著标识[M]，缺失出版地必填信息，无图书出版年份，核心字段残缺
【建议】" 格式违规点：未添加图书专著标识[M]，缺失出版地必填信息，无图书出版年份，核心字段残缺
 → 位置0：📌 → " → 作者与文献题名顺序颠倒，应改为：作者.标题[类型]
2026-04-27 20:16:19,750 - INFO -   参考文献：【原句】【原文】📌 格式违规点：未添加图书专著标识[M]，缺失出版地必填信息，无图书出版年份，核心字段残缺
【建议】" 格式违规点：未添加图书专著标识[M]，缺失出版地必填信息，无图书出版年份，核心字段残缺
 → 位置0：📌 → " → 专著缺少出版社信息（格式：出版地:出版社）
2026-04-27 20:16:19,750 - INFO -   参考文献：【原句】【原文】📌 格式违规点：未添加图书专著标识[M]，缺失出版地必填信息，无图书出版年份，核心字段残缺
【建议】" 格式违规点：未添加图书专著标识[M]，缺失出版地必填信息，无图书出版年份，核心字段残缺
 → 位置0：📌 → " → 专著缺少出版年份信息
2026-04-27 20:16:19,750 - INFO -   参考文献：【原句】【原文】📌 格式违规点：未添加图书专著标识[M]，缺失出版地必填信息，无图书出版年份，核心字段残缺
【建议】" 格式违规点：未添加图书专著标识[M]，缺失出版地必填信息，无图书出版年份，核心字段残缺
 → 位置0：📌 → " → 字段分隔使用全角逗号，建议使用半角逗号（英文逗号）
2026-04-27 20:16:19,750 - INFO -   位置9：📌 → "（置信度 0.996）
2026-04-27 20:16:19,753 - INFO -   参考文献：【修改后】【原文】📌 格式违规点：未添加图书专著标识[M]，缺失出版地必填信息，无图书出版年份，核心字段残缺
【建议】" 格式违规点：未添加图书专著标识[M]，缺失出版地必填信息，无图书出版年份，核心字段残缺
 → 位置0：📌 → " → 缺少编号，应为 [n] 格式（如 [1]、[2]）
2026-04-27 20:16:19,753 - INFO -   参考文献：【修改后】【原文】📌 格式违规点：未添加图书专著标识[M]，缺失出版地必填信息，无图书出版年份，核心字段残缺
【建议】" 格式违规点：未添加图书专著标识[M]，缺失出版地必填信息，无图书出版年份，核心字段残缺
 → 位置0：📌 → " → 作者与文献题名顺序颠倒，应改为：作者.标题[类型]
2026-04-27 20:16:19,753 - INFO -   参考文献：【修改后】【原文】📌 格式违规点：未添加图书专著标识[M]，缺失出版地必填信息，无图书出版年份，核心字段残缺
【建议】" 格式违规点：未添加图书专著标识[M]，缺失出版地必填信息，无图书出版年份，核心字段残缺
 → 位置0：📌 → " → 专著缺少出版社信息（格式：出版地:出版社）
2026-04-27 20:16:19,753 - INFO -   参考文献：【修改后】【原文】📌 格式违规点：未添加图书专著标识[M]，缺失出版地必填信息，无图书出版年份，核心字段残缺
【建议】" 格式违规点：未添加图书专著标识[M]，缺失出版地必填信息，无图书出版年份，核心字段残缺
 → 位置0：📌 → " → 专著缺少出版年份信息
2026-04-27 20:16:19,753 - INFO -   参考文献：【修改后】【原文】📌 格式违规点：未添加图书专著标识[M]，缺失出版地必填信息，无图书出版年份，核心字段残缺
【建议】" 格式违规点：未添加图书专著标识[M]，缺失出版地必填信息，无图书出版年份，核心字段残缺
 → 位置0：📌 → " → 字段分隔使用全角逗号，建议使用半角逗号（英文逗号）
2026-04-27 20:16:19,753 - INFO - ============================================================
2026-04-27 20:16:19,753 - INFO - 
🎉 检测完成！结果已保存到: d:\check_teset\output\articles_result.docx
2026-04-27 20:20:20,865 - INFO - 使用设备: cpu
2026-04-27 20:20:20,865 - INFO - [INFO] 加载模型中... (模式: dual)
2026-04-27 20:20:20,866 - INFO - [INFO] 加载双模型: macbert4mdcspell_v3 + pycorrector
2026-04-27 20:20:21,019 - INFO - [OK] 模型加载完成
2026-04-27 20:20:21,019 - INFO - 📄 读取文件: d:\check_teset\test_files\articles_error.docx
2026-04-27 20:20:21,027 - INFO - ✅ 读取成功，共 8 段
2026-04-27 20:20:21,027 - INFO - 📝 开始文本纠错...
2026-04-27 20:20:27,334 - INFO - ✅ 文本纠错完成，发现 2 个错别字
2026-04-27 20:20:27,334 - INFO - 🔍 开始语法检测...
2026-04-27 20:20:27,344 - INFO - ✅ 语法检测完成，发现 2 个语法问题，0 个语义问题
2026-04-27 20:20:27,344 - INFO - 📊 处理表格...
2026-04-27 20:20:27,345 - INFO - ✅ 表格处理完成
2026-04-27 20:20:27,345 - INFO - 🖼 处理文档内图片...
2026-04-27 20:20:27,346 - INFO - 📸 提取到 1 张图片
2026-04-27 20:20:27,347 - WARNING - Using CPU. Note: This module is much faster with a GPU.
2026-04-27 20:20:30,966 - INFO - ✅ 图片OCR处理完成
2026-04-27 20:20:30,966 - INFO - 🔢 检测图片编号...
2026-04-27 20:20:30,968 - INFO - ✅ 图片编号检测完成，发现 0 个问题
2026-04-27 20:20:30,968 - INFO - 📋 检测表格编号...
2026-04-27 20:20:30,968 - INFO - ✅ 表格编号检测完成，发现 0 个问题
2026-04-27 20:20:30,969 - INFO - 📚 检测参考文献...
2026-04-27 20:20:30,971 - INFO - 发现 6 条参考文献
2026-04-27 20:20:32,511 - INFO - ✅ 参考文献检测完成，发现 28 个问题
2026-04-27 20:20:32,511 - INFO - 💾 保存结果到: d:\check_teset\output\articles_result.docx
2026-04-27 20:20:32,516 - INFO - ✅ 文件保存成功
2026-04-27 20:20:32,516 - INFO - 
============================================================
2026-04-27 20:20:32,516 - INFO - 📊 智能检测报告
2026-04-27 20:20:32,518 - INFO - ============================================================
2026-04-27 20:20:32,518 - INFO - 错别字: 2
2026-04-27 20:20:32,518 - INFO - 参考文献错误: 28
2026-04-27 20:20:32,518 - INFO - 总错误: 30
2026-04-27 20:20:32,518 - INFO - 
📄 错误详情：
2026-04-27 20:20:32,518 - INFO -   位置37：( → （（置信度 0.999）
2026-04-27 20:20:32,518 - INFO -   位置36：( → （（置信度 0.999）
2026-04-27 20:20:32,518 - INFO -   参考文献：2、错误原文：文本纠错算法研究进展，李四，计算机科学 → 缺少文献类型标识（如[J]期刊、[M]专著、[D]学位论文、[R]报告、[N]报纸、[C]会议论文）
2026-04-27 20:20:32,518 - INFO -   参考文献：2、错误原文：文本纠错算法研究进展，李四，计算机科学 → 作者与文献题名顺序颠倒，应改为：作者.标题[类型]
2026-04-27 20:20:32,518 - INFO -   参考文献：2、错误原文：文本纠错算法研究进展，李四，计算机科学 → 作者后缺少句号分隔符（应为：作者.标题）
2026-04-27 20:20:32,518 - INFO -   参考文献：2、错误原文：文本纠错算法研究进展，李四，计算机科学 → 期刊文章缺少出版年份信息
2026-04-27 20:20:32,520 - INFO -   参考文献：2、错误原文：文本纠错算法研究进展，李四，计算机科学 → 字段分隔使用全角逗号，建议使用半角逗号（英文逗号）
2026-04-27 20:20:32,520 - INFO -   参考文献：3、错误原文：深度学习模型优化研究，王五，信息技术，2022 → 缺少文献类型标识（如[J]期刊、[M]专著、[D]学位论文、[R]报告、[N]报纸、[C]会议论文）
2026-04-27 20:20:32,520 - INFO -   参考文献：3、错误原文：深度学习模型优化研究，王五，信息技术，2022 → 作者与文献题名顺序颠倒，应改为：作者.标题[类型]
2026-04-27 20:20:32,520 - INFO -   参考文献：3、错误原文：深度学习模型优化研究，王五，信息技术，2022 → 作者后缺少句号分隔符（应为：作者.标题）
2026-04-27 20:20:32,522 - INFO -   参考文献：3、错误原文：深度学习模型优化研究，王五，信息技术，2022 → 字段分隔使用全角逗号，建议使用半角逗号（英文逗号）
2026-04-27 20:20:32,522 - INFO -   参考文献：4、错误原文：智能校对系统设计与实现，赵六，软件导刊，2021，30 → 缺少文献类型标识（如[J]期刊、[M]专著、[D]学位论文、[R]报告、[N]报纸、[C]会议论文）
2026-04-27 20:20:32,522 - INFO -   参考文献：4、错误原文：智能校对系统设计与实现，赵六，软件导刊，2021，30 → 作者与文献题名顺序颠倒，应改为：作者.标题[类型]
2026-04-27 20:20:32,522 - INFO -   参考文献：4、错误原文：智能校对系统设计与实现，赵六，软件导刊，2021，30 → 作者后缺少句号分隔符（应为：作者.标题）
2026-04-27 20:20:32,522 - INFO -   参考文献：4、错误原文：智能校对系统设计与实现，赵六，软件导刊，2021，30 → 期刊文章有卷号无期号，建议补充期号（格式：卷号(期号)）
2026-04-27 20:20:32,523 - INFO -   参考文献：4、错误原文：智能校对系统设计与实现，赵六，软件导刊，2021，30 → 字段分隔使用全角逗号，建议使用半角逗号（英文逗号）
2026-04-27 20:20:32,523 - INFO -   参考文献：6、错误原文：计算机视觉图表识别研究，孙八，电脑知识与技术，2023，10:20-25 → 缺少文献类型标识（如[J]期刊、[M]专著、[D]学位论文、[R]报告、[N]报纸、[C]会议论文）
2026-04-27 20:20:32,523 - INFO -   参考文献：6、错误原文：计算机视觉图表识别研究，孙八，电脑知识与技术，2023，10:20-25 → 作者与文献题名顺序颠倒，应改为：作者.标题[类型]
2026-04-27 20:20:32,523 - INFO -   参考文献：6、错误原文：计算机视觉图表识别研究，孙八，电脑知识与技术，2023，10:20-25 → 作者后缺少句号分隔符（应为：作者.标题）
2026-04-27 20:20:32,523 - INFO -   参考文献：6、错误原文：计算机视觉图表识别研究，孙八，电脑知识与技术，2023，10:20-25 → 字段分隔使用全角逗号，建议使用半角逗号（英文逗号）
2026-04-27 20:20:32,525 - INFO -   参考文献：7、错误原文：学术排版规范研究，周九，教育现代化 → 缺少文献类型标识（如[J]期刊、[M]专著、[D]学位论文、[R]报告、[N]报纸、[C]会议论文）
2026-04-27 20:20:32,525 - INFO -   参考文献：7、错误原文：学术排版规范研究，周九，教育现代化 → 作者与文献题名顺序颠倒，应改为：作者.标题[类型]
2026-04-27 20:20:32,526 - INFO -   参考文献：7、错误原文：学术排版规范研究，周九，教育现代化 → 作者后缺少句号分隔符（应为：作者.标题）
2026-04-27 20:20:32,526 - INFO -   参考文献：7、错误原文：学术排版规范研究，周九，教育现代化 → 期刊文章缺少出版年份信息
2026-04-27 20:20:32,526 - INFO -   参考文献：7、错误原文：学术排版规范研究，周九，教育现代化 → 字段分隔使用全角逗号，建议使用半角逗号（英文逗号）
2026-04-27 20:20:32,526 - INFO -   参考文献：1、错误原文：深度学习理论与实战，李四，北京机械工业出版社 → 缺少文献类型标识（如[J]期刊、[M]专著、[D]学位论文、[R]报告、[N]报纸、[C]会议论文）
2026-04-27 20:20:32,526 - INFO -   参考文献：1、错误原文：深度学习理论与实战，李四，北京机械工业出版社 → 作者与文献题名顺序颠倒，应改为：作者.标题[类型]
2026-04-27 20:20:32,526 - INFO -   参考文献：1、错误原文：深度学习理论与实战，李四，北京机械工业出版社 → 作者后缺少句号分隔符（应为：作者.标题）
2026-04-27 20:20:32,526 - INFO -   参考文献：1、错误原文：深度学习理论与实战，李四，北京机械工业出版社 → 专著缺少出版年份信息
2026-04-27 20:20:32,526 - INFO -   参考文献：1、错误原文：深度学习理论与实战，李四，北京机械工业出版社 → 字段分隔使用全角逗号，建议使用半角逗号（英文逗号）
2026-04-27 20:20:32,526 - INFO - ============================================================
2026-04-27 20:20:32,526 - INFO - 
🎉 检测完成！结果已保存到: d:\check_teset\output\articles_result.docx
2026-04-27 20:40:15,786 - INFO - 使用设备: cpu
2026-04-27 20:40:15,793 - INFO - [INFO] 加载模型中... (模式: dual)
2026-04-27 20:40:15,793 - INFO - [INFO] 加载双模型: macbert4mdcspell_v3 + pycorrector
2026-04-27 20:40:16,001 - INFO - [OK] 模型加载完成
2026-04-27 20:40:16,003 - INFO - 📄 读取文件: d:\check_teset\test_files\articles_error.docx
2026-04-27 20:40:16,021 - INFO - ✅ 读取成功，共 8 段
2026-04-27 20:40:16,021 - INFO - 📝 开始文本纠错...
2026-04-27 20:40:27,463 - INFO - ✅ 文本纠错完成，发现 2 个错别字
2026-04-27 20:40:27,466 - INFO - 🔍 开始语法检测...
2026-04-27 20:40:27,483 - INFO - ✅ 语法检测完成，发现 2 个语法问题，0 个语义问题
2026-04-27 20:40:27,483 - INFO - 📊 处理表格...
2026-04-27 20:40:27,484 - INFO - ✅ 表格处理完成
2026-04-27 20:40:27,484 - INFO - 🖼 处理文档内图片...
2026-04-27 20:40:27,487 - INFO - 📸 提取到 1 张图片
2026-04-27 20:40:27,490 - WARNING - Using CPU. Note: This module is much faster with a GPU.
2026-04-27 20:40:31,285 - INFO - ✅ 图片OCR处理完成
2026-04-27 20:40:31,285 - INFO - 🔢 检测图片编号...
2026-04-27 20:40:31,291 - INFO - ✅ 图片编号检测完成，发现 0 个问题
2026-04-27 20:40:31,293 - INFO - 📋 检测表格编号...
2026-04-27 20:40:31,293 - INFO - ✅ 表格编号检测完成，发现 0 个问题
2026-04-27 20:40:31,293 - INFO - 📚 检测参考文献...
2026-04-27 20:40:31,297 - INFO - 发现 6 条参考文献
2026-04-27 20:40:32,879 - INFO - ✅ 参考文献检测完成，发现 28 个问题
2026-04-27 20:40:32,879 - INFO - 💾 保存结果到: d:\check_teset\output\articles_result.docx
2026-04-27 20:40:32,889 - INFO - ✅ 文件保存成功
2026-04-27 20:40:32,894 - INFO - 
============================================================
2026-04-27 20:40:32,894 - INFO - 📊 智能检测报告
2026-04-27 20:40:32,894 - INFO - ============================================================
2026-04-27 20:40:32,894 - INFO - 错别字: 2
2026-04-27 20:40:32,894 - INFO - 参考文献错误: 28
2026-04-27 20:40:32,895 - INFO - 总错误: 30
2026-04-27 20:40:32,895 - INFO - 
📄 错误详情：
2026-04-27 20:40:32,895 - INFO -   位置37：( → （（置信度 0.999）
2026-04-27 20:40:32,895 - INFO -   位置36：( → （（置信度 0.999）
2026-04-27 20:40:32,895 - INFO -   参考文献：2、错误原文：文本纠错算法研究进展，李四，计算机科学 → 缺少文献类型标识（如[J]期刊、[M]专著、[D]学位论文、[R]报告、[N]报纸、[C]会议论文）
2026-04-27 20:40:32,896 - INFO -   参考文献：2、错误原文：文本纠错算法研究进展，李四，计算机科学 → 作者与文献题名顺序颠倒，应改为：作者.标题[类型]
2026-04-27 20:40:32,896 - INFO -   参考文献：2、错误原文：文本纠错算法研究进展，李四，计算机科学 → 作者后缺少句号分隔符（应为：作者.标题）
2026-04-27 20:40:32,896 - INFO -   参考文献：2、错误原文：文本纠错算法研究进展，李四，计算机科学 → 期刊文章缺少出版年份信息
2026-04-27 20:40:32,896 - INFO -   参考文献：2、错误原文：文本纠错算法研究进展，李四，计算机科学 → 字段分隔使用全角逗号，建议使用半角逗号（英文逗号）
2026-04-27 20:40:32,897 - INFO -   参考文献：3、错误原文：深度学习模型优化研究，王五，信息技术，2022 → 缺少文献类型标识（如[J]期刊、[M]专著、[D]学位论文、[R]报告、[N]报纸、[C]会议论文）
2026-04-27 20:40:32,897 - INFO -   参考文献：3、错误原文：深度学习模型优化研究，王五，信息技术，2022 → 作者与文献题名顺序颠倒，应改为：作者.标题[类型]
2026-04-27 20:40:32,897 - INFO -   参考文献：3、错误原文：深度学习模型优化研究，王五，信息技术，2022 → 作者后缺少句号分隔符（应为：作者.标题）
2026-04-27 20:40:32,897 - INFO -   参考文献：3、错误原文：深度学习模型优化研究，王五，信息技术，2022 → 字段分隔使用全角逗号，建议使用半角逗号（英文逗号）
2026-04-27 20:40:32,897 - INFO -   参考文献：4、错误原文：智能校对系统设计与实现，赵六，软件导刊，2021，30 → 缺少文献类型标识（如[J]期刊、[M]专著、[D]学位论文、[R]报告、[N]报纸、[C]会议论文）
2026-04-27 20:40:32,897 - INFO -   参考文献：4、错误原文：智能校对系统设计与实现，赵六，软件导刊，2021，30 → 作者与文献题名顺序颠倒，应改为：作者.标题[类型]
2026-04-27 20:40:32,897 - INFO -   参考文献：4、错误原文：智能校对系统设计与实现，赵六，软件导刊，2021，30 → 作者后缺少句号分隔符（应为：作者.标题）
2026-04-27 20:40:32,897 - INFO -   参考文献：4、错误原文：智能校对系统设计与实现，赵六，软件导刊，2021，30 → 期刊文章有卷号无期号，建议补充期号（格式：卷号(期号)）
2026-04-27 20:40:32,897 - INFO -   参考文献：4、错误原文：智能校对系统设计与实现，赵六，软件导刊，2021，30 → 字段分隔使用全角逗号，建议使用半角逗号（英文逗号）
2026-04-27 20:40:32,897 - INFO -   参考文献：6、错误原文：计算机视觉图表识别研究，孙八，电脑知识与技术，2023，10:20-25 → 缺少文献类型标识（如[J]期刊、[M]专著、[D]学位论文、[R]报告、[N]报纸、[C]会议论文）
2026-04-27 20:40:32,897 - INFO -   参考文献：6、错误原文：计算机视觉图表识别研究，孙八，电脑知识与技术，2023，10:20-25 → 作者与文献题名顺序颠倒，应改为：作者.标题[类型]
2026-04-27 20:40:32,897 - INFO -   参考文献：6、错误原文：计算机视觉图表识别研究，孙八，电脑知识与技术，2023，10:20-25 → 作者后缺少句号分隔符（应为：作者.标题）
2026-04-27 20:40:32,897 - INFO -   参考文献：6、错误原文：计算机视觉图表识别研究，孙八，电脑知识与技术，2023，10:20-25 → 字段分隔使用全角逗号，建议使用半角逗号（英文逗号）
2026-04-27 20:40:32,897 - INFO -   参考文献：7、错误原文：学术排版规范研究，周九，教育现代化 → 缺少文献类型标识（如[J]期刊、[M]专著、[D]学位论文、[R]报告、[N]报纸、[C]会议论文）
2026-04-27 20:40:32,897 - INFO -   参考文献：7、错误原文：学术排版规范研究，周九，教育现代化 → 作者与文献题名顺序颠倒，应改为：作者.标题[类型]
2026-04-27 20:40:32,899 - INFO -   参考文献：7、错误原文：学术排版规范研究，周九，教育现代化 → 作者后缺少句号分隔符（应为：作者.标题）
2026-04-27 20:40:32,899 - INFO -   参考文献：7、错误原文：学术排版规范研究，周九，教育现代化 → 期刊文章缺少出版年份信息
2026-04-27 20:40:32,899 - INFO -   参考文献：7、错误原文：学术排版规范研究，周九，教育现代化 → 字段分隔使用全角逗号，建议使用半角逗号（英文逗号）
2026-04-27 20:40:32,899 - INFO -   参考文献：1、错误原文：深度学习理论与实战，李四，北京机械工业出版社 → 缺少文献类型标识（如[J]期刊、[M]专著、[D]学位论文、[R]报告、[N]报纸、[C]会议论文）
2026-04-27 20:40:32,899 - INFO -   参考文献：1、错误原文：深度学习理论与实战，李四，北京机械工业出版社 → 作者与文献题名顺序颠倒，应改为：作者.标题[类型]
2026-04-27 20:40:32,899 - INFO -   参考文献：1、错误原文：深度学习理论与实战，李四，北京机械工业出版社 → 作者后缺少句号分隔符（应为：作者.标题）
2026-04-27 20:40:32,899 - INFO -   参考文献：1、错误原文：深度学习理论与实战，李四，北京机械工业出版社 → 专著缺少出版年份信息
2026-04-27 20:40:32,899 - INFO -   参考文献：1、错误原文：深度学习理论与实战，李四，北京机械工业出版社 → 字段分隔使用全角逗号，建议使用半角逗号（英文逗号）
2026-04-27 20:40:32,899 - INFO - ============================================================
2026-04-27 20:40:32,900 - INFO - 
🎉 检测完成！结果已保存到: d:\check_teset\output\articles_result.docx
